2026-06-29 22:08:38.242 +07:00 [INF] User profile is available. Using '/home/kieudangkimbao2000/.aspnet/DataProtection-Keys' as key repository; keys will not be encrypted at rest.
2026-06-29 22:08:38.453 +07:00 [WRN] The ASP.NET Core developer certificate is not trusted. For information about trusting the ASP.NET Core developer certificate, see https://aka.ms/aspnet/https-trust-dev-cert
2026-06-29 22:08:38.467 +07:00 [INF] Now listening on: https://localhost:7065
2026-06-29 22:08:38.467 +07:00 [INF] Now listening on: http://localhost:5059
2026-06-29 22:08:38.469 +07:00 [INF] Application started. Press Ctrl+C to shut down.
2026-06-29 22:08:38.469 +07:00 [INF] Hosting environment: Development
2026-06-29 22:08:38.469 +07:00 [INF] Content root path: /home/kieudangkimbao2000/WorkSpace/BlogApp/backend
2026-06-29 22:13:28.793 +07:00 [INF] Request starting HTTP/1.1 OPTIONS http://localhost:5059/api/blog/topfive - null null
2026-06-29 22:13:28.793 +07:00 [INF] Request starting HTTP/1.1 OPTIONS http://localhost:5059/api/authen/check-valid-token - null null
2026-06-29 22:13:28.793 +07:00 [INF] Request starting HTTP/1.1 OPTIONS http://localhost:5059/api/blog/fivelatest - null null
2026-06-29 22:13:28.793 +07:00 [INF] Request starting HTTP/1.1 OPTIONS http://localhost:5059/api/tags/topfive - null null
2026-06-29 22:13:28.793 +07:00 [INF] Request starting HTTP/1.1 OPTIONS http://localhost:5059/api/authen/check-valid-token - null null
2026-06-29 22:13:28.793 +07:00 [INF] Request starting HTTP/1.1 OPTIONS http://localhost:5059/api/tags - null null
2026-06-29 22:13:28.824 +07:00 [INF] CORS policy execution successful.
2026-06-29 22:13:28.824 +07:00 [INF] CORS policy execution successful.
2026-06-29 22:13:28.824 +07:00 [INF] CORS policy execution successful.
2026-06-29 22:13:28.824 +07:00 [INF] CORS policy execution successful.
2026-06-29 22:13:28.824 +07:00 [INF] CORS policy execution successful.
2026-06-29 22:13:28.824 +07:00 [INF] CORS policy execution successful.
2026-06-29 22:13:28.852 +07:00 [INF] Request finished HTTP/1.1 OPTIONS http://localhost:5059/api/tags - 204 null null 38.9772ms
2026-06-29 22:13:28.852 +07:00 [INF] Request finished HTTP/1.1 OPTIONS http://localhost:5059/api/authen/check-valid-token - 204 null null 59.4561ms
2026-06-29 22:13:28.852 +07:00 [INF] Request finished HTTP/1.1 OPTIONS http://localhost:5059/api/blog/topfive - 204 null null 38.9793ms
2026-06-29 22:13:28.852 +07:00 [INF] Request finished HTTP/1.1 OPTIONS http://localhost:5059/api/tags/topfive - 204 null null 59.4561ms
2026-06-29 22:13:28.852 +07:00 [INF] Request finished HTTP/1.1 OPTIONS http://localhost:5059/api/blog/fivelatest - 204 null null 38.9792ms
2026-06-29 22:13:28.852 +07:00 [INF] Request finished HTTP/1.1 OPTIONS http://localhost:5059/api/authen/check-valid-token - 204 null null 59.4575ms
2026-06-29 22:13:28.854 +07:00 [INF] Request starting HTTP/1.1 OPTIONS http://localhost:5059/api/blog/fivelatest - null null
2026-06-29 22:13:28.854 +07:00 [INF] Request starting HTTP/1.1 OPTIONS http://localhost:5059/api/authen/check-valid-token - null null
2026-06-29 22:13:28.854 +07:00 [INF] Request starting HTTP/1.1 OPTIONS http://localhost:5059/api/tags - null null
2026-06-29 22:13:28.854 +07:00 [INF] Request starting HTTP/1.1 OPTIONS http://localhost:5059/api/blog/topfive - null null
2026-06-29 22:13:28.854 +07:00 [INF] Request starting HTTP/1.1 OPTIONS http://localhost:5059/api/tags/topfive - null null
2026-06-29 22:13:28.854 +07:00 [INF] Request starting HTTP/1.1 OPTIONS http://localhost:5059/api/authen/check-valid-token - null null
2026-06-29 22:13:28.856 +07:00 [INF] CORS policy execution successful.
2026-06-29 22:13:28.856 +07:00 [INF] CORS policy execution successful.
2026-06-29 22:13:28.856 +07:00 [INF] CORS policy execution successful.
2026-06-29 22:13:28.856 +07:00 [INF] CORS policy execution successful.
2026-06-29 22:13:28.856 +07:00 [INF] Request finished HTTP/1.1 OPTIONS http://localhost:5059/api/blog/fivelatest - 204 null null 2.2542ms
2026-06-29 22:13:28.856 +07:00 [INF] CORS policy execution successful.
2026-06-29 22:13:28.856 +07:00 [INF] CORS policy execution successful.
2026-06-29 22:13:28.856 +07:00 [INF] Request finished HTTP/1.1 OPTIONS http://localhost:5059/api/blog/topfive - 204 null null 2.2421ms
2026-06-29 22:13:28.856 +07:00 [INF] Request finished HTTP/1.1 OPTIONS http://localhost:5059/api/authen/check-valid-token - 204 null null 1.9898ms
2026-06-29 22:13:28.856 +07:00 [INF] Request finished HTTP/1.1 OPTIONS http://localhost:5059/api/tags/topfive - 204 null null 2.3675ms
2026-06-29 22:13:28.857 +07:00 [INF] Request finished HTTP/1.1 OPTIONS http://localhost:5059/api/tags - 204 null null 2.7527ms
2026-06-29 22:13:28.857 +07:00 [INF] Request finished HTTP/1.1 OPTIONS http://localhost:5059/api/authen/check-valid-token - 204 null null 2.8031ms
2026-06-29 22:13:28.860 +07:00 [INF] Request starting HTTP/1.1 GET http://localhost:5059/api/authen/check-valid-token - null null
2026-06-29 22:13:28.860 +07:00 [INF] Request starting HTTP/1.1 GET http://localhost:5059/api/blog/fivelatest - null null
2026-06-29 22:13:28.860 +07:00 [INF] Request starting HTTP/1.1 GET http://localhost:5059/api/tags - null null
2026-06-29 22:13:28.860 +07:00 [INF] Request starting HTTP/1.1 GET http://localhost:5059/api/tags/topfive - null null
2026-06-29 22:13:28.860 +07:00 [INF] Request starting HTTP/1.1 GET http://localhost:5059/api/blog/topfive - null null
2026-06-29 22:13:28.860 +07:00 [INF] CORS policy execution successful.
2026-06-29 22:13:28.860 +07:00 [INF] CORS policy execution successful.
2026-06-29 22:13:28.860 +07:00 [INF] CORS policy execution successful.
2026-06-29 22:13:28.860 +07:00 [INF] CORS policy execution successful.
2026-06-29 22:13:28.860 +07:00 [INF] CORS policy execution successful.
2026-06-29 22:13:28.935 +07:00 [INF] Failed to validate the token.
Microsoft.IdentityModel.Tokens.SecurityTokenExpiredException: IDX10223: Lifetime validation failed. The token is expired. ValidTo (UTC): '6/28/2026 5:03:52 PM', Current time (UTC): '6/29/2026 3:13:28 PM'.
   at Microsoft.IdentityModel.Tokens.ValidatorUtilities.ValidateLifetime(Nullable`1 notBefore, Nullable`1 expires, SecurityToken securityToken, TokenValidationParameters validationParameters)
   at Microsoft.IdentityModel.Tokens.Validators.ValidateLifetime(Nullable`1 notBefore, Nullable`1 expires, SecurityToken securityToken, TokenValidationParameters validationParameters)
   at Microsoft.IdentityModel.JsonWebTokens.JsonWebTokenHandler.ValidateTokenPayloadAsync(JsonWebToken jsonWebToken, TokenValidationParameters validationParameters, BaseConfiguration configuration)
   at Microsoft.IdentityModel.JsonWebTokens.JsonWebTokenHandler.ValidateJWSAsync(JsonWebToken jsonWebToken, TokenValidationParameters validationParameters, BaseConfiguration configuration)
2026-06-29 22:13:28.935 +07:00 [INF] Failed to validate the token.
Microsoft.IdentityModel.Tokens.SecurityTokenExpiredException: IDX10223: Lifetime validation failed. The token is expired. ValidTo (UTC): '6/28/2026 5:03:52 PM', Current time (UTC): '6/29/2026 3:13:28 PM'.
   at Microsoft.IdentityModel.Tokens.ValidatorUtilities.ValidateLifetime(Nullable`1 notBefore, Nullable`1 expires, SecurityToken securityToken, TokenValidationParameters validationParameters)
   at Microsoft.IdentityModel.Tokens.Validators.ValidateLifetime(Nullable`1 notBefore, Nullable`1 expires, SecurityToken securityToken, TokenValidationParameters validationParameters)
   at Microsoft.IdentityModel.JsonWebTokens.JsonWebTokenHandler.ValidateTokenPayloadAsync(JsonWebToken jsonWebToken, TokenValidationParameters validationParameters, BaseConfiguration configuration)
   at Microsoft.IdentityModel.JsonWebTokens.JsonWebTokenHandler.ValidateJWSAsync(JsonWebToken jsonWebToken, TokenValidationParameters validationParameters, BaseConfiguration configuration)
2026-06-29 22:13:28.935 +07:00 [INF] Failed to validate the token.
Microsoft.IdentityModel.Tokens.SecurityTokenExpiredException: IDX10223: Lifetime validation failed. The token is expired. ValidTo (UTC): '6/28/2026 5:03:52 PM', Current time (UTC): '6/29/2026 3:13:28 PM'.
   at Microsoft.IdentityModel.Tokens.ValidatorUtilities.ValidateLifetime(Nullable`1 notBefore, Nullable`1 expires, SecurityToken securityToken, TokenValidationParameters validationParameters)
   at Microsoft.IdentityModel.Tokens.Validators.ValidateLifetime(Nullable`1 notBefore, Nullable`1 expires, SecurityToken securityToken, TokenValidationParameters validationParameters)
   at Microsoft.IdentityModel.JsonWebTokens.JsonWebTokenHandler.ValidateTokenPayloadAsync(JsonWebToken jsonWebToken, TokenValidationParameters validationParameters, BaseConfiguration configuration)
   at Microsoft.IdentityModel.JsonWebTokens.JsonWebTokenHandler.ValidateJWSAsync(JsonWebToken jsonWebToken, TokenValidationParameters validationParameters, BaseConfiguration configuration)
2026-06-29 22:13:28.935 +07:00 [INF] Failed to validate the token.
Microsoft.IdentityModel.Tokens.SecurityTokenExpiredException: IDX10223: Lifetime validation failed. The token is expired. ValidTo (UTC): '6/28/2026 5:03:52 PM', Current time (UTC): '6/29/2026 3:13:28 PM'.
   at Microsoft.IdentityModel.Tokens.ValidatorUtilities.ValidateLifetime(Nullable`1 notBefore, Nullable`1 expires, SecurityToken securityToken, TokenValidationParameters validationParameters)
   at Microsoft.IdentityModel.Tokens.Validators.ValidateLifetime(Nullable`1 notBefore, Nullable`1 expires, SecurityToken securityToken, TokenValidationParameters validationParameters)
   at Microsoft.IdentityModel.JsonWebTokens.JsonWebTokenHandler.ValidateTokenPayloadAsync(JsonWebToken jsonWebToken, TokenValidationParameters validationParameters, BaseConfiguration configuration)
   at Microsoft.IdentityModel.JsonWebTokens.JsonWebTokenHandler.ValidateJWSAsync(JsonWebToken jsonWebToken, TokenValidationParameters validationParameters, BaseConfiguration configuration)
2026-06-29 22:13:28.935 +07:00 [INF] Failed to validate the token.
Microsoft.IdentityModel.Tokens.SecurityTokenExpiredException: IDX10223: Lifetime validation failed. The token is expired. ValidTo (UTC): '6/28/2026 5:03:52 PM', Current time (UTC): '6/29/2026 3:13:28 PM'.
   at Microsoft.IdentityModel.Tokens.ValidatorUtilities.ValidateLifetime(Nullable`1 notBefore, Nullable`1 expires, SecurityToken securityToken, TokenValidationParameters validationParameters)
   at Microsoft.IdentityModel.Tokens.Validators.ValidateLifetime(Nullable`1 notBefore, Nullable`1 expires, SecurityToken securityToken, TokenValidationParameters validationParameters)
   at Microsoft.IdentityModel.JsonWebTokens.JsonWebTokenHandler.ValidateTokenPayloadAsync(JsonWebToken jsonWebToken, TokenValidationParameters validationParameters, BaseConfiguration configuration)
   at Microsoft.IdentityModel.JsonWebTokens.JsonWebTokenHandler.ValidateJWSAsync(JsonWebToken jsonWebToken, TokenValidationParameters validationParameters, BaseConfiguration configuration)
2026-06-29 22:13:28.942 +07:00 [INF] Bearer was not authenticated. Failure message: IDX10223: Lifetime validation failed. The token is expired. ValidTo (UTC): '6/28/2026 5:03:52 PM', Current time (UTC): '6/29/2026 3:13:28 PM'.
2026-06-29 22:13:28.942 +07:00 [INF] Bearer was not authenticated. Failure message: IDX10223: Lifetime validation failed. The token is expired. ValidTo (UTC): '6/28/2026 5:03:52 PM', Current time (UTC): '6/29/2026 3:13:28 PM'.
2026-06-29 22:13:28.942 +07:00 [INF] Bearer was not authenticated. Failure message: IDX10223: Lifetime validation failed. The token is expired. ValidTo (UTC): '6/28/2026 5:03:52 PM', Current time (UTC): '6/29/2026 3:13:28 PM'.
2026-06-29 22:13:28.942 +07:00 [INF] Bearer was not authenticated. Failure message: IDX10223: Lifetime validation failed. The token is expired. ValidTo (UTC): '6/28/2026 5:03:52 PM', Current time (UTC): '6/29/2026 3:13:28 PM'.
2026-06-29 22:13:28.942 +07:00 [INF] Bearer was not authenticated. Failure message: IDX10223: Lifetime validation failed. The token is expired. ValidTo (UTC): '6/28/2026 5:03:52 PM', Current time (UTC): '6/29/2026 3:13:28 PM'.
2026-06-29 22:13:28.946 +07:00 [INF] Executing endpoint 'BlogApp.Controllers.BlogController.Get5LatestBlogs (BlogApp)'
2026-06-29 22:13:28.946 +07:00 [INF] Executing endpoint 'BlogApp.Controllers.TagController.GetTop5Tags (BlogApp)'
2026-06-29 22:13:28.946 +07:00 [INF] Executing endpoint 'BlogApp.Controllers.BlogController.GetTop5Blogs (BlogApp)'
2026-06-29 22:13:28.946 +07:00 [INF] Executing endpoint 'BlogApp.Controllers.TagController.GetAllTags (BlogApp)'
2026-06-29 22:13:28.947 +07:00 [INF] Authorization failed. These requirements were not met:
DenyAnonymousAuthorizationRequirement: Requires an authenticated user.
2026-06-29 22:13:28.952 +07:00 [INF] AuthenticationScheme: Bearer was challenged.
2026-06-29 22:13:28.953 +07:00 [INF] HTTP GET /api/authen/check-valid-token responded 401 in 90.7657 ms
2026-06-29 22:13:28.955 +07:00 [INF] Request finished HTTP/1.1 GET http://localhost:5059/api/authen/check-valid-token - 401 0 null 95.0784ms
2026-06-29 22:13:28.956 +07:00 [INF] Request starting HTTP/1.1 GET http://localhost:5059/api/authen/check-valid-token - null null
2026-06-29 22:13:28.956 +07:00 [INF] CORS policy execution successful.
2026-06-29 22:13:28.957 +07:00 [INF] Route matched with {action = "GetAllTags", controller = "Tag"}. Executing controller action with signature Microsoft.AspNetCore.Mvc.ActionResult`1[BlogApp.DTOs.TagListRespDTO] GetAllTags() on controller BlogApp.Controllers.TagController (BlogApp).
2026-06-29 22:13:28.957 +07:00 [INF] Route matched with {action = "GetTop5Tags", controller = "Tag"}. Executing controller action with signature Microsoft.AspNetCore.Mvc.ActionResult GetTop5Tags() on controller BlogApp.Controllers.TagController (BlogApp).
2026-06-29 22:13:28.957 +07:00 [INF] Route matched with {action = "GetTop5Blogs", controller = "Blog"}. Executing controller action with signature Microsoft.AspNetCore.Mvc.ActionResult GetTop5Blogs() on controller BlogApp.Controllers.BlogController (BlogApp).
2026-06-29 22:13:28.957 +07:00 [INF] Route matched with {action = "Get5LatestBlogs", controller = "Blog"}. Executing controller action with signature Microsoft.AspNetCore.Mvc.ActionResult Get5LatestBlogs() on controller BlogApp.Controllers.BlogController (BlogApp).
2026-06-29 22:13:28.958 +07:00 [INF] Failed to validate the token.
Microsoft.IdentityModel.Tokens.SecurityTokenExpiredException: IDX10223: Lifetime validation failed. The token is expired. ValidTo (UTC): '6/28/2026 5:03:52 PM', Current time (UTC): '6/29/2026 3:13:28 PM'.
   at Microsoft.IdentityModel.Tokens.ValidatorUtilities.ValidateLifetime(Nullable`1 notBefore, Nullable`1 expires, SecurityToken securityToken, TokenValidationParameters validationParameters)
   at Microsoft.IdentityModel.Tokens.Validators.ValidateLifetime(Nullable`1 notBefore, Nullable`1 expires, SecurityToken securityToken, TokenValidationParameters validationParameters)
   at Microsoft.IdentityModel.JsonWebTokens.JsonWebTokenHandler.ValidateTokenPayloadAsync(JsonWebToken jsonWebToken, TokenValidationParameters validationParameters, BaseConfiguration configuration)
   at Microsoft.IdentityModel.JsonWebTokens.JsonWebTokenHandler.ValidateJWSAsync(JsonWebToken jsonWebToken, TokenValidationParameters validationParameters, BaseConfiguration configuration)
2026-06-29 22:13:28.959 +07:00 [INF] Bearer was not authenticated. Failure message: IDX10223: Lifetime validation failed. The token is expired. ValidTo (UTC): '6/28/2026 5:03:52 PM', Current time (UTC): '6/29/2026 3:13:28 PM'.
2026-06-29 22:13:28.960 +07:00 [INF] Authorization failed. These requirements were not met:
DenyAnonymousAuthorizationRequirement: Requires an authenticated user.
2026-06-29 22:13:28.960 +07:00 [INF] AuthenticationScheme: Bearer was challenged.
2026-06-29 22:13:28.961 +07:00 [INF] HTTP GET /api/authen/check-valid-token responded 401 in 4.6907 ms
2026-06-29 22:13:28.961 +07:00 [INF] Request finished HTTP/1.1 GET http://localhost:5059/api/authen/check-valid-token - 401 0 null 5.2978ms
2026-06-29 22:13:28.962 +07:00 [INF] Request starting HTTP/1.1 GET http://localhost:5059/api/authen/check-valid-token - null null
2026-06-29 22:13:28.962 +07:00 [INF] CORS policy execution successful.
2026-06-29 22:13:28.962 +07:00 [INF] Failed to validate the token.
Microsoft.IdentityModel.Tokens.SecurityTokenExpiredException: IDX10223: Lifetime validation failed. The token is expired. ValidTo (UTC): '6/28/2026 5:03:52 PM', Current time (UTC): '6/29/2026 3:13:28 PM'.
   at Microsoft.IdentityModel.Tokens.ValidatorUtilities.ValidateLifetime(Nullable`1 notBefore, Nullable`1 expires, SecurityToken securityToken, TokenValidationParameters validationParameters)
   at Microsoft.IdentityModel.Tokens.Validators.ValidateLifetime(Nullable`1 notBefore, Nullable`1 expires, SecurityToken securityToken, TokenValidationParameters validationParameters)
   at Microsoft.IdentityModel.JsonWebTokens.JsonWebTokenHandler.ValidateTokenPayloadAsync(JsonWebToken jsonWebToken, TokenValidationParameters validationParameters, BaseConfiguration configuration)
   at Microsoft.IdentityModel.JsonWebTokens.JsonWebTokenHandler.ValidateJWSAsync(JsonWebToken jsonWebToken, TokenValidationParameters validationParameters, BaseConfiguration configuration)
2026-06-29 22:13:28.963 +07:00 [INF] Bearer was not authenticated. Failure message: IDX10223: Lifetime validation failed. The token is expired. ValidTo (UTC): '6/28/2026 5:03:52 PM', Current time (UTC): '6/29/2026 3:13:28 PM'.
2026-06-29 22:13:28.963 +07:00 [INF] Authorization failed. These requirements were not met:
DenyAnonymousAuthorizationRequirement: Requires an authenticated user.
2026-06-29 22:13:28.963 +07:00 [INF] AuthenticationScheme: Bearer was challenged.
2026-06-29 22:13:28.964 +07:00 [INF] HTTP GET /api/authen/check-valid-token responded 401 in 1.6265 ms
2026-06-29 22:13:28.964 +07:00 [INF] Request finished HTTP/1.1 GET http://localhost:5059/api/authen/check-valid-token - 401 0 null 2.2199ms
2026-06-29 22:13:28.965 +07:00 [INF] Request starting HTTP/1.1 GET http://localhost:5059/api/authen/check-valid-token - null null
2026-06-29 22:13:28.965 +07:00 [INF] CORS policy execution successful.
2026-06-29 22:13:28.966 +07:00 [INF] Failed to validate the token.
Microsoft.IdentityModel.Tokens.SecurityTokenExpiredException: IDX10223: Lifetime validation failed. The token is expired. ValidTo (UTC): '6/28/2026 5:03:52 PM', Current time (UTC): '6/29/2026 3:13:28 PM'.
   at Microsoft.IdentityModel.Tokens.ValidatorUtilities.ValidateLifetime(Nullable`1 notBefore, Nullable`1 expires, SecurityToken securityToken, TokenValidationParameters validationParameters)
   at Microsoft.IdentityModel.Tokens.Validators.ValidateLifetime(Nullable`1 notBefore, Nullable`1 expires, SecurityToken securityToken, TokenValidationParameters validationParameters)
   at Microsoft.IdentityModel.JsonWebTokens.JsonWebTokenHandler.ValidateTokenPayloadAsync(JsonWebToken jsonWebToken, TokenValidationParameters validationParameters, BaseConfiguration configuration)
   at Microsoft.IdentityModel.JsonWebTokens.JsonWebTokenHandler.ValidateJWSAsync(JsonWebToken jsonWebToken, TokenValidationParameters validationParameters, BaseConfiguration configuration)
2026-06-29 22:13:28.966 +07:00 [INF] Bearer was not authenticated. Failure message: IDX10223: Lifetime validation failed. The token is expired. ValidTo (UTC): '6/28/2026 5:03:52 PM', Current time (UTC): '6/29/2026 3:13:28 PM'.
2026-06-29 22:13:28.967 +07:00 [INF] Authorization failed. These requirements were not met:
DenyAnonymousAuthorizationRequirement: Requires an authenticated user.
2026-06-29 22:13:28.967 +07:00 [INF] AuthenticationScheme: Bearer was challenged.
2026-06-29 22:13:28.967 +07:00 [INF] HTTP GET /api/authen/check-valid-token responded 401 in 1.7007 ms
2026-06-29 22:13:28.967 +07:00 [INF] Request finished HTTP/1.1 GET http://localhost:5059/api/authen/check-valid-token - 401 0 null 2.5263ms
2026-06-29 22:13:28.982 +07:00 [INF] Request starting HTTP/1.1 GET http://localhost:5059/api/tags/topfive - null null
2026-06-29 22:13:28.982 +07:00 [INF] Request starting HTTP/1.1 GET http://localhost:5059/api/tags - null null
2026-06-29 22:13:28.983 +07:00 [INF] CORS policy execution successful.
2026-06-29 22:13:28.983 +07:00 [INF] CORS policy execution successful.
2026-06-29 22:13:28.983 +07:00 [INF] Failed to validate the token.
Microsoft.IdentityModel.Tokens.SecurityTokenExpiredException: IDX10223: Lifetime validation failed. The token is expired. ValidTo (UTC): '6/28/2026 5:03:52 PM', Current time (UTC): '6/29/2026 3:13:28 PM'.
   at Microsoft.IdentityModel.Tokens.ValidatorUtilities.ValidateLifetime(Nullable`1 notBefore, Nullable`1 expires, SecurityToken securityToken, TokenValidationParameters validationParameters)
   at Microsoft.IdentityModel.Tokens.Validators.ValidateLifetime(Nullable`1 notBefore, Nullable`1 expires, SecurityToken securityToken, TokenValidationParameters validationParameters)
   at Microsoft.IdentityModel.JsonWebTokens.JsonWebTokenHandler.ValidateTokenPayloadAsync(JsonWebToken jsonWebToken, TokenValidationParameters validationParameters, BaseConfiguration configuration)
   at Microsoft.IdentityModel.JsonWebTokens.JsonWebTokenHandler.ValidateJWSAsync(JsonWebToken jsonWebToken, TokenValidationParameters validationParameters, BaseConfiguration configuration)
2026-06-29 22:13:28.983 +07:00 [INF] Failed to validate the token.
Microsoft.IdentityModel.Tokens.SecurityTokenExpiredException: IDX10223: Lifetime validation failed. The token is expired. ValidTo (UTC): '6/28/2026 5:03:52 PM', Current time (UTC): '6/29/2026 3:13:28 PM'.
   at Microsoft.IdentityModel.Tokens.ValidatorUtilities.ValidateLifetime(Nullable`1 notBefore, Nullable`1 expires, SecurityToken securityToken, TokenValidationParameters validationParameters)
   at Microsoft.IdentityModel.Tokens.Validators.ValidateLifetime(Nullable`1 notBefore, Nullable`1 expires, SecurityToken securityToken, TokenValidationParameters validationParameters)
   at Microsoft.IdentityModel.JsonWebTokens.JsonWebTokenHandler.ValidateTokenPayloadAsync(JsonWebToken jsonWebToken, TokenValidationParameters validationParameters, BaseConfiguration configuration)
   at Microsoft.IdentityModel.JsonWebTokens.JsonWebTokenHandler.ValidateJWSAsync(JsonWebToken jsonWebToken, TokenValidationParameters validationParameters, BaseConfiguration configuration)
2026-06-29 22:13:28.984 +07:00 [INF] Bearer was not authenticated. Failure message: IDX10223: Lifetime validation failed. The token is expired. ValidTo (UTC): '6/28/2026 5:03:52 PM', Current time (UTC): '6/29/2026 3:13:28 PM'.
2026-06-29 22:13:28.984 +07:00 [INF] Bearer was not authenticated. Failure message: IDX10223: Lifetime validation failed. The token is expired. ValidTo (UTC): '6/28/2026 5:03:52 PM', Current time (UTC): '6/29/2026 3:13:28 PM'.
2026-06-29 22:13:28.985 +07:00 [INF] Executing endpoint 'BlogApp.Controllers.TagController.GetTop5Tags (BlogApp)'
2026-06-29 22:13:28.985 +07:00 [INF] Executing endpoint 'BlogApp.Controllers.TagController.GetAllTags (BlogApp)'
2026-06-29 22:13:28.985 +07:00 [INF] Route matched with {action = "GetTop5Tags", controller = "Tag"}. Executing controller action with signature Microsoft.AspNetCore.Mvc.ActionResult GetTop5Tags() on controller BlogApp.Controllers.TagController (BlogApp).
2026-06-29 22:13:28.985 +07:00 [INF] Route matched with {action = "GetAllTags", controller = "Tag"}. Executing controller action with signature Microsoft.AspNetCore.Mvc.ActionResult`1[BlogApp.DTOs.TagListRespDTO] GetAllTags() on controller BlogApp.Controllers.TagController (BlogApp).
2026-06-29 22:13:29.802 +07:00 [INF] Executed DbCommand (17ms) [Parameters=[], CommandType='"Text"', CommandTimeout='30']

            SELECT tag AS Name, COUNT(*) AS blog_count
            FROM "Blogs", UNNEST("Tags") AS tag
            GROUP BY tag
            ORDER BY blog_count DESC
            LIMIT 5
2026-06-29 22:13:29.802 +07:00 [INF] Executed DbCommand (17ms) [Parameters=[], CommandType='"Text"', CommandTimeout='30']

            SELECT tag AS Name, COUNT(*) AS blog_count
            FROM "Blogs", UNNEST("Tags") AS tag
            GROUP BY tag
            ORDER BY blog_count DESC
            LIMIT 5
2026-06-29 22:13:29.802 +07:00 [INF] Executed DbCommand (17ms) [Parameters=[], CommandType='"Text"', CommandTimeout='30']
SELECT t."Name", t."CreatedAt", t."Description", t."UpdatedAt"
FROM "Tags" AS t
ORDER BY t."Name" DESC
2026-06-29 22:13:29.802 +07:00 [INF] Executed DbCommand (17ms) [Parameters=[], CommandType='"Text"', CommandTimeout='30']
SELECT t."Name", t."CreatedAt", t."Description", t."UpdatedAt"
FROM "Tags" AS t
ORDER BY t."Name" DESC
2026-06-29 22:13:29.802 +07:00 [INF] Executed DbCommand (17ms) [Parameters=[], CommandType='"Text"', CommandTimeout='30']
SELECT b."Id", b."AmountOfAccesses", b."AuthorId", b."Content", b."CoverImage", b."CreatedAt", b."PublishedAt", b."State", b."Tags", b."Title", b."UpdatedAt"
FROM "Blogs" AS b
ORDER BY b."CreatedAt" DESC
2026-06-29 22:13:29.802 +07:00 [INF] Executed DbCommand (17ms) [Parameters=[], CommandType='"Text"', CommandTimeout='30']
SELECT b."Id", b."AmountOfAccesses", b."AuthorId", b."Content", b."CoverImage", b."CreatedAt", b."PublishedAt", b."State", b."Tags", b."Title", b."UpdatedAt"
FROM "Blogs" AS b
ORDER BY b."CreatedAt" DESC
2026-06-29 22:13:29.853 +07:00 [INF] Executing OkObjectResult, writing value of type 'BlogApp.DTOs.TagListRespDTO'.
2026-06-29 22:13:29.853 +07:00 [INF] Executing OkObjectResult, writing value of type 'BlogApp.DTOs.TagListRespDTO'.
2026-06-29 22:13:29.877 +07:00 [INF] Executing OkObjectResult, writing value of type 'BlogApp.DTOs.TagListRespDTO'.
2026-06-29 22:13:29.877 +07:00 [INF] Executing OkObjectResult, writing value of type 'BlogApp.DTOs.TagListRespDTO'.
2026-06-29 22:13:29.881 +07:00 [INF] Executed action BlogApp.Controllers.TagController.GetAllTags (BlogApp) in 920.4825ms
2026-06-29 22:13:29.881 +07:00 [INF] Executed action BlogApp.Controllers.TagController.GetTop5Tags (BlogApp) in 893.2549ms
2026-06-29 22:13:29.881 +07:00 [INF] Executed endpoint 'BlogApp.Controllers.TagController.GetAllTags (BlogApp)'
2026-06-29 22:13:29.881 +07:00 [INF] Executed action BlogApp.Controllers.TagController.GetTop5Tags (BlogApp) in 920.4514ms
2026-06-29 22:13:29.881 +07:00 [INF] Executed action BlogApp.Controllers.TagController.GetAllTags (BlogApp) in 893.1598ms
2026-06-29 22:13:29.881 +07:00 [INF] Executed endpoint 'BlogApp.Controllers.TagController.GetTop5Tags (BlogApp)'
2026-06-29 22:13:29.881 +07:00 [INF] HTTP GET /api/tags responded 200 in 1019.6954 ms
2026-06-29 22:13:29.881 +07:00 [INF] Executed endpoint 'BlogApp.Controllers.TagController.GetTop5Tags (BlogApp)'
2026-06-29 22:13:29.881 +07:00 [INF] Executed endpoint 'BlogApp.Controllers.TagController.GetAllTags (BlogApp)'
2026-06-29 22:13:29.881 +07:00 [INF] HTTP GET /api/tags/topfive responded 200 in 898.4271 ms
2026-06-29 22:13:29.882 +07:00 [INF] HTTP GET /api/tags/topfive responded 200 in 1020.2153 ms
2026-06-29 22:13:29.882 +07:00 [INF] HTTP GET /api/tags responded 200 in 898.8461 ms
2026-06-29 22:13:29.888 +07:00 [INF] Request finished HTTP/1.1 GET http://localhost:5059/api/tags - 499 null application/json; charset=utf-8 1028.5181ms
2026-06-29 22:13:29.888 +07:00 [INF] Request finished HTTP/1.1 GET http://localhost:5059/api/tags - 499 null application/json; charset=utf-8 905.7276ms
2026-06-29 22:13:29.888 +07:00 [INF] Request finished HTTP/1.1 GET http://localhost:5059/api/tags/topfive - 499 null application/json; charset=utf-8 906.3338ms
2026-06-29 22:13:29.888 +07:00 [INF] Request finished HTTP/1.1 GET http://localhost:5059/api/tags/topfive - 499 null application/json; charset=utf-8 1028.5142ms
2026-06-29 22:13:29.934 +07:00 [INF] Executing OkObjectResult, writing value of type 'BlogApp.DTOs.BlogListRespDTO'.
2026-06-29 22:13:29.934 +07:00 [INF] Executing OkObjectResult, writing value of type 'BlogApp.DTOs.BlogListRespDTO'.
2026-06-29 22:13:29.941 +07:00 [INF] Executed action BlogApp.Controllers.BlogController.GetTop5Blogs (BlogApp) in 983.427ms
2026-06-29 22:13:29.941 +07:00 [INF] Executed action BlogApp.Controllers.BlogController.Get5LatestBlogs (BlogApp) in 983.2736ms
2026-06-29 22:13:29.942 +07:00 [INF] Executed endpoint 'BlogApp.Controllers.BlogController.GetTop5Blogs (BlogApp)'
2026-06-29 22:13:29.942 +07:00 [INF] Executed endpoint 'BlogApp.Controllers.BlogController.Get5LatestBlogs (BlogApp)'
2026-06-29 22:13:29.942 +07:00 [INF] HTTP GET /api/blog/topfive responded 200 in 1080.4199 ms
2026-06-29 22:13:29.942 +07:00 [INF] HTTP GET /api/blog/fivelatest responded 200 in 1080.4971 ms
2026-06-29 22:13:29.942 +07:00 [INF] Request finished HTTP/1.1 GET http://localhost:5059/api/blog/fivelatest - 499 null application/json; charset=utf-8 1082.5572ms
2026-06-29 22:13:29.942 +07:00 [INF] Request finished HTTP/1.1 GET http://localhost:5059/api/blog/topfive - 499 null application/json; charset=utf-8 1082.5398ms
2026-06-29 22:13:41.602 +07:00 [INF] Request starting HTTP/1.1 OPTIONS http://localhost:5059/api/authen/login - null null
2026-06-29 22:13:41.604 +07:00 [INF] CORS policy execution successful.
2026-06-29 22:13:41.605 +07:00 [INF] Request finished HTTP/1.1 OPTIONS http://localhost:5059/api/authen/login - 204 null null 2.4608ms
2026-06-29 22:13:41.606 +07:00 [INF] Request starting HTTP/1.1 POST http://localhost:5059/api/authen/login - multipart/form-data; boundary=----WebKitFormBoundary7mv9Cvyj76A5Ayec 246
2026-06-29 22:13:41.607 +07:00 [INF] CORS policy execution successful.
2026-06-29 22:13:41.607 +07:00 [INF] Failed to validate the token.
Microsoft.IdentityModel.Tokens.SecurityTokenMalformedException: IDX14100: JWT is not well formed, there are no dots (.).
The token needs to be in JWS or JWE Compact Serialization Format. (JWS): 'EncodedHeader.EncodedPayload.EncodedSignature'. (JWE): 'EncodedProtectedHeader.EncodedEncryptedKey.EncodedInitializationVector.EncodedCiphertext.EncodedAuthenticationTag'.
   at Microsoft.IdentityModel.JsonWebTokens.JsonWebToken.ReadToken(ReadOnlyMemory`1 encodedTokenMemory)
   at Microsoft.IdentityModel.JsonWebTokens.JsonWebToken..ctor(String jwtEncodedString)
   at Microsoft.IdentityModel.JsonWebTokens.JsonWebTokenHandler.ReadToken(String token, TokenValidationParameters validationParameters)
2026-06-29 22:13:41.608 +07:00 [INF] Bearer was not authenticated. Failure message: IDX14100: JWT is not well formed, there are no dots (.).
The token needs to be in JWS or JWE Compact Serialization Format. (JWS): 'EncodedHeader.EncodedPayload.EncodedSignature'. (JWE): 'EncodedProtectedHeader.EncodedEncryptedKey.EncodedInitializationVector.EncodedCiphertext.EncodedAuthenticationTag'.
2026-06-29 22:13:41.608 +07:00 [INF] Executing endpoint 'BlogApp.Controllers.AuthenController.LoginUser (BlogApp)'
2026-06-29 22:13:41.616 +07:00 [INF] Route matched with {action = "LoginUser", controller = "Authen"}. Executing controller action with signature Microsoft.AspNetCore.Mvc.ActionResult`1[BlogApp.DTOs.LoginRespDTO] LoginUser(BlogApp.DTOs.LoginDTO) on controller BlogApp.Controllers.AuthenController (BlogApp).
2026-06-29 22:13:41.737 +07:00 [INF] Executed DbCommand (10ms) [Parameters=[@username='?'], CommandType='"Text"', CommandTimeout='30']
SELECT a."Username", a."Address", a."Avatar", a."CreatedAt", a."Description", a."Email", a."FullName", a."Functions", a."OtherContact", a."Password", a."Phone", a."Role", a."State", a."UpdatedAt"
FROM "Accounts" AS a
WHERE a."Username" = @username
LIMIT 1
2026-06-29 22:13:42.020 +07:00 [INF] Executing OkObjectResult, writing value of type 'BlogApp.DTOs.LoginRespDTO'.
2026-06-29 22:13:42.023 +07:00 [INF] Executed action BlogApp.Controllers.AuthenController.LoginUser (BlogApp) in 406.6306ms
2026-06-29 22:13:42.023 +07:00 [INF] Executed endpoint 'BlogApp.Controllers.AuthenController.LoginUser (BlogApp)'
2026-06-29 22:13:42.023 +07:00 [INF] HTTP POST /api/authen/login responded 200 in 416.3476 ms
2026-06-29 22:13:42.023 +07:00 [INF] Request finished HTTP/1.1 POST http://localhost:5059/api/authen/login - 200 null application/json; charset=utf-8 417.0219ms
2026-06-29 22:13:44.658 +07:00 [INF] Request starting HTTP/1.1 OPTIONS http://localhost:5059/api/blog/search - null null
2026-06-29 22:13:44.658 +07:00 [INF] Request starting HTTP/1.1 OPTIONS http://localhost:5059/api/authen/check-valid-token - null null
2026-06-29 22:13:44.658 +07:00 [INF] CORS policy execution successful.
2026-06-29 22:13:44.658 +07:00 [INF] CORS policy execution successful.
2026-06-29 22:13:44.658 +07:00 [INF] Request finished HTTP/1.1 OPTIONS http://localhost:5059/api/blog/search - 204 null null 0.5869ms
2026-06-29 22:13:44.658 +07:00 [INF] Request finished HTTP/1.1 OPTIONS http://localhost:5059/api/authen/check-valid-token - 204 null null 0.3676ms
2026-06-29 22:13:44.660 +07:00 [INF] Request starting HTTP/1.1 POST http://localhost:5059/api/blog/search - multipart/form-data; boundary=----WebKitFormBoundaryZYdfJEwl4RN6t6Lv 426
2026-06-29 22:13:44.660 +07:00 [INF] Request starting HTTP/1.1 OPTIONS http://localhost:5059/api/blog/fivelatest - null null
2026-06-29 22:13:44.660 +07:00 [INF] CORS policy execution successful.
2026-06-29 22:13:44.660 +07:00 [INF] Request starting HTTP/1.1 OPTIONS http://localhost:5059/api/tags/topfive - null null
2026-06-29 22:13:44.660 +07:00 [INF] CORS policy execution successful.
2026-06-29 22:13:44.660 +07:00 [INF] CORS policy execution successful.
2026-06-29 22:13:44.661 +07:00 [INF] Request starting HTTP/1.1 OPTIONS http://localhost:5059/api/blog/topfive - null null
2026-06-29 22:13:44.661 +07:00 [INF] Request finished HTTP/1.1 OPTIONS http://localhost:5059/api/blog/fivelatest - 204 null null 0.3797ms
2026-06-29 22:13:44.661 +07:00 [INF] Request finished HTTP/1.1 OPTIONS http://localhost:5059/api/tags/topfive - 204 null null 0.2535ms
2026-06-29 22:13:44.661 +07:00 [INF] CORS policy execution successful.
2026-06-29 22:13:44.661 +07:00 [INF] Request starting HTTP/1.1 POST http://localhost:5059/api/blog/search - multipart/form-data; boundary=----WebKitFormBoundarykm6IV9YkD4r7XteS 426
2026-06-29 22:13:44.661 +07:00 [INF] Request finished HTTP/1.1 OPTIONS http://localhost:5059/api/blog/topfive - 204 null null 0.4856ms
2026-06-29 22:13:44.661 +07:00 [INF] Request starting HTTP/1.1 GET http://localhost:5059/api/authen/check-valid-token - null null
2026-06-29 22:13:44.661 +07:00 [INF] CORS policy execution successful.
2026-06-29 22:13:44.661 +07:00 [INF] CORS policy execution successful.
2026-06-29 22:13:44.662 +07:00 [INF] Request starting HTTP/1.1 OPTIONS http://localhost:5059/api/tags/topfive - null null
2026-06-29 22:13:44.662 +07:00 [INF] Request starting HTTP/1.1 OPTIONS http://localhost:5059/api/blog/fivelatest - null null
2026-06-29 22:13:44.662 +07:00 [INF] Request starting HTTP/1.1 OPTIONS http://localhost:5059/api/blog/topfive - null null
2026-06-29 22:13:44.662 +07:00 [INF] CORS policy execution successful.
2026-06-29 22:13:44.662 +07:00 [INF] CORS policy execution successful.
2026-06-29 22:13:44.662 +07:00 [INF] CORS policy execution successful.
2026-06-29 22:13:44.662 +07:00 [INF] Request finished HTTP/1.1 OPTIONS http://localhost:5059/api/tags/topfive - 204 null null 0.4397ms
2026-06-29 22:13:44.662 +07:00 [INF] Request finished HTTP/1.1 OPTIONS http://localhost:5059/api/blog/fivelatest - 204 null null 0.442ms
2026-06-29 22:13:44.662 +07:00 [INF] Request finished HTTP/1.1 OPTIONS http://localhost:5059/api/blog/topfive - 204 null null 0.4676ms
2026-06-29 22:13:44.663 +07:00 [INF] Request starting HTTP/1.1 GET http://localhost:5059/api/tags/topfive - null null
2026-06-29 22:13:44.663 +07:00 [INF] Request starting HTTP/1.1 GET http://localhost:5059/api/blog/fivelatest - null null
2026-06-29 22:13:44.663 +07:00 [INF] Request starting HTTP/1.1 GET http://localhost:5059/api/blog/topfive - null null
2026-06-29 22:13:44.663 +07:00 [INF] CORS policy execution successful.
2026-06-29 22:13:44.664 +07:00 [INF] CORS policy execution successful.
2026-06-29 22:13:44.664 +07:00 [INF] CORS policy execution successful.
2026-06-29 22:13:44.670 +07:00 [INF] Executing endpoint 'BlogApp.Controllers.BlogController.GetTop5Blogs (BlogApp)'
2026-06-29 22:13:44.670 +07:00 [INF] Executing endpoint 'BlogApp.Controllers.BlogController.SearchBlogs (BlogApp)'
2026-06-29 22:13:44.670 +07:00 [INF] Executing endpoint 'BlogApp.Controllers.TagController.GetTop5Tags (BlogApp)'
2026-06-29 22:13:44.670 +07:00 [INF] Executing endpoint 'BlogApp.Controllers.BlogController.Get5LatestBlogs (BlogApp)'
2026-06-29 22:13:44.670 +07:00 [INF] Executing endpoint 'BlogApp.Controllers.BlogController.SearchBlogs (BlogApp)'
2026-06-29 22:13:44.670 +07:00 [INF] Route matched with {action = "GetTop5Blogs", controller = "Blog"}. Executing controller action with signature Microsoft.AspNetCore.Mvc.ActionResult GetTop5Blogs() on controller BlogApp.Controllers.BlogController (BlogApp).
2026-06-29 22:13:44.670 +07:00 [INF] Executing endpoint 'BlogApp.Controllers.AuthenController.CheckValidToken (BlogApp)'
2026-06-29 22:13:44.670 +07:00 [INF] Route matched with {action = "GetTop5Tags", controller = "Tag"}. Executing controller action with signature Microsoft.AspNetCore.Mvc.ActionResult GetTop5Tags() on controller BlogApp.Controllers.TagController (BlogApp).
2026-06-29 22:13:44.671 +07:00 [INF] Route matched with {action = "Get5LatestBlogs", controller = "Blog"}. Executing controller action with signature Microsoft.AspNetCore.Mvc.ActionResult Get5LatestBlogs() on controller BlogApp.Controllers.BlogController (BlogApp).
2026-06-29 22:13:44.672 +07:00 [INF] Route matched with {action = "CheckValidToken", controller = "Authen"}. Executing controller action with signature Microsoft.AspNetCore.Mvc.ActionResult`1[BlogApp.DTOs.ResponseBaseDTO] CheckValidToken() on controller BlogApp.Controllers.AuthenController (BlogApp).
2026-06-29 22:13:44.672 +07:00 [INF] Executing OkObjectResult, writing value of type 'BlogApp.DTOs.ResponseBaseDTO'.
2026-06-29 22:13:44.674 +07:00 [INF] Executed action BlogApp.Controllers.AuthenController.CheckValidToken (BlogApp) in 2.3605ms
2026-06-29 22:13:44.674 +07:00 [INF] Executed endpoint 'BlogApp.Controllers.AuthenController.CheckValidToken (BlogApp)'
2026-06-29 22:13:44.674 +07:00 [INF] Route matched with {action = "SearchBlogs", controller = "Blog"}. Executing controller action with signature Microsoft.AspNetCore.Mvc.ActionResult SearchBlogs(BlogApp.DTOs.SearchBlogReqDTO) on controller BlogApp.Controllers.BlogController (BlogApp).
2026-06-29 22:13:44.674 +07:00 [INF] Route matched with {action = "SearchBlogs", controller = "Blog"}. Executing controller action with signature Microsoft.AspNetCore.Mvc.ActionResult SearchBlogs(BlogApp.DTOs.SearchBlogReqDTO) on controller BlogApp.Controllers.BlogController (BlogApp).
2026-06-29 22:13:44.674 +07:00 [INF] HTTP GET /api/authen/check-valid-token responded 200 in 13.0517 ms
2026-06-29 22:13:44.675 +07:00 [INF] Request finished HTTP/1.1 GET http://localhost:5059/api/authen/check-valid-token - 200 null application/json; charset=utf-8 13.8151ms
2026-06-29 22:13:44.675 +07:00 [INF] Request starting HTTP/1.1 GET http://localhost:5059/api/authen/check-valid-token - null null
2026-06-29 22:13:44.676 +07:00 [INF] CORS policy execution successful.
2026-06-29 22:13:44.676 +07:00 [INF] Executing endpoint 'BlogApp.Controllers.AuthenController.CheckValidToken (BlogApp)'
2026-06-29 22:13:44.676 +07:00 [INF] Executed DbCommand (2ms) [Parameters=[], CommandType='"Text"', CommandTimeout='30']
SELECT b."Id", b."AmountOfAccesses", b."AuthorId", b."Content", b."CoverImage", b."CreatedAt", b."PublishedAt", b."State", b."Tags", b."Title", b."UpdatedAt"
FROM "Blogs" AS b
ORDER BY b."CreatedAt" DESC
2026-06-29 22:13:44.676 +07:00 [INF] Route matched with {action = "CheckValidToken", controller = "Authen"}. Executing controller action with signature Microsoft.AspNetCore.Mvc.ActionResult`1[BlogApp.DTOs.ResponseBaseDTO] CheckValidToken() on controller BlogApp.Controllers.AuthenController (BlogApp).
2026-06-29 22:13:44.676 +07:00 [INF] Executed DbCommand (2ms) [Parameters=[], CommandType='"Text"', CommandTimeout='30']
SELECT b."Id", b."AmountOfAccesses", b."AuthorId", b."Content", b."CoverImage", b."CreatedAt", b."PublishedAt", b."State", b."Tags", b."Title", b."UpdatedAt"
FROM "Blogs" AS b
ORDER BY b."CreatedAt" DESC
2026-06-29 22:13:44.677 +07:00 [INF] Executing OkObjectResult, writing value of type 'BlogApp.DTOs.BlogListRespDTO'.
2026-06-29 22:13:44.677 +07:00 [INF] Executing OkObjectResult, writing value of type 'BlogApp.DTOs.BlogListRespDTO'.
2026-06-29 22:13:44.677 +07:00 [INF] Executed action BlogApp.Controllers.BlogController.Get5LatestBlogs (BlogApp) in 6.5642ms
2026-06-29 22:13:44.677 +07:00 [INF] Executed action BlogApp.Controllers.BlogController.GetTop5Blogs (BlogApp) in 6.7888ms
2026-06-29 22:13:44.678 +07:00 [INF] Executed endpoint 'BlogApp.Controllers.BlogController.Get5LatestBlogs (BlogApp)'
2026-06-29 22:13:44.678 +07:00 [INF] Executed endpoint 'BlogApp.Controllers.BlogController.GetTop5Blogs (BlogApp)'
2026-06-29 22:13:44.678 +07:00 [INF] HTTP GET /api/blog/fivelatest responded 200 in 13.9257 ms
2026-06-29 22:13:44.678 +07:00 [INF] HTTP GET /api/blog/topfive responded 200 in 13.9248 ms
2026-06-29 22:13:44.678 +07:00 [INF] Request finished HTTP/1.1 GET http://localhost:5059/api/blog/fivelatest - 200 null application/json; charset=utf-8 14.4042ms
2026-06-29 22:13:44.678 +07:00 [INF] Request finished HTTP/1.1 GET http://localhost:5059/api/blog/topfive - 200 null application/json; charset=utf-8 14.3824ms
2026-06-29 22:13:44.678 +07:00 [INF] Executing OkObjectResult, writing value of type 'BlogApp.DTOs.ResponseBaseDTO'.
2026-06-29 22:13:44.678 +07:00 [INF] Executed action BlogApp.Controllers.AuthenController.CheckValidToken (BlogApp) in 1.7883ms
2026-06-29 22:13:44.678 +07:00 [INF] Executed endpoint 'BlogApp.Controllers.AuthenController.CheckValidToken (BlogApp)'
2026-06-29 22:13:44.678 +07:00 [INF] HTTP GET /api/authen/check-valid-token responded 200 in 2.6645 ms
2026-06-29 22:13:44.679 +07:00 [INF] Request finished HTTP/1.1 GET http://localhost:5059/api/authen/check-valid-token - 200 null application/json; charset=utf-8 3.1205ms
2026-06-29 22:13:44.679 +07:00 [INF] Request starting HTTP/1.1 GET http://localhost:5059/api/blog/topfive - null null
2026-06-29 22:13:44.679 +07:00 [INF] Request starting HTTP/1.1 GET http://localhost:5059/api/blog/fivelatest - null null
2026-06-29 22:13:44.679 +07:00 [INF] CORS policy execution successful.
2026-06-29 22:13:44.680 +07:00 [INF] CORS policy execution successful.
2026-06-29 22:13:44.680 +07:00 [INF] Executing endpoint 'BlogApp.Controllers.BlogController.GetTop5Blogs (BlogApp)'
2026-06-29 22:13:44.680 +07:00 [INF] Executing endpoint 'BlogApp.Controllers.BlogController.Get5LatestBlogs (BlogApp)'
2026-06-29 22:13:44.680 +07:00 [INF] Route matched with {action = "GetTop5Blogs", controller = "Blog"}. Executing controller action with signature Microsoft.AspNetCore.Mvc.ActionResult GetTop5Blogs() on controller BlogApp.Controllers.BlogController (BlogApp).
2026-06-29 22:13:44.680 +07:00 [INF] Route matched with {action = "Get5LatestBlogs", controller = "Blog"}. Executing controller action with signature Microsoft.AspNetCore.Mvc.ActionResult Get5LatestBlogs() on controller BlogApp.Controllers.BlogController (BlogApp).
2026-06-29 22:13:44.682 +07:00 [INF] Executed DbCommand (1ms) [Parameters=[], CommandType='"Text"', CommandTimeout='30']
SELECT b."Id", b."AmountOfAccesses", b."AuthorId", b."Content", b."CoverImage", b."CreatedAt", b."PublishedAt", b."State", b."Tags", b."Title", b."UpdatedAt"
FROM "Blogs" AS b
ORDER BY b."CreatedAt" DESC
2026-06-29 22:13:44.683 +07:00 [INF] Executed DbCommand (1ms) [Parameters=[], CommandType='"Text"', CommandTimeout='30']
SELECT b."Id", b."AmountOfAccesses", b."AuthorId", b."Content", b."CoverImage", b."CreatedAt", b."PublishedAt", b."State", b."Tags", b."Title", b."UpdatedAt"
FROM "Blogs" AS b
ORDER BY b."CreatedAt" DESC
2026-06-29 22:13:44.683 +07:00 [INF] Executing OkObjectResult, writing value of type 'BlogApp.DTOs.BlogListRespDTO'.
2026-06-29 22:13:44.683 +07:00 [INF] Executing OkObjectResult, writing value of type 'BlogApp.DTOs.BlogListRespDTO'.
2026-06-29 22:13:44.683 +07:00 [INF] Executed action BlogApp.Controllers.BlogController.Get5LatestBlogs (BlogApp) in 3.3323ms
2026-06-29 22:13:44.683 +07:00 [INF] Executed action BlogApp.Controllers.BlogController.GetTop5Blogs (BlogApp) in 3.3895ms
2026-06-29 22:13:44.684 +07:00 [INF] Executed endpoint 'BlogApp.Controllers.BlogController.Get5LatestBlogs (BlogApp)'
2026-06-29 22:13:44.684 +07:00 [INF] Executed endpoint 'BlogApp.Controllers.BlogController.GetTop5Blogs (BlogApp)'
2026-06-29 22:13:44.684 +07:00 [INF] HTTP GET /api/blog/fivelatest responded 200 in 4.0329 ms
2026-06-29 22:13:44.684 +07:00 [INF] HTTP GET /api/blog/topfive responded 200 in 4.1458 ms
2026-06-29 22:13:44.684 +07:00 [INF] Request finished HTTP/1.1 GET http://localhost:5059/api/blog/fivelatest - 200 null application/json; charset=utf-8 4.5464ms
2026-06-29 22:13:44.684 +07:00 [INF] Request finished HTTP/1.1 GET http://localhost:5059/api/blog/topfive - 200 null application/json; charset=utf-8 4.6056ms
2026-06-29 22:13:44.688 +07:00 [INF] Executed DbCommand (2ms) [Parameters=[], CommandType='"Text"', CommandTimeout='30']

            SELECT tag AS Name, COUNT(*) AS blog_count
            FROM "Blogs", UNNEST("Tags") AS tag
            GROUP BY tag
            ORDER BY blog_count DESC
            LIMIT 5
2026-06-29 22:13:44.688 +07:00 [INF] Executing OkObjectResult, writing value of type 'BlogApp.DTOs.TagListRespDTO'.
2026-06-29 22:13:44.689 +07:00 [INF] Executed action BlogApp.Controllers.TagController.GetTop5Tags (BlogApp) in 17.9377ms
2026-06-29 22:13:44.689 +07:00 [INF] Executed endpoint 'BlogApp.Controllers.TagController.GetTop5Tags (BlogApp)'
2026-06-29 22:13:44.689 +07:00 [INF] HTTP GET /api/tags/topfive responded 200 in 25.1630 ms
2026-06-29 22:13:44.689 +07:00 [INF] Request finished HTTP/1.1 GET http://localhost:5059/api/tags/topfive - 200 null application/json; charset=utf-8 25.6316ms
2026-06-29 22:13:44.690 +07:00 [INF] Request starting HTTP/1.1 GET http://localhost:5059/api/tags/topfive - null null
2026-06-29 22:13:44.690 +07:00 [INF] CORS policy execution successful.
2026-06-29 22:13:44.691 +07:00 [INF] Executing endpoint 'BlogApp.Controllers.TagController.GetTop5Tags (BlogApp)'
2026-06-29 22:13:44.691 +07:00 [INF] Route matched with {action = "GetTop5Tags", controller = "Tag"}. Executing controller action with signature Microsoft.AspNetCore.Mvc.ActionResult GetTop5Tags() on controller BlogApp.Controllers.TagController (BlogApp).
2026-06-29 22:13:44.693 +07:00 [INF] Executed DbCommand (1ms) [Parameters=[], CommandType='"Text"', CommandTimeout='30']

            SELECT tag AS Name, COUNT(*) AS blog_count
            FROM "Blogs", UNNEST("Tags") AS tag
            GROUP BY tag
            ORDER BY blog_count DESC
            LIMIT 5
2026-06-29 22:13:44.693 +07:00 [INF] Executing OkObjectResult, writing value of type 'BlogApp.DTOs.TagListRespDTO'.
2026-06-29 22:13:44.694 +07:00 [INF] Executed action BlogApp.Controllers.TagController.GetTop5Tags (BlogApp) in 2.628ms
2026-06-29 22:13:44.694 +07:00 [INF] Executed endpoint 'BlogApp.Controllers.TagController.GetTop5Tags (BlogApp)'
2026-06-29 22:13:44.694 +07:00 [INF] HTTP GET /api/tags/topfive responded 200 in 3.4542 ms
2026-06-29 22:13:44.694 +07:00 [INF] Request finished HTTP/1.1 GET http://localhost:5059/api/tags/topfive - 200 null application/json; charset=utf-8 4.0525ms
2026-06-29 22:13:44.746 +07:00 [INF] Executed DbCommand (1ms) [Parameters=[], CommandType='"Text"', CommandTimeout='30']
SELECT count(*)::int
FROM "Blogs" AS b
WHERE FALSE
2026-06-29 22:13:44.746 +07:00 [INF] Executed DbCommand (1ms) [Parameters=[], CommandType='"Text"', CommandTimeout='30']
SELECT count(*)::int
FROM "Blogs" AS b
WHERE FALSE
2026-06-29 22:13:44.809 +07:00 [INF] Executed DbCommand (2ms) [Parameters=[@p3='?' (DbType = Int32), @p='?' (DbType = Int32)], CommandType='"Text"', CommandTimeout='30']
SELECT b0."Id", b0."AmountOfAccesses", b0."AuthorId", b0."Content", b0."CoverImage", b0."CreatedAt", b0."PublishedAt", b0."State", b0."Tags", b0."Title", b0."UpdatedAt", a."Username", a."Address", a."Avatar", a."CreatedAt", a."Description", a."Email", a."FullName", a."Functions", a."OtherContact", a."Password", a."Phone", a."Role", a."State", a."UpdatedAt"
FROM (
    SELECT b."Id", b."AmountOfAccesses", b."AuthorId", b."Content", b."CoverImage", b."CreatedAt", b."PublishedAt", b."State", b."Tags", b."Title", b."UpdatedAt"
    FROM "Blogs" AS b
    WHERE FALSE
    ORDER BY b."PublishedAt" DESC
    LIMIT @p3 OFFSET @p
) AS b0
INNER JOIN "Accounts" AS a ON b0."AuthorId" = a."Username"
ORDER BY b0."PublishedAt" DESC
2026-06-29 22:13:44.809 +07:00 [INF] Executed DbCommand (2ms) [Parameters=[@p3='?' (DbType = Int32), @p='?' (DbType = Int32)], CommandType='"Text"', CommandTimeout='30']
SELECT b0."Id", b0."AmountOfAccesses", b0."AuthorId", b0."Content", b0."CoverImage", b0."CreatedAt", b0."PublishedAt", b0."State", b0."Tags", b0."Title", b0."UpdatedAt", a."Username", a."Address", a."Avatar", a."CreatedAt", a."Description", a."Email", a."FullName", a."Functions", a."OtherContact", a."Password", a."Phone", a."Role", a."State", a."UpdatedAt"
FROM (
    SELECT b."Id", b."AmountOfAccesses", b."AuthorId", b."Content", b."CoverImage", b."CreatedAt", b."PublishedAt", b."State", b."Tags", b."Title", b."UpdatedAt"
    FROM "Blogs" AS b
    WHERE FALSE
    ORDER BY b."PublishedAt" DESC
    LIMIT @p3 OFFSET @p
) AS b0
INNER JOIN "Accounts" AS a ON b0."AuthorId" = a."Username"
ORDER BY b0."PublishedAt" DESC
2026-06-29 22:13:47.925 +07:00 [INF] Executing OkObjectResult, writing value of type 'BlogApp.DTOs.BlogPageRespDTO'.
2026-06-29 22:13:47.925 +07:00 [INF] Executing OkObjectResult, writing value of type 'BlogApp.DTOs.BlogPageRespDTO'.
2026-06-29 22:13:47.931 +07:00 [INF] Executed action BlogApp.Controllers.BlogController.SearchBlogs (BlogApp) in 3256.8636ms
2026-06-29 22:13:47.931 +07:00 [INF] Executed action BlogApp.Controllers.BlogController.SearchBlogs (BlogApp) in 3256.7775ms
2026-06-29 22:13:47.932 +07:00 [INF] Executed endpoint 'BlogApp.Controllers.BlogController.SearchBlogs (BlogApp)'
2026-06-29 22:13:47.932 +07:00 [INF] Executed endpoint 'BlogApp.Controllers.BlogController.SearchBlogs (BlogApp)'
2026-06-29 22:13:47.932 +07:00 [INF] HTTP POST /api/blog/search responded 200 in 3271.4857 ms
2026-06-29 22:13:47.932 +07:00 [INF] HTTP POST /api/blog/search responded 200 in 3270.4717 ms
2026-06-29 22:13:47.932 +07:00 [INF] Request finished HTTP/1.1 POST http://localhost:5059/api/blog/search - 200 null application/json; charset=utf-8 3271.1528ms
2026-06-29 22:13:47.932 +07:00 [INF] Request finished HTTP/1.1 POST http://localhost:5059/api/blog/search - 200 null application/json; charset=utf-8 3272.1632ms
2026-06-29 22:15:02.768 +07:00 [INF] Request starting HTTP/1.1 OPTIONS http://localhost:5059/api/blog/search - null null
2026-06-29 22:15:02.768 +07:00 [INF] CORS policy execution successful.
2026-06-29 22:15:02.769 +07:00 [INF] Request finished HTTP/1.1 OPTIONS http://localhost:5059/api/blog/search - 204 null null 0.8834ms
2026-06-29 22:15:02.770 +07:00 [INF] Request starting HTTP/1.1 POST http://localhost:5059/api/blog/search - multipart/form-data; boundary=----WebKitFormBoundary5UWgIwe7PANhPol6 426
2026-06-29 22:15:02.770 +07:00 [INF] CORS policy execution successful.
2026-06-29 22:15:02.771 +07:00 [INF] Executing endpoint 'BlogApp.Controllers.BlogController.SearchBlogs (BlogApp)'
2026-06-29 22:15:02.771 +07:00 [INF] Route matched with {action = "SearchBlogs", controller = "Blog"}. Executing controller action with signature Microsoft.AspNetCore.Mvc.ActionResult SearchBlogs(BlogApp.DTOs.SearchBlogReqDTO) on controller BlogApp.Controllers.BlogController (BlogApp).
2026-06-29 22:15:14.017 +07:00 [INF] Executed DbCommand (1ms) [Parameters=[], CommandType='"Text"', CommandTimeout='30']
SELECT count(*)::int
FROM "Blogs" AS b
WHERE FALSE
2026-06-29 22:15:14.019 +07:00 [INF] Executed DbCommand (1ms) [Parameters=[@p3='?' (DbType = Int32), @p='?' (DbType = Int32)], CommandType='"Text"', CommandTimeout='30']
SELECT b0."Id", b0."AmountOfAccesses", b0."AuthorId", b0."Content", b0."CoverImage", b0."CreatedAt", b0."PublishedAt", b0."State", b0."Tags", b0."Title", b0."UpdatedAt", a."Username", a."Address", a."Avatar", a."CreatedAt", a."Description", a."Email", a."FullName", a."Functions", a."OtherContact", a."Password", a."Phone", a."Role", a."State", a."UpdatedAt"
FROM (
    SELECT b."Id", b."AmountOfAccesses", b."AuthorId", b."Content", b."CoverImage", b."CreatedAt", b."PublishedAt", b."State", b."Tags", b."Title", b."UpdatedAt"
    FROM "Blogs" AS b
    WHERE FALSE
    ORDER BY b."PublishedAt" DESC
    LIMIT @p3 OFFSET @p
) AS b0
INNER JOIN "Accounts" AS a ON b0."AuthorId" = a."Username"
ORDER BY b0."PublishedAt" DESC
2026-06-29 22:15:22.714 +07:00 [INF] Executing OkObjectResult, writing value of type 'BlogApp.DTOs.BlogPageRespDTO'.
2026-06-29 22:15:22.715 +07:00 [INF] Executed action BlogApp.Controllers.BlogController.SearchBlogs (BlogApp) in 19943.895ms
2026-06-29 22:15:22.715 +07:00 [INF] Executed endpoint 'BlogApp.Controllers.BlogController.SearchBlogs (BlogApp)'
2026-06-29 22:15:22.715 +07:00 [INF] HTTP POST /api/blog/search responded 200 in 19944.8349 ms
2026-06-29 22:15:22.715 +07:00 [INF] Request finished HTTP/1.1 POST http://localhost:5059/api/blog/search - 200 null application/json; charset=utf-8 19945.3745ms
2026-06-29 22:15:46.150 +07:00 [INF] User profile is available. Using '/home/kieudangkimbao2000/.aspnet/DataProtection-Keys' as key repository; keys will not be encrypted at rest.
2026-06-29 22:15:46.364 +07:00 [WRN] The ASP.NET Core developer certificate is not trusted. For information about trusting the ASP.NET Core developer certificate, see https://aka.ms/aspnet/https-trust-dev-cert
2026-06-29 22:15:46.378 +07:00 [INF] Now listening on: https://localhost:7065
2026-06-29 22:15:46.379 +07:00 [INF] Now listening on: http://localhost:5059
2026-06-29 22:15:46.380 +07:00 [INF] Application started. Press Ctrl+C to shut down.
2026-06-29 22:15:46.380 +07:00 [INF] Hosting environment: Development
2026-06-29 22:15:46.381 +07:00 [INF] Content root path: /home/kieudangkimbao2000/WorkSpace/BlogApp/backend
2026-06-29 22:17:14.230 +07:00 [INF] Request starting HTTP/1.1 OPTIONS http://localhost:5059/api/blog/search - null null
2026-06-29 22:17:14.257 +07:00 [INF] CORS policy execution successful.
2026-06-29 22:17:14.263 +07:00 [INF] Request finished HTTP/1.1 OPTIONS http://localhost:5059/api/blog/search - 204 null null 34.0609ms
2026-06-29 22:17:14.266 +07:00 [INF] Request starting HTTP/1.1 POST http://localhost:5059/api/blog/search - multipart/form-data; boundary=----WebKitFormBoundaryEVZqmyhEMY5vmXnt 426
2026-06-29 22:17:14.268 +07:00 [INF] CORS policy execution successful.
2026-06-29 22:17:14.340 +07:00 [INF] Executing endpoint 'BlogApp.Controllers.BlogController.SearchBlogs (BlogApp)'
2026-06-29 22:17:14.356 +07:00 [INF] Route matched with {action = "SearchBlogs", controller = "Blog"}. Executing controller action with signature Microsoft.AspNetCore.Mvc.ActionResult SearchBlogs(BlogApp.DTOs.SearchBlogReqDTO) on controller BlogApp.Controllers.BlogController (BlogApp).
2026-06-29 22:17:14.472 +07:00 [INF] Executing BadRequestObjectResult, writing value of type 'Microsoft.AspNetCore.Mvc.ValidationProblemDetails'.
2026-06-29 22:17:14.500 +07:00 [INF] Executed action BlogApp.Controllers.BlogController.SearchBlogs (BlogApp) in 140.6206ms
2026-06-29 22:17:14.500 +07:00 [INF] Executed endpoint 'BlogApp.Controllers.BlogController.SearchBlogs (BlogApp)'
2026-06-29 22:17:14.502 +07:00 [INF] HTTP POST /api/blog/search responded 400 in 230.8692 ms
2026-06-29 22:17:14.504 +07:00 [INF] Request finished HTTP/1.1 POST http://localhost:5059/api/blog/search - 400 null application/problem+json; charset=utf-8 238.3874ms
2026-06-29 22:17:49.159 +07:00 [INF] Request starting HTTP/1.1 OPTIONS http://localhost:5059/api/blog/search - null null
2026-06-29 22:17:49.161 +07:00 [INF] CORS policy execution successful.
2026-06-29 22:17:49.161 +07:00 [INF] Request finished HTTP/1.1 OPTIONS http://localhost:5059/api/blog/search - 204 null null 1.835ms
2026-06-29 22:17:49.162 +07:00 [INF] Request starting HTTP/1.1 POST http://localhost:5059/api/blog/search - multipart/form-data; boundary=----WebKitFormBoundarycROqiJbOm3FvaNCN 426
2026-06-29 22:17:49.162 +07:00 [INF] CORS policy execution successful.
2026-06-29 22:17:49.164 +07:00 [INF] Executing endpoint 'BlogApp.Controllers.BlogController.SearchBlogs (BlogApp)'
2026-06-29 22:17:49.164 +07:00 [INF] Route matched with {action = "SearchBlogs", controller = "Blog"}. Executing controller action with signature Microsoft.AspNetCore.Mvc.ActionResult SearchBlogs(BlogApp.DTOs.SearchBlogReqDTO) on controller BlogApp.Controllers.BlogController (BlogApp).
2026-06-29 22:17:49.174 +07:00 [INF] Executing BadRequestObjectResult, writing value of type 'Microsoft.AspNetCore.Mvc.ValidationProblemDetails'.
2026-06-29 22:17:49.175 +07:00 [INF] Executed action BlogApp.Controllers.BlogController.SearchBlogs (BlogApp) in 10.413ms
2026-06-29 22:17:49.175 +07:00 [INF] Executed endpoint 'BlogApp.Controllers.BlogController.SearchBlogs (BlogApp)'
2026-06-29 22:17:49.175 +07:00 [INF] HTTP POST /api/blog/search responded 400 in 12.5775 ms
2026-06-29 22:17:49.175 +07:00 [INF] Request finished HTTP/1.1 POST http://localhost:5059/api/blog/search - 400 null application/problem+json; charset=utf-8 13.1565ms
2026-06-29 22:18:15.489 +07:00 [INF] User profile is available. Using '/home/kieudangkimbao2000/.aspnet/DataProtection-Keys' as key repository; keys will not be encrypted at rest.
2026-06-29 22:18:15.687 +07:00 [WRN] The ASP.NET Core developer certificate is not trusted. For information about trusting the ASP.NET Core developer certificate, see https://aka.ms/aspnet/https-trust-dev-cert
2026-06-29 22:18:15.702 +07:00 [INF] Now listening on: https://localhost:7065
2026-06-29 22:18:15.702 +07:00 [INF] Now listening on: http://localhost:5059
2026-06-29 22:18:15.704 +07:00 [INF] Application started. Press Ctrl+C to shut down.
2026-06-29 22:18:15.704 +07:00 [INF] Hosting environment: Development
2026-06-29 22:18:15.704 +07:00 [INF] Content root path: /home/kieudangkimbao2000/WorkSpace/BlogApp/backend
2026-06-29 22:21:34.118 +07:00 [INF] User profile is available. Using '/home/kieudangkimbao2000/.aspnet/DataProtection-Keys' as key repository; keys will not be encrypted at rest.
2026-06-29 22:21:34.326 +07:00 [WRN] The ASP.NET Core developer certificate is not trusted. For information about trusting the ASP.NET Core developer certificate, see https://aka.ms/aspnet/https-trust-dev-cert
2026-06-29 22:21:34.360 +07:00 [INF] Now listening on: https://localhost:7065
2026-06-29 22:21:34.361 +07:00 [INF] Now listening on: http://localhost:5059
2026-06-29 22:21:34.363 +07:00 [INF] Application started. Press Ctrl+C to shut down.
2026-06-29 22:21:34.363 +07:00 [INF] Hosting environment: Development
2026-06-29 22:21:34.363 +07:00 [INF] Content root path: /home/kieudangkimbao2000/WorkSpace/BlogApp/backend
2026-06-29 22:22:05.531 +07:00 [INF] Request starting HTTP/1.1 OPTIONS http://localhost:5059/api/authen/login - null null
2026-06-29 22:22:05.557 +07:00 [INF] CORS policy execution successful.
2026-06-29 22:22:05.562 +07:00 [INF] Request finished HTTP/1.1 OPTIONS http://localhost:5059/api/authen/login - 204 null null 32.1623ms
2026-06-29 22:22:05.565 +07:00 [INF] Request starting HTTP/1.1 POST http://localhost:5059/api/authen/login - multipart/form-data; boundary=----WebKitFormBoundary1GwhAj5TXUtjPKwc 246
2026-06-29 22:22:05.567 +07:00 [INF] CORS policy execution successful.
2026-06-29 22:22:05.636 +07:00 [INF] Executing endpoint 'BlogApp.Controllers.AuthenController.LoginUser (BlogApp)'
2026-06-29 22:22:05.650 +07:00 [INF] Route matched with {action = "LoginUser", controller = "Authen"}. Executing controller action with signature Microsoft.AspNetCore.Mvc.ActionResult`1[BlogApp.DTOs.LoginRespDTO] LoginUser(BlogApp.DTOs.LoginDTO) on controller BlogApp.Controllers.AuthenController (BlogApp).
2026-06-29 22:22:06.651 +07:00 [INF] Executed DbCommand (44ms) [Parameters=[@username='?'], CommandType='"Text"', CommandTimeout='30']
SELECT a."Username", a."Address", a."Avatar", a."CreatedAt", a."Description", a."Email", a."FullName", a."Functions", a."OtherContact", a."Password", a."Phone", a."Role", a."State", a."UpdatedAt"
FROM "Accounts" AS a
WHERE a."Username" = @username
LIMIT 1
2026-06-29 22:22:07.048 +07:00 [INF] Executing OkObjectResult, writing value of type 'BlogApp.DTOs.LoginRespDTO'.
2026-06-29 22:22:07.065 +07:00 [INF] Executed action BlogApp.Controllers.AuthenController.LoginUser (BlogApp) in 1412.1629ms
2026-06-29 22:22:07.065 +07:00 [INF] Executed endpoint 'BlogApp.Controllers.AuthenController.LoginUser (BlogApp)'
2026-06-29 22:22:07.067 +07:00 [INF] HTTP POST /api/authen/login responded 200 in 1497.3869 ms
2026-06-29 22:22:07.073 +07:00 [INF] Request finished HTTP/1.1 POST http://localhost:5059/api/authen/login - 200 null application/json; charset=utf-8 1508.2534ms
2026-06-29 22:22:07.926 +07:00 [INF] Request starting HTTP/1.1 OPTIONS http://localhost:5059/api/authen/check-valid-token - null null
2026-06-29 22:22:07.926 +07:00 [INF] Request starting HTTP/1.1 OPTIONS http://localhost:5059/api/tags/topfive - null null
2026-06-29 22:22:07.926 +07:00 [INF] Request starting HTTP/1.1 OPTIONS http://localhost:5059/api/blog/fivelatest - null null
2026-06-29 22:22:07.926 +07:00 [INF] Request starting HTTP/1.1 OPTIONS http://localhost:5059/api/blog/search - null null
2026-06-29 22:22:07.927 +07:00 [INF] Request starting HTTP/1.1 OPTIONS http://localhost:5059/api/blog/topfive - null null
2026-06-29 22:22:07.927 +07:00 [INF] CORS policy execution successful.
2026-06-29 22:22:07.927 +07:00 [INF] CORS policy execution successful.
2026-06-29 22:22:07.928 +07:00 [INF] CORS policy execution successful.
2026-06-29 22:22:07.928 +07:00 [INF] Request finished HTTP/1.1 OPTIONS http://localhost:5059/api/authen/check-valid-token - 204 null null 1.771ms
2026-06-29 22:22:07.928 +07:00 [INF] CORS policy execution successful.
2026-06-29 22:22:07.928 +07:00 [INF] Request finished HTTP/1.1 OPTIONS http://localhost:5059/api/blog/fivelatest - 204 null null 1.6124ms
2026-06-29 22:22:07.928 +07:00 [INF] Request finished HTTP/1.1 OPTIONS http://localhost:5059/api/blog/topfive - 204 null null 1.4508ms
2026-06-29 22:22:07.928 +07:00 [INF] Request finished HTTP/1.1 OPTIONS http://localhost:5059/api/blog/search - 204 null null 1.6102ms
2026-06-29 22:22:07.928 +07:00 [INF] CORS policy execution successful.
2026-06-29 22:22:07.928 +07:00 [INF] Request starting HTTP/1.1 OPTIONS http://localhost:5059/api/blog/search - null null
2026-06-29 22:22:07.929 +07:00 [INF] Request finished HTTP/1.1 OPTIONS http://localhost:5059/api/tags/topfive - 204 null null 2.5626ms
2026-06-29 22:22:07.929 +07:00 [INF] CORS policy execution successful.
2026-06-29 22:22:07.929 +07:00 [INF] Request finished HTTP/1.1 OPTIONS http://localhost:5059/api/blog/search - 204 null null 0.4491ms
2026-06-29 22:22:07.931 +07:00 [INF] Request starting HTTP/1.1 POST http://localhost:5059/api/blog/search - multipart/form-data; boundary=----WebKitFormBoundaryIpQtCB0soUDdaItY 426
2026-06-29 22:22:07.931 +07:00 [INF] Request starting HTTP/1.1 OPTIONS http://localhost:5059/api/authen/check-valid-token - null null
2026-06-29 22:22:07.931 +07:00 [INF] Request starting HTTP/1.1 OPTIONS http://localhost:5059/api/tags/topfive - null null
2026-06-29 22:22:07.931 +07:00 [INF] Request starting HTTP/1.1 OPTIONS http://localhost:5059/api/blog/fivelatest - null null
2026-06-29 22:22:07.931 +07:00 [INF] Request starting HTTP/1.1 OPTIONS http://localhost:5059/api/blog/topfive - null null
2026-06-29 22:22:07.931 +07:00 [INF] Request starting HTTP/1.1 GET http://localhost:5059/api/blog/fivelatest - null null
2026-06-29 22:22:07.931 +07:00 [INF] CORS policy execution successful.
2026-06-29 22:22:07.931 +07:00 [INF] CORS policy execution successful.
2026-06-29 22:22:07.932 +07:00 [INF] Request finished HTTP/1.1 OPTIONS http://localhost:5059/api/tags/topfive - 204 null null 0.8426ms
2026-06-29 22:22:07.932 +07:00 [INF] Request finished HTTP/1.1 OPTIONS http://localhost:5059/api/authen/check-valid-token - 204 null null 0.8643ms
2026-06-29 22:22:07.933 +07:00 [INF] CORS policy execution successful.
2026-06-29 22:22:07.933 +07:00 [INF] CORS policy execution successful.
2026-06-29 22:22:07.933 +07:00 [INF] CORS policy execution successful.
2026-06-29 22:22:07.933 +07:00 [INF] CORS policy execution successful.
2026-06-29 22:22:07.933 +07:00 [INF] Request finished HTTP/1.1 OPTIONS http://localhost:5059/api/blog/fivelatest - 204 null null 1.8926ms
2026-06-29 22:22:07.933 +07:00 [INF] Request finished HTTP/1.1 OPTIONS http://localhost:5059/api/blog/topfive - 204 null null 1.7708ms
2026-06-29 22:22:07.933 +07:00 [INF] Request starting HTTP/1.1 GET http://localhost:5059/api/authen/check-valid-token - null null
2026-06-29 22:22:07.934 +07:00 [INF] CORS policy execution successful.
2026-06-29 22:22:07.936 +07:00 [INF] Request starting HTTP/1.1 POST http://localhost:5059/api/blog/search - multipart/form-data; boundary=----WebKitFormBoundary0VBawFacJXz8QkKB 426
2026-06-29 22:22:07.936 +07:00 [INF] Request starting HTTP/1.1 GET http://localhost:5059/api/tags/topfive - null null
2026-06-29 22:22:07.936 +07:00 [INF] Request starting HTTP/1.1 GET http://localhost:5059/api/blog/topfive - null null
2026-06-29 22:22:07.936 +07:00 [INF] CORS policy execution successful.
2026-06-29 22:22:07.936 +07:00 [INF] CORS policy execution successful.
2026-06-29 22:22:07.936 +07:00 [INF] CORS policy execution successful.
2026-06-29 22:22:07.936 +07:00 [INF] Executing endpoint 'BlogApp.Controllers.BlogController.SearchBlogs (BlogApp)'
2026-06-29 22:22:07.936 +07:00 [INF] Executing endpoint 'BlogApp.Controllers.BlogController.Get5LatestBlogs (BlogApp)'
2026-06-29 22:22:07.938 +07:00 [INF] Executing endpoint 'BlogApp.Controllers.TagController.GetTop5Tags (BlogApp)'
2026-06-29 22:22:07.938 +07:00 [INF] Executing endpoint 'BlogApp.Controllers.BlogController.SearchBlogs (BlogApp)'
2026-06-29 22:22:07.938 +07:00 [INF] Executing endpoint 'BlogApp.Controllers.BlogController.GetTop5Blogs (BlogApp)'
2026-06-29 22:22:07.939 +07:00 [INF] Route matched with {action = "Get5LatestBlogs", controller = "Blog"}. Executing controller action with signature Microsoft.AspNetCore.Mvc.ActionResult Get5LatestBlogs() on controller BlogApp.Controllers.BlogController (BlogApp).
2026-06-29 22:22:07.939 +07:00 [INF] Route matched with {action = "GetTop5Blogs", controller = "Blog"}. Executing controller action with signature Microsoft.AspNetCore.Mvc.ActionResult GetTop5Blogs() on controller BlogApp.Controllers.BlogController (BlogApp).
2026-06-29 22:22:07.939 +07:00 [INF] Route matched with {action = "GetTop5Tags", controller = "Tag"}. Executing controller action with signature Microsoft.AspNetCore.Mvc.ActionResult GetTop5Tags() on controller BlogApp.Controllers.TagController (BlogApp).
2026-06-29 22:22:07.943 +07:00 [INF] Executing endpoint 'BlogApp.Controllers.AuthenController.CheckValidToken (BlogApp)'
2026-06-29 22:22:07.944 +07:00 [INF] Route matched with {action = "SearchBlogs", controller = "Blog"}. Executing controller action with signature Microsoft.AspNetCore.Mvc.ActionResult SearchBlogs(BlogApp.DTOs.SearchBlogReqDTO) on controller BlogApp.Controllers.BlogController (BlogApp).
2026-06-29 22:22:07.944 +07:00 [INF] Route matched with {action = "CheckValidToken", controller = "Authen"}. Executing controller action with signature Microsoft.AspNetCore.Mvc.ActionResult`1[BlogApp.DTOs.ResponseBaseDTO] CheckValidToken() on controller BlogApp.Controllers.AuthenController (BlogApp).
2026-06-29 22:22:07.945 +07:00 [INF] Route matched with {action = "SearchBlogs", controller = "Blog"}. Executing controller action with signature Microsoft.AspNetCore.Mvc.ActionResult SearchBlogs(BlogApp.DTOs.SearchBlogReqDTO) on controller BlogApp.Controllers.BlogController (BlogApp).
2026-06-29 22:22:07.947 +07:00 [INF] Executing OkObjectResult, writing value of type 'BlogApp.DTOs.ResponseBaseDTO'.
2026-06-29 22:22:07.971 +07:00 [INF] Executed action BlogApp.Controllers.AuthenController.CheckValidToken (BlogApp) in 26.6454ms
2026-06-29 22:22:07.971 +07:00 [INF] Executed endpoint 'BlogApp.Controllers.AuthenController.CheckValidToken (BlogApp)'
2026-06-29 22:22:07.971 +07:00 [INF] HTTP GET /api/authen/check-valid-token responded 200 in 37.3586 ms
2026-06-29 22:22:07.971 +07:00 [INF] Request finished HTTP/1.1 GET http://localhost:5059/api/authen/check-valid-token - 200 null application/json; charset=utf-8 37.9136ms
2026-06-29 22:22:07.972 +07:00 [INF] Request starting HTTP/1.1 GET http://localhost:5059/api/authen/check-valid-token - null null
2026-06-29 22:22:07.972 +07:00 [INF] CORS policy execution successful.
2026-06-29 22:22:11.744 +07:00 [INF] Executing endpoint 'BlogApp.Controllers.AuthenController.CheckValidToken (BlogApp)'
2026-06-29 22:22:11.745 +07:00 [INF] Route matched with {action = "CheckValidToken", controller = "Authen"}. Executing controller action with signature Microsoft.AspNetCore.Mvc.ActionResult`1[BlogApp.DTOs.ResponseBaseDTO] CheckValidToken() on controller BlogApp.Controllers.AuthenController (BlogApp).
2026-06-29 22:22:11.746 +07:00 [INF] Executing OkObjectResult, writing value of type 'BlogApp.DTOs.ResponseBaseDTO'.
2026-06-29 22:22:11.747 +07:00 [INF] Executed action BlogApp.Controllers.AuthenController.CheckValidToken (BlogApp) in 2ms
2026-06-29 22:22:11.747 +07:00 [INF] Executed endpoint 'BlogApp.Controllers.AuthenController.CheckValidToken (BlogApp)'
2026-06-29 22:22:11.747 +07:00 [INF] HTTP GET /api/authen/check-valid-token responded 200 in 3774.5708 ms
2026-06-29 22:22:11.747 +07:00 [INF] Request finished HTTP/1.1 GET http://localhost:5059/api/authen/check-valid-token - 200 null application/json; charset=utf-8 3775.1771ms
2026-06-29 22:22:11.754 +07:00 [INF] Executed DbCommand (2ms) [Parameters=[], CommandType='"Text"', CommandTimeout='30']
SELECT b."Id", b."AmountOfAccesses", b."AuthorId", b."Content", b."CoverImage", b."CreatedAt", b."PublishedAt", b."State", b."Tags", b."Title", b."UpdatedAt"
FROM "Blogs" AS b
ORDER BY b."CreatedAt" DESC
2026-06-29 22:22:11.757 +07:00 [INF] Executed DbCommand (1ms) [Parameters=[], CommandType='"Text"', CommandTimeout='30']
SELECT b."Id", b."AmountOfAccesses", b."AuthorId", b."Content", b."CoverImage", b."CreatedAt", b."PublishedAt", b."State", b."Tags", b."Title", b."UpdatedAt"
FROM "Blogs" AS b
ORDER BY b."CreatedAt" DESC
2026-06-29 22:22:11.761 +07:00 [INF] Executed DbCommand (1ms) [Parameters=[], CommandType='"Text"', CommandTimeout='30']

            SELECT tag AS Name, COUNT(*) AS blog_count
            FROM "Blogs", UNNEST("Tags") AS tag
            GROUP BY tag
            ORDER BY blog_count DESC
            LIMIT 5
2026-06-29 22:22:11.765 +07:00 [INF] Executing OkObjectResult, writing value of type 'BlogApp.DTOs.TagListRespDTO'.
2026-06-29 22:22:11.774 +07:00 [INF] Executed action BlogApp.Controllers.TagController.GetTop5Tags (BlogApp) in 3834.4775ms
2026-06-29 22:22:11.774 +07:00 [INF] Executed endpoint 'BlogApp.Controllers.TagController.GetTop5Tags (BlogApp)'
2026-06-29 22:22:11.774 +07:00 [INF] HTTP GET /api/tags/topfive responded 200 in 3838.1341 ms
2026-06-29 22:22:11.775 +07:00 [INF] Request finished HTTP/1.1 GET http://localhost:5059/api/tags/topfive - 200 null application/json; charset=utf-8 3838.8375ms
2026-06-29 22:22:11.775 +07:00 [INF] Request starting HTTP/1.1 GET http://localhost:5059/api/tags/topfive - null null
2026-06-29 22:22:11.776 +07:00 [INF] CORS policy execution successful.
2026-06-29 22:22:11.776 +07:00 [INF] Executing endpoint 'BlogApp.Controllers.TagController.GetTop5Tags (BlogApp)'
2026-06-29 22:22:11.776 +07:00 [INF] Route matched with {action = "GetTop5Tags", controller = "Tag"}. Executing controller action with signature Microsoft.AspNetCore.Mvc.ActionResult GetTop5Tags() on controller BlogApp.Controllers.TagController (BlogApp).
2026-06-29 22:22:11.778 +07:00 [INF] Executing OkObjectResult, writing value of type 'BlogApp.DTOs.BlogListRespDTO'.
2026-06-29 22:22:11.778 +07:00 [INF] Executing OkObjectResult, writing value of type 'BlogApp.DTOs.BlogListRespDTO'.
2026-06-29 22:22:11.785 +07:00 [INF] Executed action BlogApp.Controllers.BlogController.GetTop5Blogs (BlogApp) in 3845.32ms
2026-06-29 22:22:11.785 +07:00 [INF] Executed action BlogApp.Controllers.BlogController.Get5LatestBlogs (BlogApp) in 3845.395ms
2026-06-29 22:22:11.785 +07:00 [INF] Executed endpoint 'BlogApp.Controllers.BlogController.GetTop5Blogs (BlogApp)'
2026-06-29 22:22:11.785 +07:00 [INF] Executed endpoint 'BlogApp.Controllers.BlogController.Get5LatestBlogs (BlogApp)'
2026-06-29 22:22:11.785 +07:00 [INF] HTTP GET /api/blog/topfive responded 200 in 3848.8557 ms
2026-06-29 22:22:11.785 +07:00 [INF] HTTP GET /api/blog/fivelatest responded 200 in 3852.3976 ms
2026-06-29 22:22:11.785 +07:00 [INF] Request finished HTTP/1.1 GET http://localhost:5059/api/blog/topfive - 200 null application/json; charset=utf-8 3849.5997ms
2026-06-29 22:22:11.785 +07:00 [INF] Request finished HTTP/1.1 GET http://localhost:5059/api/blog/fivelatest - 200 null application/json; charset=utf-8 3854.4625ms
2026-06-29 22:22:11.786 +07:00 [INF] Request starting HTTP/1.1 GET http://localhost:5059/api/blog/fivelatest - null null
2026-06-29 22:22:11.786 +07:00 [INF] Request starting HTTP/1.1 GET http://localhost:5059/api/blog/topfive - null null
2026-06-29 22:22:11.787 +07:00 [INF] CORS policy execution successful.
2026-06-29 22:22:11.787 +07:00 [INF] CORS policy execution successful.
2026-06-29 22:22:11.787 +07:00 [INF] Executing endpoint 'BlogApp.Controllers.BlogController.GetTop5Blogs (BlogApp)'
2026-06-29 22:22:11.787 +07:00 [INF] Executing endpoint 'BlogApp.Controllers.BlogController.Get5LatestBlogs (BlogApp)'
2026-06-29 22:22:11.787 +07:00 [INF] Route matched with {action = "GetTop5Blogs", controller = "Blog"}. Executing controller action with signature Microsoft.AspNetCore.Mvc.ActionResult GetTop5Blogs() on controller BlogApp.Controllers.BlogController (BlogApp).
2026-06-29 22:22:11.787 +07:00 [INF] Route matched with {action = "Get5LatestBlogs", controller = "Blog"}. Executing controller action with signature Microsoft.AspNetCore.Mvc.ActionResult Get5LatestBlogs() on controller BlogApp.Controllers.BlogController (BlogApp).
2026-06-29 22:22:11.799 +07:00 [INF] Executed DbCommand (1ms) [Parameters=[], CommandType='"Text"', CommandTimeout='30']
SELECT b."Id", b."AmountOfAccesses", b."AuthorId", b."Content", b."CoverImage", b."CreatedAt", b."PublishedAt", b."State", b."Tags", b."Title", b."UpdatedAt"
FROM "Blogs" AS b
ORDER BY b."CreatedAt" DESC
2026-06-29 22:22:11.799 +07:00 [INF] Executed DbCommand (1ms) [Parameters=[], CommandType='"Text"', CommandTimeout='30']
SELECT b."Id", b."AmountOfAccesses", b."AuthorId", b."Content", b."CoverImage", b."CreatedAt", b."PublishedAt", b."State", b."Tags", b."Title", b."UpdatedAt"
FROM "Blogs" AS b
ORDER BY b."CreatedAt" DESC
2026-06-29 22:22:11.799 +07:00 [INF] Executed DbCommand (1ms) [Parameters=[], CommandType='"Text"', CommandTimeout='30']

            SELECT tag AS Name, COUNT(*) AS blog_count
            FROM "Blogs", UNNEST("Tags") AS tag
            GROUP BY tag
            ORDER BY blog_count DESC
            LIMIT 5
2026-06-29 22:22:11.799 +07:00 [INF] Executing OkObjectResult, writing value of type 'BlogApp.DTOs.BlogListRespDTO'.
2026-06-29 22:22:11.799 +07:00 [INF] Executing OkObjectResult, writing value of type 'BlogApp.DTOs.TagListRespDTO'.
2026-06-29 22:22:11.799 +07:00 [INF] Executing OkObjectResult, writing value of type 'BlogApp.DTOs.BlogListRespDTO'.
2026-06-29 22:22:11.800 +07:00 [INF] Executed action BlogApp.Controllers.BlogController.GetTop5Blogs (BlogApp) in 12.6189ms
2026-06-29 22:22:11.800 +07:00 [INF] Executed action BlogApp.Controllers.TagController.GetTop5Tags (BlogApp) in 23.4801ms
2026-06-29 22:22:11.800 +07:00 [INF] Executed action BlogApp.Controllers.BlogController.Get5LatestBlogs (BlogApp) in 12.5435ms
2026-06-29 22:22:11.800 +07:00 [INF] Executed endpoint 'BlogApp.Controllers.BlogController.GetTop5Blogs (BlogApp)'
2026-06-29 22:22:11.800 +07:00 [INF] Executed endpoint 'BlogApp.Controllers.TagController.GetTop5Tags (BlogApp)'
2026-06-29 22:22:11.800 +07:00 [INF] HTTP GET /api/blog/topfive responded 200 in 13.3083 ms
2026-06-29 22:22:11.800 +07:00 [INF] Executed endpoint 'BlogApp.Controllers.BlogController.Get5LatestBlogs (BlogApp)'
2026-06-29 22:22:11.800 +07:00 [INF] HTTP GET /api/tags/topfive responded 200 in 24.2858 ms
2026-06-29 22:22:11.800 +07:00 [INF] HTTP GET /api/blog/fivelatest responded 200 in 13.5365 ms
2026-06-29 22:22:11.800 +07:00 [INF] Request finished HTTP/1.1 GET http://localhost:5059/api/blog/topfive - 200 null application/json; charset=utf-8 13.8052ms
2026-06-29 22:22:11.800 +07:00 [INF] Request finished HTTP/1.1 GET http://localhost:5059/api/tags/topfive - 200 null application/json; charset=utf-8 24.847ms
2026-06-29 22:22:11.800 +07:00 [INF] Request finished HTTP/1.1 GET http://localhost:5059/api/blog/fivelatest - 200 null application/json; charset=utf-8 13.9643ms
2026-06-29 22:22:11.859 +07:00 [INF] Executed DbCommand (7ms) [Parameters=[@req_Tags='?' (DbType = Object)], CommandType='"Text"', CommandTimeout='30']
SELECT count(*)::int
FROM "Blogs" AS b
WHERE @req_Tags && b."Tags"
2026-06-29 22:22:11.859 +07:00 [INF] Executed DbCommand (7ms) [Parameters=[@req_Tags='?' (DbType = Object)], CommandType='"Text"', CommandTimeout='30']
SELECT count(*)::int
FROM "Blogs" AS b
WHERE @req_Tags && b."Tags"
2026-06-29 22:22:11.916 +07:00 [INF] Executed DbCommand (2ms) [Parameters=[@req_Tags='?' (DbType = Object), @p2='?' (DbType = Int32), @p='?' (DbType = Int32)], CommandType='"Text"', CommandTimeout='30']
SELECT b0."Id", b0."AmountOfAccesses", b0."AuthorId", b0."Content", b0."CoverImage", b0."CreatedAt", b0."PublishedAt", b0."State", b0."Tags", b0."Title", b0."UpdatedAt", a."Username", a."Address", a."Avatar", a."CreatedAt", a."Description", a."Email", a."FullName", a."Functions", a."OtherContact", a."Password", a."Phone", a."Role", a."State", a."UpdatedAt"
FROM (
    SELECT b."Id", b."AmountOfAccesses", b."AuthorId", b."Content", b."CoverImage", b."CreatedAt", b."PublishedAt", b."State", b."Tags", b."Title", b."UpdatedAt"
    FROM "Blogs" AS b
    WHERE @req_Tags && b."Tags"
    ORDER BY b."PublishedAt" DESC
    LIMIT @p2 OFFSET @p
) AS b0
INNER JOIN "Accounts" AS a ON b0."AuthorId" = a."Username"
ORDER BY b0."PublishedAt" DESC
2026-06-29 22:22:11.916 +07:00 [INF] Executed DbCommand (2ms) [Parameters=[@req_Tags='?' (DbType = Object), @p2='?' (DbType = Int32), @p='?' (DbType = Int32)], CommandType='"Text"', CommandTimeout='30']
SELECT b0."Id", b0."AmountOfAccesses", b0."AuthorId", b0."Content", b0."CoverImage", b0."CreatedAt", b0."PublishedAt", b0."State", b0."Tags", b0."Title", b0."UpdatedAt", a."Username", a."Address", a."Avatar", a."CreatedAt", a."Description", a."Email", a."FullName", a."Functions", a."OtherContact", a."Password", a."Phone", a."Role", a."State", a."UpdatedAt"
FROM (
    SELECT b."Id", b."AmountOfAccesses", b."AuthorId", b."Content", b."CoverImage", b."CreatedAt", b."PublishedAt", b."State", b."Tags", b."Title", b."UpdatedAt"
    FROM "Blogs" AS b
    WHERE @req_Tags && b."Tags"
    ORDER BY b."PublishedAt" DESC
    LIMIT @p2 OFFSET @p
) AS b0
INNER JOIN "Accounts" AS a ON b0."AuthorId" = a."Username"
ORDER BY b0."PublishedAt" DESC
2026-06-29 22:22:15.527 +07:00 [INF] Executing OkObjectResult, writing value of type 'BlogApp.DTOs.BlogPageRespDTO'.
2026-06-29 22:22:15.527 +07:00 [INF] Executing OkObjectResult, writing value of type 'BlogApp.DTOs.BlogPageRespDTO'.
2026-06-29 22:22:15.531 +07:00 [INF] Executed action BlogApp.Controllers.BlogController.SearchBlogs (BlogApp) in 7586.4365ms
2026-06-29 22:22:15.531 +07:00 [INF] Executed action BlogApp.Controllers.BlogController.SearchBlogs (BlogApp) in 7587.3955ms
2026-06-29 22:22:15.531 +07:00 [INF] Executed endpoint 'BlogApp.Controllers.BlogController.SearchBlogs (BlogApp)'
2026-06-29 22:22:15.531 +07:00 [INF] Executed endpoint 'BlogApp.Controllers.BlogController.SearchBlogs (BlogApp)'
2026-06-29 22:22:15.532 +07:00 [INF] HTTP POST /api/blog/search responded 200 in 7598.5987 ms
2026-06-29 22:22:15.532 +07:00 [INF] HTTP POST /api/blog/search responded 200 in 7595.1859 ms
2026-06-29 22:22:15.532 +07:00 [INF] Request finished HTTP/1.1 POST http://localhost:5059/api/blog/search - 200 null application/json; charset=utf-8 7600.9476ms
2026-06-29 22:22:15.532 +07:00 [INF] Request finished HTTP/1.1 POST http://localhost:5059/api/blog/search - 200 null application/json; charset=utf-8 7596.0715ms
2026-06-29 22:22:43.991 +07:00 [INF] Request starting HTTP/1.1 OPTIONS http://localhost:5059/api/blog/search - null null
2026-06-29 22:22:43.992 +07:00 [INF] CORS policy execution successful.
2026-06-29 22:22:43.992 +07:00 [INF] Request finished HTTP/1.1 OPTIONS http://localhost:5059/api/blog/search - 204 null null 0.9079ms
2026-06-29 22:22:43.993 +07:00 [INF] Request starting HTTP/1.1 POST http://localhost:5059/api/blog/search - multipart/form-data; boundary=----WebKitFormBoundaryW2LAyJt82oakZDM8 426
2026-06-29 22:22:43.994 +07:00 [INF] CORS policy execution successful.
2026-06-29 22:22:43.994 +07:00 [INF] Executing endpoint 'BlogApp.Controllers.BlogController.SearchBlogs (BlogApp)'
2026-06-29 22:22:43.994 +07:00 [INF] Route matched with {action = "SearchBlogs", controller = "Blog"}. Executing controller action with signature Microsoft.AspNetCore.Mvc.ActionResult SearchBlogs(BlogApp.DTOs.SearchBlogReqDTO) on controller BlogApp.Controllers.BlogController (BlogApp).
2026-06-29 22:22:43.998 +07:00 [INF] Executed DbCommand (1ms) [Parameters=[@req_Tags='?' (DbType = Object)], CommandType='"Text"', CommandTimeout='30']
SELECT count(*)::int
FROM "Blogs" AS b
WHERE @req_Tags && b."Tags"
2026-06-29 22:22:44.000 +07:00 [INF] Executed DbCommand (1ms) [Parameters=[@req_Tags='?' (DbType = Object), @p2='?' (DbType = Int32), @p='?' (DbType = Int32)], CommandType='"Text"', CommandTimeout='30']
SELECT b0."Id", b0."AmountOfAccesses", b0."AuthorId", b0."Content", b0."CoverImage", b0."CreatedAt", b0."PublishedAt", b0."State", b0."Tags", b0."Title", b0."UpdatedAt", a."Username", a."Address", a."Avatar", a."CreatedAt", a."Description", a."Email", a."FullName", a."Functions", a."OtherContact", a."Password", a."Phone", a."Role", a."State", a."UpdatedAt"
FROM (
    SELECT b."Id", b."AmountOfAccesses", b."AuthorId", b."Content", b."CoverImage", b."CreatedAt", b."PublishedAt", b."State", b."Tags", b."Title", b."UpdatedAt"
    FROM "Blogs" AS b
    WHERE @req_Tags && b."Tags"
    ORDER BY b."PublishedAt" DESC
    LIMIT @p2 OFFSET @p
) AS b0
INNER JOIN "Accounts" AS a ON b0."AuthorId" = a."Username"
ORDER BY b0."PublishedAt" DESC
2026-06-29 22:22:51.199 +07:00 [INF] Executing OkObjectResult, writing value of type 'BlogApp.DTOs.BlogPageRespDTO'.
2026-06-29 22:22:51.199 +07:00 [INF] Executed action BlogApp.Controllers.BlogController.SearchBlogs (BlogApp) in 7204.9954ms
2026-06-29 22:22:51.199 +07:00 [INF] Executed endpoint 'BlogApp.Controllers.BlogController.SearchBlogs (BlogApp)'
2026-06-29 22:22:51.199 +07:00 [INF] HTTP POST /api/blog/search responded 200 in 7205.7494 ms
2026-06-29 22:22:51.200 +07:00 [INF] Request finished HTTP/1.1 POST http://localhost:5059/api/blog/search - 200 null application/json; charset=utf-8 7206.301ms
2026-06-29 22:22:53.482 +07:00 [INF] Request starting HTTP/1.1 OPTIONS http://localhost:5059/api/blog/search - null null
2026-06-29 22:22:53.482 +07:00 [INF] CORS policy execution successful.
2026-06-29 22:22:53.483 +07:00 [INF] Request finished HTTP/1.1 OPTIONS http://localhost:5059/api/blog/search - 204 null null 0.659ms
2026-06-29 22:22:53.483 +07:00 [INF] Request starting HTTP/1.1 POST http://localhost:5059/api/blog/search - multipart/form-data; boundary=----WebKitFormBoundaryWvBsHb4TAjDQa7R7 426
2026-06-29 22:22:53.484 +07:00 [INF] CORS policy execution successful.
2026-06-29 22:22:53.484 +07:00 [INF] Executing endpoint 'BlogApp.Controllers.BlogController.SearchBlogs (BlogApp)'
2026-06-29 22:22:53.484 +07:00 [INF] Route matched with {action = "SearchBlogs", controller = "Blog"}. Executing controller action with signature Microsoft.AspNetCore.Mvc.ActionResult SearchBlogs(BlogApp.DTOs.SearchBlogReqDTO) on controller BlogApp.Controllers.BlogController (BlogApp).
2026-06-29 22:22:53.487 +07:00 [INF] Executed DbCommand (1ms) [Parameters=[@req_Tags='?' (DbType = Object)], CommandType='"Text"', CommandTimeout='30']
SELECT count(*)::int
FROM "Blogs" AS b
WHERE @req_Tags && b."Tags"
2026-06-29 22:22:53.489 +07:00 [INF] Executed DbCommand (1ms) [Parameters=[@req_Tags='?' (DbType = Object), @p2='?' (DbType = Int32), @p='?' (DbType = Int32)], CommandType='"Text"', CommandTimeout='30']
SELECT b0."Id", b0."AmountOfAccesses", b0."AuthorId", b0."Content", b0."CoverImage", b0."CreatedAt", b0."PublishedAt", b0."State", b0."Tags", b0."Title", b0."UpdatedAt", a."Username", a."Address", a."Avatar", a."CreatedAt", a."Description", a."Email", a."FullName", a."Functions", a."OtherContact", a."Password", a."Phone", a."Role", a."State", a."UpdatedAt"
FROM (
    SELECT b."Id", b."AmountOfAccesses", b."AuthorId", b."Content", b."CoverImage", b."CreatedAt", b."PublishedAt", b."State", b."Tags", b."Title", b."UpdatedAt"
    FROM "Blogs" AS b
    WHERE @req_Tags && b."Tags"
    ORDER BY b."PublishedAt" DESC
    LIMIT @p2 OFFSET @p
) AS b0
INNER JOIN "Accounts" AS a ON b0."AuthorId" = a."Username"
ORDER BY b0."PublishedAt" DESC
2026-06-29 22:23:15.662 +07:00 [INF] Executing OkObjectResult, writing value of type 'BlogApp.DTOs.BlogPageRespDTO'.
2026-06-29 22:23:15.662 +07:00 [INF] Executed action BlogApp.Controllers.BlogController.SearchBlogs (BlogApp) in 22178.1859ms
2026-06-29 22:23:15.662 +07:00 [INF] Executed endpoint 'BlogApp.Controllers.BlogController.SearchBlogs (BlogApp)'
2026-06-29 22:23:15.662 +07:00 [INF] HTTP POST /api/blog/search responded 200 in 22178.8482 ms
2026-06-29 22:23:15.663 +07:00 [INF] Request finished HTTP/1.1 POST http://localhost:5059/api/blog/search - 200 null application/json; charset=utf-8 22179.2719ms
2026-06-29 22:23:19.171 +07:00 [INF] Request starting HTTP/1.1 OPTIONS http://localhost:5059/api/blog/search - null null
2026-06-29 22:23:19.171 +07:00 [INF] CORS policy execution successful.
2026-06-29 22:23:19.172 +07:00 [INF] Request finished HTTP/1.1 OPTIONS http://localhost:5059/api/blog/search - 204 null null 0.5119ms
2026-06-29 22:23:19.173 +07:00 [INF] Request starting HTTP/1.1 POST http://localhost:5059/api/blog/search - multipart/form-data; boundary=----WebKitFormBoundaryuBsuodzXWHvxR6a3 426
2026-06-29 22:23:19.173 +07:00 [INF] CORS policy execution successful.
2026-06-29 22:23:19.173 +07:00 [INF] Executing endpoint 'BlogApp.Controllers.BlogController.SearchBlogs (BlogApp)'
2026-06-29 22:23:19.173 +07:00 [INF] Route matched with {action = "SearchBlogs", controller = "Blog"}. Executing controller action with signature Microsoft.AspNetCore.Mvc.ActionResult SearchBlogs(BlogApp.DTOs.SearchBlogReqDTO) on controller BlogApp.Controllers.BlogController (BlogApp).
2026-06-29 22:23:56.036 +07:00 [ERR] Failed executing DbCommand (8,532ms) [Parameters=[@req_Tags='?' (DbType = Object)], CommandType='"Text"', CommandTimeout='30']
SELECT b."Id", b."AmountOfAccesses", b."AuthorId", b."Content", b."CoverImage", b."CreatedAt", b."PublishedAt", b."State", b."Tags", b."Title", b."UpdatedAt"
FROM "Blogs" AS b
WHERE @req_Tags && b."Tags"
2026-06-29 22:23:56.070 +07:00 [ERR] An exception occurred while iterating over the results of a query for context type 'BlogApp.Dbs.BlogAppContext'.
System.Threading.ThreadAbortException: System error.
   at Npgsql.NpgsqlCommand.ExecuteReader(Boolean async, CommandBehavior behavior, CancellationToken cancellationToken)
   at System.Runtime.CompilerServices.AsyncMethodBuilderCore.Start[TStateMachine](TStateMachine& stateMachine)
   at Npgsql.NpgsqlCommand.ExecuteReader(Boolean async, CommandBehavior behavior, CancellationToken cancellationToken)
   at Npgsql.NpgsqlCommand.ExecuteReader(CommandBehavior behavior)
   at Npgsql.NpgsqlCommand.ExecuteDbDataReader(CommandBehavior behavior)
   at Microsoft.EntityFrameworkCore.Storage.RelationalCommand.ExecuteReader(RelationalCommandParameterObject parameterObject)
   at Microsoft.EntityFrameworkCore.Query.Internal.SingleQueryingEnumerable`1.Enumerator.InitializeReader(Enumerator enumerator)
   at Microsoft.EntityFrameworkCore.Query.Internal.SingleQueryingEnumerable`1.Enumerator.<>c.<MoveNext>b__21_0(DbContext _, Enumerator enumerator)
   at Npgsql.EntityFrameworkCore.PostgreSQL.Storage.Internal.NpgsqlExecutionStrategy.Execute[TState,TResult](TState state, Func`3 operation, Func`3 verifySucceeded)
   at Microsoft.EntityFrameworkCore.Query.Internal.SingleQueryingEnumerable`1.Enumerator.MoveNext()
System.Threading.ThreadAbortException: System error.
   at Npgsql.NpgsqlCommand.ExecuteReader(Boolean async, CommandBehavior behavior, CancellationToken cancellationToken)
   at System.Runtime.CompilerServices.AsyncMethodBuilderCore.Start[TStateMachine](TStateMachine& stateMachine)
   at Npgsql.NpgsqlCommand.ExecuteReader(Boolean async, CommandBehavior behavior, CancellationToken cancellationToken)
   at Npgsql.NpgsqlCommand.ExecuteReader(CommandBehavior behavior)
   at Npgsql.NpgsqlCommand.ExecuteDbDataReader(CommandBehavior behavior)
   at Microsoft.EntityFrameworkCore.Storage.RelationalCommand.ExecuteReader(RelationalCommandParameterObject parameterObject)
   at Microsoft.EntityFrameworkCore.Query.Internal.SingleQueryingEnumerable`1.Enumerator.InitializeReader(Enumerator enumerator)
   at Microsoft.EntityFrameworkCore.Query.Internal.SingleQueryingEnumerable`1.Enumerator.<>c.<MoveNext>b__21_0(DbContext _, Enumerator enumerator)
   at Npgsql.EntityFrameworkCore.PostgreSQL.Storage.Internal.NpgsqlExecutionStrategy.Execute[TState,TResult](TState state, Func`3 operation, Func`3 verifySucceeded)
   at Microsoft.EntityFrameworkCore.Query.Internal.SingleQueryingEnumerable`1.Enumerator.MoveNext()
2026-06-29 22:24:39.277 +07:00 [ERR] An error occurred using the connection to database 'blogapp' on server 'tcp://localhost:5432'.
2026-06-29 22:24:39.291 +07:00 [ERR] An exception occurred while iterating over the results of a query for context type 'BlogApp.Dbs.BlogAppContext'.
System.Threading.ThreadAbortException: System error.
   at Npgsql.NpgsqlConnection.<Open>g__OpenAsync|42_0(Boolean async, CancellationToken cancellationToken)
   at System.Runtime.CompilerServices.AsyncMethodBuilderCore.Start[TStateMachine](TStateMachine& stateMachine)
   at Npgsql.NpgsqlConnection.<Open>g__OpenAsync|42_0(Boolean async, CancellationToken cancellationToken)
   at Npgsql.NpgsqlConnection.Open(Boolean async, CancellationToken cancellationToken)
   at Npgsql.NpgsqlConnection.Open()
   at Microsoft.EntityFrameworkCore.Storage.RelationalConnection.OpenDbConnection(Boolean errorsExpected)
   at Microsoft.EntityFrameworkCore.Storage.RelationalConnection.OpenInternal(Boolean errorsExpected)
   at Microsoft.EntityFrameworkCore.Storage.RelationalConnection.Open(Boolean errorsExpected)
   at Microsoft.EntityFrameworkCore.Storage.RelationalCommand.ExecuteReader(RelationalCommandParameterObject parameterObject)
   at Microsoft.EntityFrameworkCore.Query.Internal.SingleQueryingEnumerable`1.Enumerator.InitializeReader(Enumerator enumerator)
   at Microsoft.EntityFrameworkCore.Query.Internal.SingleQueryingEnumerable`1.Enumerator.<>c.<MoveNext>b__21_0(DbContext _, Enumerator enumerator)
   at Npgsql.EntityFrameworkCore.PostgreSQL.Storage.Internal.NpgsqlExecutionStrategy.Execute[TState,TResult](TState state, Func`3 operation, Func`3 verifySucceeded)
   at Microsoft.EntityFrameworkCore.Query.Internal.SingleQueryingEnumerable`1.Enumerator.MoveNext()
System.Threading.ThreadAbortException: System error.
   at Npgsql.NpgsqlConnection.<Open>g__OpenAsync|42_0(Boolean async, CancellationToken cancellationToken)
   at System.Runtime.CompilerServices.AsyncMethodBuilderCore.Start[TStateMachine](TStateMachine& stateMachine)
   at Npgsql.NpgsqlConnection.<Open>g__OpenAsync|42_0(Boolean async, CancellationToken cancellationToken)
   at Npgsql.NpgsqlConnection.Open(Boolean async, CancellationToken cancellationToken)
   at Npgsql.NpgsqlConnection.Open()
   at Microsoft.EntityFrameworkCore.Storage.RelationalConnection.OpenDbConnection(Boolean errorsExpected)
   at Microsoft.EntityFrameworkCore.Storage.RelationalConnection.OpenInternal(Boolean errorsExpected)
   at Microsoft.EntityFrameworkCore.Storage.RelationalConnection.Open(Boolean errorsExpected)
   at Microsoft.EntityFrameworkCore.Storage.RelationalCommand.ExecuteReader(RelationalCommandParameterObject parameterObject)
   at Microsoft.EntityFrameworkCore.Query.Internal.SingleQueryingEnumerable`1.Enumerator.InitializeReader(Enumerator enumerator)
   at Microsoft.EntityFrameworkCore.Query.Internal.SingleQueryingEnumerable`1.Enumerator.<>c.<MoveNext>b__21_0(DbContext _, Enumerator enumerator)
   at Npgsql.EntityFrameworkCore.PostgreSQL.Storage.Internal.NpgsqlExecutionStrategy.Execute[TState,TResult](TState state, Func`3 operation, Func`3 verifySucceeded)
   at Microsoft.EntityFrameworkCore.Query.Internal.SingleQueryingEnumerable`1.Enumerator.MoveNext()
2026-06-29 22:24:40.801 +07:00 [INF] Executed DbCommand (1ms) [Parameters=[@req_Tags='?' (DbType = Object)], CommandType='"Text"', CommandTimeout='30']
SELECT count(*)::int
FROM "Blogs" AS b
WHERE @req_Tags && b."Tags"
2026-06-29 22:24:45.479 +07:00 [INF] Executed DbCommand (2ms) [Parameters=[@req_Tags='?' (DbType = Object), @p2='?' (DbType = Int32), @p='?' (DbType = Int32)], CommandType='"Text"', CommandTimeout='30']
SELECT b0."Id", b0."AmountOfAccesses", b0."AuthorId", b0."Content", b0."CoverImage", b0."CreatedAt", b0."PublishedAt", b0."State", b0."Tags", b0."Title", b0."UpdatedAt", a."Username", a."Address", a."Avatar", a."CreatedAt", a."Description", a."Email", a."FullName", a."Functions", a."OtherContact", a."Password", a."Phone", a."Role", a."State", a."UpdatedAt"
FROM (
    SELECT b."Id", b."AmountOfAccesses", b."AuthorId", b."Content", b."CoverImage", b."CreatedAt", b."PublishedAt", b."State", b."Tags", b."Title", b."UpdatedAt"
    FROM "Blogs" AS b
    WHERE @req_Tags && b."Tags"
    ORDER BY b."PublishedAt" DESC
    LIMIT @p2 OFFSET @p
) AS b0
INNER JOIN "Accounts" AS a ON b0."AuthorId" = a."Username"
ORDER BY b0."PublishedAt" DESC
2026-06-29 22:24:52.753 +07:00 [INF] Executing OkObjectResult, writing value of type 'BlogApp.DTOs.BlogPageRespDTO'.
2026-06-29 22:24:52.754 +07:00 [INF] Executed action BlogApp.Controllers.BlogController.SearchBlogs (BlogApp) in 93580.4606ms
2026-06-29 22:24:52.754 +07:00 [INF] Executed endpoint 'BlogApp.Controllers.BlogController.SearchBlogs (BlogApp)'
2026-06-29 22:24:52.754 +07:00 [INF] HTTP POST /api/blog/search responded 200 in 93581.1803 ms
2026-06-29 22:24:52.754 +07:00 [INF] Request finished HTTP/1.1 POST http://localhost:5059/api/blog/search - 200 null application/json; charset=utf-8 93581.6081ms
2026-06-29 22:24:55.794 +07:00 [INF] Request starting HTTP/1.1 OPTIONS http://localhost:5059/api/blog/search - null null
2026-06-29 22:24:55.794 +07:00 [INF] CORS policy execution successful.
2026-06-29 22:24:55.794 +07:00 [INF] Request finished HTTP/1.1 OPTIONS http://localhost:5059/api/blog/search - 204 null null 0.4732ms
2026-06-29 22:24:55.795 +07:00 [INF] Request starting HTTP/1.1 POST http://localhost:5059/api/blog/search - multipart/form-data; boundary=----WebKitFormBoundarydoUS1B1xDFam2uBJ 426
2026-06-29 22:24:55.795 +07:00 [INF] CORS policy execution successful.
2026-06-29 22:24:55.795 +07:00 [INF] Executing endpoint 'BlogApp.Controllers.BlogController.SearchBlogs (BlogApp)'
2026-06-29 22:24:55.796 +07:00 [INF] Route matched with {action = "SearchBlogs", controller = "Blog"}. Executing controller action with signature Microsoft.AspNetCore.Mvc.ActionResult SearchBlogs(BlogApp.DTOs.SearchBlogReqDTO) on controller BlogApp.Controllers.BlogController (BlogApp).
2026-06-29 22:26:17.373 +07:00 [ERR] Failed executing DbCommand (8,517ms) [Parameters=[@req_Tags='?' (DbType = Object)], CommandType='"Text"', CommandTimeout='30']
SELECT b."Id", b."AmountOfAccesses", b."AuthorId", b."Content", b."CoverImage", b."CreatedAt", b."PublishedAt", b."State", b."Tags", b."Title", b."UpdatedAt"
FROM "Blogs" AS b
WHERE @req_Tags && b."Tags"
2026-06-29 22:26:17.382 +07:00 [ERR] An exception occurred while iterating over the results of a query for context type 'BlogApp.Dbs.BlogAppContext'.
System.Threading.ThreadAbortException: System error.
   at Npgsql.NpgsqlCommand.ExecuteReader(Boolean async, CommandBehavior behavior, CancellationToken cancellationToken)
   at System.Runtime.CompilerServices.AsyncMethodBuilderCore.Start[TStateMachine](TStateMachine& stateMachine)
   at Npgsql.NpgsqlCommand.ExecuteReader(Boolean async, CommandBehavior behavior, CancellationToken cancellationToken)
   at Npgsql.NpgsqlCommand.ExecuteReader(CommandBehavior behavior)
   at Npgsql.NpgsqlCommand.ExecuteDbDataReader(CommandBehavior behavior)
   at Microsoft.EntityFrameworkCore.Storage.RelationalCommand.ExecuteReader(RelationalCommandParameterObject parameterObject)
   at Microsoft.EntityFrameworkCore.Query.Internal.SingleQueryingEnumerable`1.Enumerator.InitializeReader(Enumerator enumerator)
   at Microsoft.EntityFrameworkCore.Query.Internal.SingleQueryingEnumerable`1.Enumerator.<>c.<MoveNext>b__21_0(DbContext _, Enumerator enumerator)
   at Npgsql.EntityFrameworkCore.PostgreSQL.Storage.Internal.NpgsqlExecutionStrategy.Execute[TState,TResult](TState state, Func`3 operation, Func`3 verifySucceeded)
   at Microsoft.EntityFrameworkCore.Query.Internal.SingleQueryingEnumerable`1.Enumerator.MoveNext()
System.Threading.ThreadAbortException: System error.
   at Npgsql.NpgsqlCommand.ExecuteReader(Boolean async, CommandBehavior behavior, CancellationToken cancellationToken)
   at System.Runtime.CompilerServices.AsyncMethodBuilderCore.Start[TStateMachine](TStateMachine& stateMachine)
   at Npgsql.NpgsqlCommand.ExecuteReader(Boolean async, CommandBehavior behavior, CancellationToken cancellationToken)
   at Npgsql.NpgsqlCommand.ExecuteReader(CommandBehavior behavior)
   at Npgsql.NpgsqlCommand.ExecuteDbDataReader(CommandBehavior behavior)
   at Microsoft.EntityFrameworkCore.Storage.RelationalCommand.ExecuteReader(RelationalCommandParameterObject parameterObject)
   at Microsoft.EntityFrameworkCore.Query.Internal.SingleQueryingEnumerable`1.Enumerator.InitializeReader(Enumerator enumerator)
   at Microsoft.EntityFrameworkCore.Query.Internal.SingleQueryingEnumerable`1.Enumerator.<>c.<MoveNext>b__21_0(DbContext _, Enumerator enumerator)
   at Npgsql.EntityFrameworkCore.PostgreSQL.Storage.Internal.NpgsqlExecutionStrategy.Execute[TState,TResult](TState state, Func`3 operation, Func`3 verifySucceeded)
   at Microsoft.EntityFrameworkCore.Query.Internal.SingleQueryingEnumerable`1.Enumerator.MoveNext()
2026-06-29 22:27:07.349 +07:00 [ERR] An error occurred using the connection to database 'blogapp' on server 'tcp://localhost:5432'.
2026-06-29 22:27:07.366 +07:00 [ERR] An exception occurred while iterating over the results of a query for context type 'BlogApp.Dbs.BlogAppContext'.
System.Threading.ThreadAbortException: System error.
   at Npgsql.NpgsqlConnection.<Open>g__OpenAsync|42_0(Boolean async, CancellationToken cancellationToken)
   at System.Runtime.CompilerServices.AsyncMethodBuilderCore.Start[TStateMachine](TStateMachine& stateMachine)
   at Npgsql.NpgsqlConnection.<Open>g__OpenAsync|42_0(Boolean async, CancellationToken cancellationToken)
   at Npgsql.NpgsqlConnection.Open(Boolean async, CancellationToken cancellationToken)
   at Npgsql.NpgsqlConnection.Open()
   at Microsoft.EntityFrameworkCore.Storage.RelationalConnection.OpenDbConnection(Boolean errorsExpected)
   at Microsoft.EntityFrameworkCore.Storage.RelationalConnection.OpenInternal(Boolean errorsExpected)
   at Microsoft.EntityFrameworkCore.Storage.RelationalConnection.Open(Boolean errorsExpected)
   at Microsoft.EntityFrameworkCore.Storage.RelationalCommand.ExecuteReader(RelationalCommandParameterObject parameterObject)
   at Microsoft.EntityFrameworkCore.Query.Internal.SingleQueryingEnumerable`1.Enumerator.InitializeReader(Enumerator enumerator)
   at Microsoft.EntityFrameworkCore.Query.Internal.SingleQueryingEnumerable`1.Enumerator.<>c.<MoveNext>b__21_0(DbContext _, Enumerator enumerator)
   at Npgsql.EntityFrameworkCore.PostgreSQL.Storage.Internal.NpgsqlExecutionStrategy.Execute[TState,TResult](TState state, Func`3 operation, Func`3 verifySucceeded)
   at Microsoft.EntityFrameworkCore.Query.Internal.SingleQueryingEnumerable`1.Enumerator.MoveNext()
System.Threading.ThreadAbortException: System error.
   at Npgsql.NpgsqlConnection.<Open>g__OpenAsync|42_0(Boolean async, CancellationToken cancellationToken)
   at System.Runtime.CompilerServices.AsyncMethodBuilderCore.Start[TStateMachine](TStateMachine& stateMachine)
   at Npgsql.NpgsqlConnection.<Open>g__OpenAsync|42_0(Boolean async, CancellationToken cancellationToken)
   at Npgsql.NpgsqlConnection.Open(Boolean async, CancellationToken cancellationToken)
   at Npgsql.NpgsqlConnection.Open()
   at Microsoft.EntityFrameworkCore.Storage.RelationalConnection.OpenDbConnection(Boolean errorsExpected)
   at Microsoft.EntityFrameworkCore.Storage.RelationalConnection.OpenInternal(Boolean errorsExpected)
   at Microsoft.EntityFrameworkCore.Storage.RelationalConnection.Open(Boolean errorsExpected)
   at Microsoft.EntityFrameworkCore.Storage.RelationalCommand.ExecuteReader(RelationalCommandParameterObject parameterObject)
   at Microsoft.EntityFrameworkCore.Query.Internal.SingleQueryingEnumerable`1.Enumerator.InitializeReader(Enumerator enumerator)
   at Microsoft.EntityFrameworkCore.Query.Internal.SingleQueryingEnumerable`1.Enumerator.<>c.<MoveNext>b__21_0(DbContext _, Enumerator enumerator)
   at Npgsql.EntityFrameworkCore.PostgreSQL.Storage.Internal.NpgsqlExecutionStrategy.Execute[TState,TResult](TState state, Func`3 operation, Func`3 verifySucceeded)
   at Microsoft.EntityFrameworkCore.Query.Internal.SingleQueryingEnumerable`1.Enumerator.MoveNext()
2026-06-29 22:27:12.265 +07:00 [ERR] An error occurred using the connection to database 'blogapp' on server 'tcp://localhost:5432'.
2026-06-29 22:27:12.278 +07:00 [ERR] An exception occurred while iterating over the results of a query for context type 'BlogApp.Dbs.BlogAppContext'.
System.Threading.ThreadAbortException: System error.
   at Npgsql.NpgsqlConnection.<Open>g__OpenAsync|42_0(Boolean async, CancellationToken cancellationToken)
   at System.Runtime.CompilerServices.AsyncMethodBuilderCore.Start[TStateMachine](TStateMachine& stateMachine)
   at Npgsql.NpgsqlConnection.<Open>g__OpenAsync|42_0(Boolean async, CancellationToken cancellationToken)
   at Npgsql.NpgsqlConnection.Open(Boolean async, CancellationToken cancellationToken)
   at Npgsql.NpgsqlConnection.Open()
   at Microsoft.EntityFrameworkCore.Storage.RelationalConnection.OpenDbConnection(Boolean errorsExpected)
   at Microsoft.EntityFrameworkCore.Storage.RelationalConnection.OpenInternal(Boolean errorsExpected)
   at Microsoft.EntityFrameworkCore.Storage.RelationalConnection.Open(Boolean errorsExpected)
   at Microsoft.EntityFrameworkCore.Storage.RelationalCommand.ExecuteReader(RelationalCommandParameterObject parameterObject)
   at Microsoft.EntityFrameworkCore.Query.Internal.SingleQueryingEnumerable`1.Enumerator.InitializeReader(Enumerator enumerator)
   at Microsoft.EntityFrameworkCore.Query.Internal.SingleQueryingEnumerable`1.Enumerator.<>c.<MoveNext>b__21_0(DbContext _, Enumerator enumerator)
   at Npgsql.EntityFrameworkCore.PostgreSQL.Storage.Internal.NpgsqlExecutionStrategy.Execute[TState,TResult](TState state, Func`3 operation, Func`3 verifySucceeded)
   at Microsoft.EntityFrameworkCore.Query.Internal.SingleQueryingEnumerable`1.Enumerator.MoveNext()
System.Threading.ThreadAbortException: System error.
   at Npgsql.NpgsqlConnection.<Open>g__OpenAsync|42_0(Boolean async, CancellationToken cancellationToken)
   at System.Runtime.CompilerServices.AsyncMethodBuilderCore.Start[TStateMachine](TStateMachine& stateMachine)
   at Npgsql.NpgsqlConnection.<Open>g__OpenAsync|42_0(Boolean async, CancellationToken cancellationToken)
   at Npgsql.NpgsqlConnection.Open(Boolean async, CancellationToken cancellationToken)
   at Npgsql.NpgsqlConnection.Open()
   at Microsoft.EntityFrameworkCore.Storage.RelationalConnection.OpenDbConnection(Boolean errorsExpected)
   at Microsoft.EntityFrameworkCore.Storage.RelationalConnection.OpenInternal(Boolean errorsExpected)
   at Microsoft.EntityFrameworkCore.Storage.RelationalConnection.Open(Boolean errorsExpected)
   at Microsoft.EntityFrameworkCore.Storage.RelationalCommand.ExecuteReader(RelationalCommandParameterObject parameterObject)
   at Microsoft.EntityFrameworkCore.Query.Internal.SingleQueryingEnumerable`1.Enumerator.InitializeReader(Enumerator enumerator)
   at Microsoft.EntityFrameworkCore.Query.Internal.SingleQueryingEnumerable`1.Enumerator.<>c.<MoveNext>b__21_0(DbContext _, Enumerator enumerator)
   at Npgsql.EntityFrameworkCore.PostgreSQL.Storage.Internal.NpgsqlExecutionStrategy.Execute[TState,TResult](TState state, Func`3 operation, Func`3 verifySucceeded)
   at Microsoft.EntityFrameworkCore.Query.Internal.SingleQueryingEnumerable`1.Enumerator.MoveNext()
2026-06-29 22:27:16.959 +07:00 [ERR] An error occurred using the connection to database 'blogapp' on server 'tcp://localhost:5432'.
2026-06-29 22:27:16.973 +07:00 [ERR] An exception occurred while iterating over the results of a query for context type 'BlogApp.Dbs.BlogAppContext'.
System.Threading.ThreadAbortException: System error.
   at Npgsql.NpgsqlConnection.<Open>g__OpenAsync|42_0(Boolean async, CancellationToken cancellationToken)
   at System.Runtime.CompilerServices.AsyncMethodBuilderCore.Start[TStateMachine](TStateMachine& stateMachine)
   at Npgsql.NpgsqlConnection.<Open>g__OpenAsync|42_0(Boolean async, CancellationToken cancellationToken)
   at Npgsql.NpgsqlConnection.Open(Boolean async, CancellationToken cancellationToken)
   at Npgsql.NpgsqlConnection.Open()
   at Microsoft.EntityFrameworkCore.Storage.RelationalConnection.OpenDbConnection(Boolean errorsExpected)
   at Microsoft.EntityFrameworkCore.Storage.RelationalConnection.OpenInternal(Boolean errorsExpected)
   at Microsoft.EntityFrameworkCore.Storage.RelationalConnection.Open(Boolean errorsExpected)
   at Microsoft.EntityFrameworkCore.Storage.RelationalCommand.ExecuteReader(RelationalCommandParameterObject parameterObject)
   at Microsoft.EntityFrameworkCore.Query.Internal.SingleQueryingEnumerable`1.Enumerator.InitializeReader(Enumerator enumerator)
   at Microsoft.EntityFrameworkCore.Query.Internal.SingleQueryingEnumerable`1.Enumerator.<>c.<MoveNext>b__21_0(DbContext _, Enumerator enumerator)
   at Npgsql.EntityFrameworkCore.PostgreSQL.Storage.Internal.NpgsqlExecutionStrategy.Execute[TState,TResult](TState state, Func`3 operation, Func`3 verifySucceeded)
   at Microsoft.EntityFrameworkCore.Query.Internal.SingleQueryingEnumerable`1.Enumerator.MoveNext()
System.Threading.ThreadAbortException: System error.
   at Npgsql.NpgsqlConnection.<Open>g__OpenAsync|42_0(Boolean async, CancellationToken cancellationToken)
   at System.Runtime.CompilerServices.AsyncMethodBuilderCore.Start[TStateMachine](TStateMachine& stateMachine)
   at Npgsql.NpgsqlConnection.<Open>g__OpenAsync|42_0(Boolean async, CancellationToken cancellationToken)
   at Npgsql.NpgsqlConnection.Open(Boolean async, CancellationToken cancellationToken)
   at Npgsql.NpgsqlConnection.Open()
   at Microsoft.EntityFrameworkCore.Storage.RelationalConnection.OpenDbConnection(Boolean errorsExpected)
   at Microsoft.EntityFrameworkCore.Storage.RelationalConnection.OpenInternal(Boolean errorsExpected)
   at Microsoft.EntityFrameworkCore.Storage.RelationalConnection.Open(Boolean errorsExpected)
   at Microsoft.EntityFrameworkCore.Storage.RelationalCommand.ExecuteReader(RelationalCommandParameterObject parameterObject)
   at Microsoft.EntityFrameworkCore.Query.Internal.SingleQueryingEnumerable`1.Enumerator.InitializeReader(Enumerator enumerator)
   at Microsoft.EntityFrameworkCore.Query.Internal.SingleQueryingEnumerable`1.Enumerator.<>c.<MoveNext>b__21_0(DbContext _, Enumerator enumerator)
   at Npgsql.EntityFrameworkCore.PostgreSQL.Storage.Internal.NpgsqlExecutionStrategy.Execute[TState,TResult](TState state, Func`3 operation, Func`3 verifySucceeded)
   at Microsoft.EntityFrameworkCore.Query.Internal.SingleQueryingEnumerable`1.Enumerator.MoveNext()
2026-06-29 22:27:25.640 +07:00 [ERR] An error occurred using the connection to database 'blogapp' on server 'tcp://localhost:5432'.
2026-06-29 22:27:25.656 +07:00 [ERR] An exception occurred while iterating over the results of a query for context type 'BlogApp.Dbs.BlogAppContext'.
System.Threading.ThreadAbortException: System error.
   at Npgsql.NpgsqlConnection.<Open>g__OpenAsync|42_0(Boolean async, CancellationToken cancellationToken)
   at System.Runtime.CompilerServices.AsyncMethodBuilderCore.Start[TStateMachine](TStateMachine& stateMachine)
   at Npgsql.NpgsqlConnection.<Open>g__OpenAsync|42_0(Boolean async, CancellationToken cancellationToken)
   at Npgsql.NpgsqlConnection.Open(Boolean async, CancellationToken cancellationToken)
   at Npgsql.NpgsqlConnection.Open()
   at Microsoft.EntityFrameworkCore.Storage.RelationalConnection.OpenDbConnection(Boolean errorsExpected)
   at Microsoft.EntityFrameworkCore.Storage.RelationalConnection.OpenInternal(Boolean errorsExpected)
   at Microsoft.EntityFrameworkCore.Storage.RelationalConnection.Open(Boolean errorsExpected)
   at Microsoft.EntityFrameworkCore.Storage.RelationalCommand.ExecuteReader(RelationalCommandParameterObject parameterObject)
   at Microsoft.EntityFrameworkCore.Query.Internal.SingleQueryingEnumerable`1.Enumerator.InitializeReader(Enumerator enumerator)
   at Microsoft.EntityFrameworkCore.Query.Internal.SingleQueryingEnumerable`1.Enumerator.<>c.<MoveNext>b__21_0(DbContext _, Enumerator enumerator)
   at Npgsql.EntityFrameworkCore.PostgreSQL.Storage.Internal.NpgsqlExecutionStrategy.Execute[TState,TResult](TState state, Func`3 operation, Func`3 verifySucceeded)
   at Microsoft.EntityFrameworkCore.Query.Internal.SingleQueryingEnumerable`1.Enumerator.MoveNext()
System.Threading.ThreadAbortException: System error.
   at Npgsql.NpgsqlConnection.<Open>g__OpenAsync|42_0(Boolean async, CancellationToken cancellationToken)
   at System.Runtime.CompilerServices.AsyncMethodBuilderCore.Start[TStateMachine](TStateMachine& stateMachine)
   at Npgsql.NpgsqlConnection.<Open>g__OpenAsync|42_0(Boolean async, CancellationToken cancellationToken)
   at Npgsql.NpgsqlConnection.Open(Boolean async, CancellationToken cancellationToken)
   at Npgsql.NpgsqlConnection.Open()
   at Microsoft.EntityFrameworkCore.Storage.RelationalConnection.OpenDbConnection(Boolean errorsExpected)
   at Microsoft.EntityFrameworkCore.Storage.RelationalConnection.OpenInternal(Boolean errorsExpected)
   at Microsoft.EntityFrameworkCore.Storage.RelationalConnection.Open(Boolean errorsExpected)
   at Microsoft.EntityFrameworkCore.Storage.RelationalCommand.ExecuteReader(RelationalCommandParameterObject parameterObject)
   at Microsoft.EntityFrameworkCore.Query.Internal.SingleQueryingEnumerable`1.Enumerator.InitializeReader(Enumerator enumerator)
   at Microsoft.EntityFrameworkCore.Query.Internal.SingleQueryingEnumerable`1.Enumerator.<>c.<MoveNext>b__21_0(DbContext _, Enumerator enumerator)
   at Npgsql.EntityFrameworkCore.PostgreSQL.Storage.Internal.NpgsqlExecutionStrategy.Execute[TState,TResult](TState state, Func`3 operation, Func`3 verifySucceeded)
   at Microsoft.EntityFrameworkCore.Query.Internal.SingleQueryingEnumerable`1.Enumerator.MoveNext()
2026-06-29 22:27:28.921 +07:00 [INF] Executed DbCommand (1ms) [Parameters=[@req_Tags='?' (DbType = Object)], CommandType='"Text"', CommandTimeout='30']
SELECT count(*)::int
FROM "Blogs" AS b
WHERE @req_Tags && b."Tags"
2026-06-29 22:27:37.539 +07:00 [ERR] Failed executing DbCommand (8,532ms) [Parameters=[@req_Tags='?' (DbType = Object)], CommandType='"Text"', CommandTimeout='30']
SELECT b."Id", b."AmountOfAccesses", b."AuthorId", b."Content", b."CoverImage", b."CreatedAt", b."PublishedAt", b."State", b."Tags", b."Title", b."UpdatedAt"
FROM "Blogs" AS b
WHERE @req_Tags && b."Tags"
ORDER BY b."PublishedAt" DESC
2026-06-29 22:27:37.550 +07:00 [ERR] An exception occurred while iterating over the results of a query for context type 'BlogApp.Dbs.BlogAppContext'.
System.Threading.ThreadAbortException: System error.
   at Npgsql.NpgsqlCommand.ExecuteReader(Boolean async, CommandBehavior behavior, CancellationToken cancellationToken)
   at System.Runtime.CompilerServices.AsyncMethodBuilderCore.Start[TStateMachine](TStateMachine& stateMachine)
   at Npgsql.NpgsqlCommand.ExecuteReader(Boolean async, CommandBehavior behavior, CancellationToken cancellationToken)
   at Npgsql.NpgsqlCommand.ExecuteReader(CommandBehavior behavior)
   at Npgsql.NpgsqlCommand.ExecuteDbDataReader(CommandBehavior behavior)
   at Microsoft.EntityFrameworkCore.Storage.RelationalCommand.ExecuteReader(RelationalCommandParameterObject parameterObject)
   at Microsoft.EntityFrameworkCore.Query.Internal.SingleQueryingEnumerable`1.Enumerator.InitializeReader(Enumerator enumerator)
   at Microsoft.EntityFrameworkCore.Query.Internal.SingleQueryingEnumerable`1.Enumerator.<>c.<MoveNext>b__21_0(DbContext _, Enumerator enumerator)
   at Npgsql.EntityFrameworkCore.PostgreSQL.Storage.Internal.NpgsqlExecutionStrategy.Execute[TState,TResult](TState state, Func`3 operation, Func`3 verifySucceeded)
   at Microsoft.EntityFrameworkCore.Query.Internal.SingleQueryingEnumerable`1.Enumerator.MoveNext()
System.Threading.ThreadAbortException: System error.
   at Npgsql.NpgsqlCommand.ExecuteReader(Boolean async, CommandBehavior behavior, CancellationToken cancellationToken)
   at System.Runtime.CompilerServices.AsyncMethodBuilderCore.Start[TStateMachine](TStateMachine& stateMachine)
   at Npgsql.NpgsqlCommand.ExecuteReader(Boolean async, CommandBehavior behavior, CancellationToken cancellationToken)
   at Npgsql.NpgsqlCommand.ExecuteReader(CommandBehavior behavior)
   at Npgsql.NpgsqlCommand.ExecuteDbDataReader(CommandBehavior behavior)
   at Microsoft.EntityFrameworkCore.Storage.RelationalCommand.ExecuteReader(RelationalCommandParameterObject parameterObject)
   at Microsoft.EntityFrameworkCore.Query.Internal.SingleQueryingEnumerable`1.Enumerator.InitializeReader(Enumerator enumerator)
   at Microsoft.EntityFrameworkCore.Query.Internal.SingleQueryingEnumerable`1.Enumerator.<>c.<MoveNext>b__21_0(DbContext _, Enumerator enumerator)
   at Npgsql.EntityFrameworkCore.PostgreSQL.Storage.Internal.NpgsqlExecutionStrategy.Execute[TState,TResult](TState state, Func`3 operation, Func`3 verifySucceeded)
   at Microsoft.EntityFrameworkCore.Query.Internal.SingleQueryingEnumerable`1.Enumerator.MoveNext()
2026-06-29 22:29:03.256 +07:00 [INF] Executed DbCommand (2ms) [Parameters=[@req_Tags='?' (DbType = Object), @p2='?' (DbType = Int32), @p='?' (DbType = Int32)], CommandType='"Text"', CommandTimeout='30']
SELECT b0."Id", b0."AmountOfAccesses", b0."AuthorId", b0."Content", b0."CoverImage", b0."CreatedAt", b0."PublishedAt", b0."State", b0."Tags", b0."Title", b0."UpdatedAt", a."Username", a."Address", a."Avatar", a."CreatedAt", a."Description", a."Email", a."FullName", a."Functions", a."OtherContact", a."Password", a."Phone", a."Role", a."State", a."UpdatedAt"
FROM (
    SELECT b."Id", b."AmountOfAccesses", b."AuthorId", b."Content", b."CoverImage", b."CreatedAt", b."PublishedAt", b."State", b."Tags", b."Title", b."UpdatedAt"
    FROM "Blogs" AS b
    WHERE @req_Tags && b."Tags"
    ORDER BY b."PublishedAt" DESC
    LIMIT @p2 OFFSET @p
) AS b0
INNER JOIN "Accounts" AS a ON b0."AuthorId" = a."Username"
ORDER BY b0."PublishedAt" DESC
2026-06-29 22:29:03.853 +07:00 [INF] Executing OkObjectResult, writing value of type 'BlogApp.DTOs.BlogPageRespDTO'.
2026-06-29 22:29:03.853 +07:00 [INF] Executed action BlogApp.Controllers.BlogController.SearchBlogs (BlogApp) in 248057.4253ms
2026-06-29 22:29:03.853 +07:00 [INF] Executed endpoint 'BlogApp.Controllers.BlogController.SearchBlogs (BlogApp)'
2026-06-29 22:29:03.853 +07:00 [INF] HTTP POST /api/blog/search responded 200 in 248058.0314 ms
2026-06-29 22:29:03.853 +07:00 [INF] Request finished HTTP/1.1 POST http://localhost:5059/api/blog/search - 200 null application/json; charset=utf-8 248058.3982ms
2026-06-29 22:30:01.749 +07:00 [INF] User profile is available. Using '/home/kieudangkimbao2000/.aspnet/DataProtection-Keys' as key repository; keys will not be encrypted at rest.
2026-06-29 22:30:01.962 +07:00 [WRN] The ASP.NET Core developer certificate is not trusted. For information about trusting the ASP.NET Core developer certificate, see https://aka.ms/aspnet/https-trust-dev-cert
2026-06-29 22:30:01.976 +07:00 [INF] Now listening on: https://localhost:7065
2026-06-29 22:30:01.977 +07:00 [INF] Now listening on: http://localhost:5059
2026-06-29 22:30:01.978 +07:00 [INF] Application started. Press Ctrl+C to shut down.
2026-06-29 22:30:01.979 +07:00 [INF] Hosting environment: Development
2026-06-29 22:30:01.979 +07:00 [INF] Content root path: /home/kieudangkimbao2000/WorkSpace/BlogApp/backend
2026-06-29 22:37:09.118 +07:00 [INF] User profile is available. Using '/home/kieudangkimbao2000/.aspnet/DataProtection-Keys' as key repository; keys will not be encrypted at rest.
2026-06-29 22:37:09.321 +07:00 [WRN] The ASP.NET Core developer certificate is not trusted. For information about trusting the ASP.NET Core developer certificate, see https://aka.ms/aspnet/https-trust-dev-cert
2026-06-29 22:37:09.335 +07:00 [INF] Now listening on: https://localhost:7065
2026-06-29 22:37:09.336 +07:00 [INF] Now listening on: http://localhost:5059
2026-06-29 22:37:09.337 +07:00 [INF] Application started. Press Ctrl+C to shut down.
2026-06-29 22:37:09.338 +07:00 [INF] Hosting environment: Development
2026-06-29 22:37:09.338 +07:00 [INF] Content root path: /home/kieudangkimbao2000/WorkSpace/BlogApp/backend
2026-06-29 22:37:21.106 +07:00 [INF] Request starting HTTP/1.1 OPTIONS http://localhost:5059/api/blog/search - null null
2026-06-29 22:37:21.106 +07:00 [INF] Request starting HTTP/1.1 OPTIONS http://localhost:5059/api/blog/topfive - null null
2026-06-29 22:37:21.106 +07:00 [INF] Request starting HTTP/1.1 OPTIONS http://localhost:5059/api/tags/topfive - null null
2026-06-29 22:37:21.106 +07:00 [INF] Request starting HTTP/1.1 OPTIONS http://localhost:5059/api/authen/check-valid-token - null null
2026-06-29 22:37:21.106 +07:00 [INF] Request starting HTTP/1.1 OPTIONS http://localhost:5059/api/blog/search - null null
2026-06-29 22:37:21.106 +07:00 [INF] Request starting HTTP/1.1 OPTIONS http://localhost:5059/api/blog/fivelatest - null null
2026-06-29 22:37:21.138 +07:00 [INF] CORS policy execution successful.
2026-06-29 22:37:21.138 +07:00 [INF] CORS policy execution successful.
2026-06-29 22:37:21.138 +07:00 [INF] CORS policy execution successful.
2026-06-29 22:37:21.138 +07:00 [INF] CORS policy execution successful.
2026-06-29 22:37:21.138 +07:00 [INF] CORS policy execution successful.
2026-06-29 22:37:21.138 +07:00 [INF] CORS policy execution successful.
2026-06-29 22:37:21.145 +07:00 [INF] Request finished HTTP/1.1 OPTIONS http://localhost:5059/api/blog/fivelatest - 204 null null 39.4964ms
2026-06-29 22:37:21.145 +07:00 [INF] Request finished HTTP/1.1 OPTIONS http://localhost:5059/api/tags/topfive - 204 null null 39.674ms
2026-06-29 22:37:21.145 +07:00 [INF] Request finished HTTP/1.1 OPTIONS http://localhost:5059/api/blog/search - 204 null null 39.4843ms
2026-06-29 22:37:21.145 +07:00 [INF] Request finished HTTP/1.1 OPTIONS http://localhost:5059/api/authen/check-valid-token - 204 null null 39.482ms
2026-06-29 22:37:21.145 +07:00 [INF] Request finished HTTP/1.1 OPTIONS http://localhost:5059/api/blog/search - 204 null null 39.4903ms
2026-06-29 22:37:21.145 +07:00 [INF] Request finished HTTP/1.1 OPTIONS http://localhost:5059/api/blog/topfive - 204 null null 39.5005ms
2026-06-29 22:37:21.147 +07:00 [INF] Request starting HTTP/1.1 OPTIONS http://localhost:5059/api/tags/topfive - null null
2026-06-29 22:37:21.147 +07:00 [INF] Request starting HTTP/1.1 OPTIONS http://localhost:5059/api/authen/check-valid-token - null null
2026-06-29 22:37:21.147 +07:00 [INF] Request starting HTTP/1.1 OPTIONS http://localhost:5059/api/blog/fivelatest - null null
2026-06-29 22:37:21.147 +07:00 [INF] Request starting HTTP/1.1 OPTIONS http://localhost:5059/api/blog/topfive - null null
2026-06-29 22:37:21.148 +07:00 [INF] Request starting HTTP/1.1 GET http://localhost:5059/api/tags/topfive - null null
2026-06-29 22:37:21.148 +07:00 [INF] Request starting HTTP/1.1 GET http://localhost:5059/api/blog/topfive - null null
2026-06-29 22:37:21.150 +07:00 [INF] CORS policy execution successful.
2026-06-29 22:37:21.150 +07:00 [INF] CORS policy execution successful.
2026-06-29 22:37:21.150 +07:00 [INF] CORS policy execution successful.
2026-06-29 22:37:21.150 +07:00 [INF] CORS policy execution successful.
2026-06-29 22:37:21.150 +07:00 [INF] CORS policy execution successful.
2026-06-29 22:37:21.150 +07:00 [INF] Request finished HTTP/1.1 OPTIONS http://localhost:5059/api/blog/fivelatest - 204 null null 3.1002ms
2026-06-29 22:37:21.150 +07:00 [INF] Request finished HTTP/1.1 OPTIONS http://localhost:5059/api/blog/topfive - 204 null null 3.0968ms
2026-06-29 22:37:21.150 +07:00 [INF] CORS policy execution successful.
2026-06-29 22:37:21.150 +07:00 [INF] Request finished HTTP/1.1 OPTIONS http://localhost:5059/api/tags/topfive - 204 null null 3.1452ms
2026-06-29 22:37:21.151 +07:00 [INF] Request finished HTTP/1.1 OPTIONS http://localhost:5059/api/authen/check-valid-token - 204 null null 3.3195ms
2026-06-29 22:37:21.152 +07:00 [INF] Request starting HTTP/1.1 GET http://localhost:5059/api/authen/check-valid-token - null null
2026-06-29 22:37:21.152 +07:00 [INF] Request starting HTTP/1.1 GET http://localhost:5059/api/blog/fivelatest - null null
2026-06-29 22:37:21.152 +07:00 [INF] CORS policy execution successful.
2026-06-29 22:37:21.152 +07:00 [INF] CORS policy execution successful.
2026-06-29 22:37:21.152 +07:00 [INF] Request starting HTTP/1.1 POST http://localhost:5059/api/blog/search - multipart/form-data; boundary=----WebKitFormBoundaryZIzTVsI9Niaq1p21 426
2026-06-29 22:37:21.152 +07:00 [INF] Request starting HTTP/1.1 POST http://localhost:5059/api/blog/search - multipart/form-data; boundary=----WebKitFormBoundaryaWIoaY5bvnwDVjRm 426
2026-06-29 22:37:21.153 +07:00 [INF] CORS policy execution successful.
2026-06-29 22:37:21.153 +07:00 [INF] CORS policy execution successful.
2026-06-29 22:37:21.223 +07:00 [INF] Executing endpoint 'BlogApp.Controllers.BlogController.SearchBlogs (BlogApp)'
2026-06-29 22:37:21.223 +07:00 [INF] Executing endpoint 'BlogApp.Controllers.TagController.GetTop5Tags (BlogApp)'
2026-06-29 22:37:21.223 +07:00 [INF] Executing endpoint 'BlogApp.Controllers.BlogController.GetTop5Blogs (BlogApp)'
2026-06-29 22:37:21.223 +07:00 [INF] Executing endpoint 'BlogApp.Controllers.BlogController.SearchBlogs (BlogApp)'
2026-06-29 22:37:21.223 +07:00 [INF] Executing endpoint 'BlogApp.Controllers.BlogController.Get5LatestBlogs (BlogApp)'
2026-06-29 22:37:21.224 +07:00 [INF] Executing endpoint 'BlogApp.Controllers.AuthenController.CheckValidToken (BlogApp)'
2026-06-29 22:37:21.234 +07:00 [INF] Route matched with {action = "CheckValidToken", controller = "Authen"}. Executing controller action with signature Microsoft.AspNetCore.Mvc.ActionResult`1[BlogApp.DTOs.ResponseBaseDTO] CheckValidToken() on controller BlogApp.Controllers.AuthenController (BlogApp).
2026-06-29 22:37:21.234 +07:00 [INF] Route matched with {action = "GetTop5Blogs", controller = "Blog"}. Executing controller action with signature Microsoft.AspNetCore.Mvc.ActionResult GetTop5Blogs() on controller BlogApp.Controllers.BlogController (BlogApp).
2026-06-29 22:37:21.234 +07:00 [INF] Route matched with {action = "Get5LatestBlogs", controller = "Blog"}. Executing controller action with signature Microsoft.AspNetCore.Mvc.ActionResult Get5LatestBlogs() on controller BlogApp.Controllers.BlogController (BlogApp).
2026-06-29 22:37:21.234 +07:00 [INF] Route matched with {action = "GetTop5Tags", controller = "Tag"}. Executing controller action with signature Microsoft.AspNetCore.Mvc.ActionResult GetTop5Tags() on controller BlogApp.Controllers.TagController (BlogApp).
2026-06-29 22:37:21.239 +07:00 [INF] Route matched with {action = "SearchBlogs", controller = "Blog"}. Executing controller action with signature Microsoft.AspNetCore.Mvc.ActionResult SearchBlogs(BlogApp.DTOs.SearchBlogReqDTO) on controller BlogApp.Controllers.BlogController (BlogApp).
2026-06-29 22:37:21.239 +07:00 [INF] Route matched with {action = "SearchBlogs", controller = "Blog"}. Executing controller action with signature Microsoft.AspNetCore.Mvc.ActionResult SearchBlogs(BlogApp.DTOs.SearchBlogReqDTO) on controller BlogApp.Controllers.BlogController (BlogApp).
2026-06-29 22:37:21.345 +07:00 [INF] Executing OkObjectResult, writing value of type 'BlogApp.DTOs.ResponseBaseDTO'.
2026-06-29 22:37:21.363 +07:00 [INF] Executed action BlogApp.Controllers.AuthenController.CheckValidToken (BlogApp) in 126.1356ms
2026-06-29 22:37:21.363 +07:00 [INF] Executed endpoint 'BlogApp.Controllers.AuthenController.CheckValidToken (BlogApp)'
2026-06-29 22:37:21.371 +07:00 [INF] HTTP GET /api/authen/check-valid-token responded 200 in 210.6359 ms
2026-06-29 22:37:24.206 +07:00 [INF] Request finished HTTP/1.1 GET http://localhost:5059/api/authen/check-valid-token - 200 null application/json; charset=utf-8 3053.8658ms
2026-06-29 22:37:24.207 +07:00 [INF] Request starting HTTP/1.1 GET http://localhost:5059/api/authen/check-valid-token - null null
2026-06-29 22:37:24.207 +07:00 [INF] CORS policy execution successful.
2026-06-29 22:37:24.211 +07:00 [INF] Executing endpoint 'BlogApp.Controllers.AuthenController.CheckValidToken (BlogApp)'
2026-06-29 22:37:24.211 +07:00 [INF] Route matched with {action = "CheckValidToken", controller = "Authen"}. Executing controller action with signature Microsoft.AspNetCore.Mvc.ActionResult`1[BlogApp.DTOs.ResponseBaseDTO] CheckValidToken() on controller BlogApp.Controllers.AuthenController (BlogApp).
2026-06-29 22:37:24.212 +07:00 [INF] Executing OkObjectResult, writing value of type 'BlogApp.DTOs.ResponseBaseDTO'.
2026-06-29 22:37:24.213 +07:00 [INF] Executed action BlogApp.Controllers.AuthenController.CheckValidToken (BlogApp) in 1.8009ms
2026-06-29 22:37:24.213 +07:00 [INF] Executed endpoint 'BlogApp.Controllers.AuthenController.CheckValidToken (BlogApp)'
2026-06-29 22:37:24.213 +07:00 [INF] HTTP GET /api/authen/check-valid-token responded 200 in 5.8413 ms
2026-06-29 22:37:24.213 +07:00 [INF] Request finished HTTP/1.1 GET http://localhost:5059/api/authen/check-valid-token - 200 null application/json; charset=utf-8 6.4955ms
2026-06-29 22:37:24.881 +07:00 [INF] Executed DbCommand (17ms) [Parameters=[], CommandType='"Text"', CommandTimeout='30']
SELECT count(*)::int
FROM "Blogs" AS b
2026-06-29 22:37:24.881 +07:00 [INF] Executed DbCommand (17ms) [Parameters=[], CommandType='"Text"', CommandTimeout='30']
SELECT b."Id", b."AmountOfAccesses", b."AuthorId", b."Content", b."CoverImage", b."CreatedAt", b."PublishedAt", b."State", b."Tags", b."Title", b."UpdatedAt"
FROM "Blogs" AS b
ORDER BY b."CreatedAt" DESC
2026-06-29 22:37:24.881 +07:00 [INF] Executed DbCommand (17ms) [Parameters=[], CommandType='"Text"', CommandTimeout='30']

            SELECT tag AS Name, COUNT(*) AS blog_count
            FROM "Blogs", UNNEST("Tags") AS tag
            GROUP BY tag
            ORDER BY blog_count DESC
            LIMIT 5
2026-06-29 22:37:24.881 +07:00 [INF] Executed DbCommand (17ms) [Parameters=[], CommandType='"Text"', CommandTimeout='30']
SELECT b."Id", b."AmountOfAccesses", b."AuthorId", b."Content", b."CoverImage", b."CreatedAt", b."PublishedAt", b."State", b."Tags", b."Title", b."UpdatedAt"
FROM "Blogs" AS b
ORDER BY b."CreatedAt" DESC
2026-06-29 22:37:24.881 +07:00 [INF] Executed DbCommand (17ms) [Parameters=[], CommandType='"Text"', CommandTimeout='30']
SELECT count(*)::int
FROM "Blogs" AS b
2026-06-29 22:37:24.924 +07:00 [INF] Executing OkObjectResult, writing value of type 'BlogApp.DTOs.TagListRespDTO'.
2026-06-29 22:37:24.935 +07:00 [INF] Executed action BlogApp.Controllers.TagController.GetTop5Tags (BlogApp) in 3700.3534ms
2026-06-29 22:37:24.935 +07:00 [INF] Executed endpoint 'BlogApp.Controllers.TagController.GetTop5Tags (BlogApp)'
2026-06-29 22:37:24.935 +07:00 [INF] HTTP GET /api/tags/topfive responded 200 in 3784.2411 ms
2026-06-29 22:37:24.936 +07:00 [INF] Request starting HTTP/1.1 GET http://localhost:5059/api/tags/topfive - null null
2026-06-29 22:37:24.936 +07:00 [INF] CORS policy execution successful.
2026-06-29 22:37:24.937 +07:00 [INF] Executing endpoint 'BlogApp.Controllers.TagController.GetTop5Tags (BlogApp)'
2026-06-29 22:37:24.937 +07:00 [INF] Route matched with {action = "GetTop5Tags", controller = "Tag"}. Executing controller action with signature Microsoft.AspNetCore.Mvc.ActionResult GetTop5Tags() on controller BlogApp.Controllers.TagController (BlogApp).
2026-06-29 22:37:24.940 +07:00 [INF] Request finished HTTP/1.1 GET http://localhost:5059/api/tags/topfive - 200 null application/json; charset=utf-8 3792.7562ms
2026-06-29 22:37:24.986 +07:00 [INF] Executed DbCommand (2ms) [Parameters=[], CommandType='"Text"', CommandTimeout='30']

            SELECT tag AS Name, COUNT(*) AS blog_count
            FROM "Blogs", UNNEST("Tags") AS tag
            GROUP BY tag
            ORDER BY blog_count DESC
            LIMIT 5
2026-06-29 22:37:24.987 +07:00 [INF] Executing OkObjectResult, writing value of type 'BlogApp.DTOs.TagListRespDTO'.
2026-06-29 22:37:24.987 +07:00 [INF] Executed action BlogApp.Controllers.TagController.GetTop5Tags (BlogApp) in 50.1759ms
2026-06-29 22:37:24.987 +07:00 [INF] Executed endpoint 'BlogApp.Controllers.TagController.GetTop5Tags (BlogApp)'
2026-06-29 22:37:24.987 +07:00 [INF] HTTP GET /api/tags/topfive responded 200 in 50.9504 ms
2026-06-29 22:37:24.988 +07:00 [INF] Request finished HTTP/1.1 GET http://localhost:5059/api/tags/topfive - 200 null application/json; charset=utf-8 51.5516ms
2026-06-29 22:37:25.002 +07:00 [INF] Executed DbCommand (8ms) [Parameters=[@p1='?' (DbType = Int32), @p='?' (DbType = Int32)], CommandType='"Text"', CommandTimeout='30']
SELECT b0."Id", b0."AmountOfAccesses", b0."AuthorId", b0."Content", b0."CoverImage", b0."CreatedAt", b0."PublishedAt", b0."State", b0."Tags", b0."Title", b0."UpdatedAt", a."Username", a."Address", a."Avatar", a."CreatedAt", a."Description", a."Email", a."FullName", a."Functions", a."OtherContact", a."Password", a."Phone", a."Role", a."State", a."UpdatedAt"
FROM (
    SELECT b."Id", b."AmountOfAccesses", b."AuthorId", b."Content", b."CoverImage", b."CreatedAt", b."PublishedAt", b."State", b."Tags", b."Title", b."UpdatedAt"
    FROM "Blogs" AS b
    ORDER BY b."PublishedAt" DESC
    LIMIT @p1 OFFSET @p
) AS b0
INNER JOIN "Accounts" AS a ON b0."AuthorId" = a."Username"
ORDER BY b0."PublishedAt" DESC
2026-06-29 22:37:25.002 +07:00 [INF] Executed DbCommand (8ms) [Parameters=[@p1='?' (DbType = Int32), @p='?' (DbType = Int32)], CommandType='"Text"', CommandTimeout='30']
SELECT b0."Id", b0."AmountOfAccesses", b0."AuthorId", b0."Content", b0."CoverImage", b0."CreatedAt", b0."PublishedAt", b0."State", b0."Tags", b0."Title", b0."UpdatedAt", a."Username", a."Address", a."Avatar", a."CreatedAt", a."Description", a."Email", a."FullName", a."Functions", a."OtherContact", a."Password", a."Phone", a."Role", a."State", a."UpdatedAt"
FROM (
    SELECT b."Id", b."AmountOfAccesses", b."AuthorId", b."Content", b."CoverImage", b."CreatedAt", b."PublishedAt", b."State", b."Tags", b."Title", b."UpdatedAt"
    FROM "Blogs" AS b
    ORDER BY b."PublishedAt" DESC
    LIMIT @p1 OFFSET @p
) AS b0
INNER JOIN "Accounts" AS a ON b0."AuthorId" = a."Username"
ORDER BY b0."PublishedAt" DESC
2026-06-29 22:37:25.019 +07:00 [INF] Executing OkObjectResult, writing value of type 'BlogApp.DTOs.BlogListRespDTO'.
2026-06-29 22:37:25.019 +07:00 [INF] Executing OkObjectResult, writing value of type 'BlogApp.DTOs.BlogListRespDTO'.
2026-06-29 22:37:25.027 +07:00 [INF] Executed action BlogApp.Controllers.BlogController.GetTop5Blogs (BlogApp) in 3792.5488ms
2026-06-29 22:37:25.027 +07:00 [INF] Executed action BlogApp.Controllers.BlogController.Get5LatestBlogs (BlogApp) in 3792.4165ms
2026-06-29 22:37:25.027 +07:00 [INF] Executed endpoint 'BlogApp.Controllers.BlogController.GetTop5Blogs (BlogApp)'
2026-06-29 22:37:25.027 +07:00 [INF] Executed endpoint 'BlogApp.Controllers.BlogController.Get5LatestBlogs (BlogApp)'
2026-06-29 22:37:25.027 +07:00 [INF] HTTP GET /api/blog/topfive responded 200 in 3876.0578 ms
2026-06-29 22:37:25.027 +07:00 [INF] HTTP GET /api/blog/fivelatest responded 200 in 3874.6566 ms
2026-06-29 22:37:25.027 +07:00 [INF] Request finished HTTP/1.1 GET http://localhost:5059/api/blog/topfive - 200 null application/json; charset=utf-8 3879.6993ms
2026-06-29 22:37:25.027 +07:00 [INF] Request finished HTTP/1.1 GET http://localhost:5059/api/blog/fivelatest - 200 null application/json; charset=utf-8 3875.2908ms
2026-06-29 22:37:25.028 +07:00 [INF] Request starting HTTP/1.1 GET http://localhost:5059/api/blog/fivelatest - null null
2026-06-29 22:37:25.028 +07:00 [INF] Request starting HTTP/1.1 GET http://localhost:5059/api/blog/topfive - null null
2026-06-29 22:37:25.029 +07:00 [INF] CORS policy execution successful.
2026-06-29 22:37:25.029 +07:00 [INF] CORS policy execution successful.
2026-06-29 22:37:25.029 +07:00 [INF] Executing endpoint 'BlogApp.Controllers.BlogController.GetTop5Blogs (BlogApp)'
2026-06-29 22:37:25.029 +07:00 [INF] Executing endpoint 'BlogApp.Controllers.BlogController.Get5LatestBlogs (BlogApp)'
2026-06-29 22:37:25.029 +07:00 [INF] Route matched with {action = "GetTop5Blogs", controller = "Blog"}. Executing controller action with signature Microsoft.AspNetCore.Mvc.ActionResult GetTop5Blogs() on controller BlogApp.Controllers.BlogController (BlogApp).
2026-06-29 22:37:25.029 +07:00 [INF] Route matched with {action = "Get5LatestBlogs", controller = "Blog"}. Executing controller action with signature Microsoft.AspNetCore.Mvc.ActionResult Get5LatestBlogs() on controller BlogApp.Controllers.BlogController (BlogApp).
2026-06-29 22:37:25.034 +07:00 [INF] Executed DbCommand (1ms) [Parameters=[], CommandType='"Text"', CommandTimeout='30']
SELECT b."Id", b."AmountOfAccesses", b."AuthorId", b."Content", b."CoverImage", b."CreatedAt", b."PublishedAt", b."State", b."Tags", b."Title", b."UpdatedAt"
FROM "Blogs" AS b
ORDER BY b."CreatedAt" DESC
2026-06-29 22:37:25.034 +07:00 [INF] Executed DbCommand (1ms) [Parameters=[], CommandType='"Text"', CommandTimeout='30']
SELECT b."Id", b."AmountOfAccesses", b."AuthorId", b."Content", b."CoverImage", b."CreatedAt", b."PublishedAt", b."State", b."Tags", b."Title", b."UpdatedAt"
FROM "Blogs" AS b
ORDER BY b."CreatedAt" DESC
2026-06-29 22:37:25.034 +07:00 [INF] Executing OkObjectResult, writing value of type 'BlogApp.DTOs.BlogListRespDTO'.
2026-06-29 22:37:25.034 +07:00 [INF] Executing OkObjectResult, writing value of type 'BlogApp.DTOs.BlogListRespDTO'.
2026-06-29 22:37:25.035 +07:00 [INF] Executed action BlogApp.Controllers.BlogController.GetTop5Blogs (BlogApp) in 5.4291ms
2026-06-29 22:37:25.035 +07:00 [INF] Executed action BlogApp.Controllers.BlogController.Get5LatestBlogs (BlogApp) in 5.346ms
2026-06-29 22:37:25.035 +07:00 [INF] Executed endpoint 'BlogApp.Controllers.BlogController.GetTop5Blogs (BlogApp)'
2026-06-29 22:37:25.035 +07:00 [INF] Executed endpoint 'BlogApp.Controllers.BlogController.Get5LatestBlogs (BlogApp)'
2026-06-29 22:37:25.035 +07:00 [INF] HTTP GET /api/blog/topfive responded 200 in 6.2348 ms
2026-06-29 22:37:25.035 +07:00 [INF] HTTP GET /api/blog/fivelatest responded 200 in 6.3802 ms
2026-06-29 22:37:25.035 +07:00 [INF] Request finished HTTP/1.1 GET http://localhost:5059/api/blog/topfive - 200 null application/json; charset=utf-8 6.8564ms
2026-06-29 22:37:25.035 +07:00 [INF] Request finished HTTP/1.1 GET http://localhost:5059/api/blog/fivelatest - 200 null application/json; charset=utf-8 7.0105ms
2026-06-29 22:37:31.544 +07:00 [INF] Executing OkObjectResult, writing value of type 'BlogApp.DTOs.BlogPageRespDTO'.
2026-06-29 22:37:31.545 +07:00 [INF] Executing OkObjectResult, writing value of type 'BlogApp.DTOs.BlogPageRespDTO'.
2026-06-29 22:37:31.550 +07:00 [INF] Executed action BlogApp.Controllers.BlogController.SearchBlogs (BlogApp) in 10310.4346ms
2026-06-29 22:37:31.550 +07:00 [INF] Executed action BlogApp.Controllers.BlogController.SearchBlogs (BlogApp) in 10310.5475ms
2026-06-29 22:37:31.550 +07:00 [INF] Executed endpoint 'BlogApp.Controllers.BlogController.SearchBlogs (BlogApp)'
2026-06-29 22:37:31.550 +07:00 [INF] Executed endpoint 'BlogApp.Controllers.BlogController.SearchBlogs (BlogApp)'
2026-06-29 22:37:31.550 +07:00 [INF] HTTP POST /api/blog/search responded 200 in 10396.9719 ms
2026-06-29 22:37:31.550 +07:00 [INF] HTTP POST /api/blog/search responded 200 in 10397.1167 ms
2026-06-29 22:37:31.551 +07:00 [INF] Request finished HTTP/1.1 POST http://localhost:5059/api/blog/search - 200 null application/json; charset=utf-8 10398.0714ms
2026-06-29 22:37:31.551 +07:00 [INF] Request finished HTTP/1.1 POST http://localhost:5059/api/blog/search - 200 null application/json; charset=utf-8 10398.0563ms
2026-06-29 22:37:36.176 +07:00 [INF] Request starting HTTP/1.1 OPTIONS http://localhost:5059/api/authen/check-valid-token - null null
2026-06-29 22:37:36.176 +07:00 [INF] Request starting HTTP/1.1 OPTIONS http://localhost:5059/api/blog/search - null null
2026-06-29 22:37:36.177 +07:00 [INF] Request starting HTTP/1.1 OPTIONS http://localhost:5059/api/tags/topfive - null null
2026-06-29 22:37:36.177 +07:00 [INF] CORS policy execution successful.
2026-06-29 22:37:36.177 +07:00 [INF] Request starting HTTP/1.1 OPTIONS http://localhost:5059/api/blog/fivelatest - null null
2026-06-29 22:37:36.177 +07:00 [INF] CORS policy execution successful.
2026-06-29 22:37:36.177 +07:00 [INF] CORS policy execution successful.
2026-06-29 22:37:36.177 +07:00 [INF] Request starting HTTP/1.1 OPTIONS http://localhost:5059/api/blog/topfive - null null
2026-06-29 22:37:36.177 +07:00 [INF] CORS policy execution successful.
2026-06-29 22:37:36.177 +07:00 [INF] Request finished HTTP/1.1 OPTIONS http://localhost:5059/api/blog/search - 204 null null 1.1234ms
2026-06-29 22:37:36.178 +07:00 [INF] Request finished HTTP/1.1 OPTIONS http://localhost:5059/api/authen/check-valid-token - 204 null null 1.1185ms
2026-06-29 22:37:36.178 +07:00 [INF] Request finished HTTP/1.1 OPTIONS http://localhost:5059/api/tags/topfive - 204 null null 0.6033ms
2026-06-29 22:37:36.178 +07:00 [INF] CORS policy execution successful.
2026-06-29 22:37:36.178 +07:00 [INF] Request finished HTTP/1.1 OPTIONS http://localhost:5059/api/blog/fivelatest - 204 null null 0.6519ms
2026-06-29 22:37:36.178 +07:00 [INF] Request finished HTTP/1.1 OPTIONS http://localhost:5059/api/blog/topfive - 204 null null 0.943ms
2026-06-29 22:37:36.179 +07:00 [INF] Request starting HTTP/1.1 POST http://localhost:5059/api/blog/search - multipart/form-data; boundary=----WebKitFormBoundaryG7mAblHj5U07s3yk 426
2026-06-29 22:37:36.179 +07:00 [INF] CORS policy execution successful.
2026-06-29 22:37:36.180 +07:00 [INF] Executing endpoint 'BlogApp.Controllers.BlogController.SearchBlogs (BlogApp)'
2026-06-29 22:37:36.180 +07:00 [INF] Request starting HTTP/1.1 POST http://localhost:5059/api/blog/search - multipart/form-data; boundary=----WebKitFormBoundaryEZvo4xpOVCBuAwxb 426
2026-06-29 22:37:36.180 +07:00 [INF] Request starting HTTP/1.1 GET http://localhost:5059/api/authen/check-valid-token - null null
2026-06-29 22:37:36.180 +07:00 [INF] Request starting HTTP/1.1 GET http://localhost:5059/api/tags/topfive - null null
2026-06-29 22:37:36.180 +07:00 [INF] Route matched with {action = "SearchBlogs", controller = "Blog"}. Executing controller action with signature Microsoft.AspNetCore.Mvc.ActionResult SearchBlogs(BlogApp.DTOs.SearchBlogReqDTO) on controller BlogApp.Controllers.BlogController (BlogApp).
2026-06-29 22:37:36.180 +07:00 [INF] Request starting HTTP/1.1 GET http://localhost:5059/api/blog/fivelatest - null null
2026-06-29 22:37:36.180 +07:00 [INF] CORS policy execution successful.
2026-06-29 22:37:36.180 +07:00 [INF] Request starting HTTP/1.1 GET http://localhost:5059/api/blog/topfive - null null
2026-06-29 22:37:36.180 +07:00 [INF] CORS policy execution successful.
2026-06-29 22:37:36.180 +07:00 [INF] CORS policy execution successful.
2026-06-29 22:37:36.180 +07:00 [INF] CORS policy execution successful.
2026-06-29 22:37:36.181 +07:00 [INF] CORS policy execution successful.
2026-06-29 22:37:36.181 +07:00 [INF] Executing endpoint 'BlogApp.Controllers.BlogController.SearchBlogs (BlogApp)'
2026-06-29 22:37:36.181 +07:00 [INF] Executing endpoint 'BlogApp.Controllers.TagController.GetTop5Tags (BlogApp)'
2026-06-29 22:37:36.181 +07:00 [INF] Executing endpoint 'BlogApp.Controllers.BlogController.Get5LatestBlogs (BlogApp)'
2026-06-29 22:37:36.181 +07:00 [INF] Route matched with {action = "SearchBlogs", controller = "Blog"}. Executing controller action with signature Microsoft.AspNetCore.Mvc.ActionResult SearchBlogs(BlogApp.DTOs.SearchBlogReqDTO) on controller BlogApp.Controllers.BlogController (BlogApp).
2026-06-29 22:37:36.181 +07:00 [INF] Route matched with {action = "Get5LatestBlogs", controller = "Blog"}. Executing controller action with signature Microsoft.AspNetCore.Mvc.ActionResult Get5LatestBlogs() on controller BlogApp.Controllers.BlogController (BlogApp).
2026-06-29 22:37:36.181 +07:00 [INF] Executing endpoint 'BlogApp.Controllers.BlogController.GetTop5Blogs (BlogApp)'
2026-06-29 22:37:36.181 +07:00 [INF] Executing endpoint 'BlogApp.Controllers.AuthenController.CheckValidToken (BlogApp)'
2026-06-29 22:37:36.181 +07:00 [INF] Route matched with {action = "GetTop5Tags", controller = "Tag"}. Executing controller action with signature Microsoft.AspNetCore.Mvc.ActionResult GetTop5Tags() on controller BlogApp.Controllers.TagController (BlogApp).
2026-06-29 22:37:36.181 +07:00 [INF] Route matched with {action = "GetTop5Blogs", controller = "Blog"}. Executing controller action with signature Microsoft.AspNetCore.Mvc.ActionResult GetTop5Blogs() on controller BlogApp.Controllers.BlogController (BlogApp).
2026-06-29 22:37:36.182 +07:00 [INF] Route matched with {action = "CheckValidToken", controller = "Authen"}. Executing controller action with signature Microsoft.AspNetCore.Mvc.ActionResult`1[BlogApp.DTOs.ResponseBaseDTO] CheckValidToken() on controller BlogApp.Controllers.AuthenController (BlogApp).
2026-06-29 22:37:36.184 +07:00 [INF] Executing OkObjectResult, writing value of type 'BlogApp.DTOs.ResponseBaseDTO'.
2026-06-29 22:37:36.184 +07:00 [INF] Executed action BlogApp.Controllers.AuthenController.CheckValidToken (BlogApp) in 2.3812ms
2026-06-29 22:37:36.184 +07:00 [INF] Executed endpoint 'BlogApp.Controllers.AuthenController.CheckValidToken (BlogApp)'
2026-06-29 22:37:36.184 +07:00 [INF] HTTP GET /api/authen/check-valid-token responded 200 in 3.7544 ms
2026-06-29 22:37:36.185 +07:00 [INF] Request finished HTTP/1.1 GET http://localhost:5059/api/authen/check-valid-token - 200 null application/json; charset=utf-8 5.0448ms
2026-06-29 22:37:36.185 +07:00 [INF] Request starting HTTP/1.1 GET http://localhost:5059/api/authen/check-valid-token - null null
2026-06-29 22:37:36.186 +07:00 [INF] CORS policy execution successful.
2026-06-29 22:37:36.186 +07:00 [INF] Executing endpoint 'BlogApp.Controllers.AuthenController.CheckValidToken (BlogApp)'
2026-06-29 22:37:36.186 +07:00 [INF] Executed DbCommand (2ms) [Parameters=[], CommandType='"Text"', CommandTimeout='30']
SELECT b."Id", b."AmountOfAccesses", b."AuthorId", b."Content", b."CoverImage", b."CreatedAt", b."PublishedAt", b."State", b."Tags", b."Title", b."UpdatedAt"
FROM "Blogs" AS b
ORDER BY b."CreatedAt" DESC
2026-06-29 22:37:36.186 +07:00 [INF] Executed DbCommand (2ms) [Parameters=[], CommandType='"Text"', CommandTimeout='30']
SELECT b."Id", b."AmountOfAccesses", b."AuthorId", b."Content", b."CoverImage", b."CreatedAt", b."PublishedAt", b."State", b."Tags", b."Title", b."UpdatedAt"
FROM "Blogs" AS b
ORDER BY b."CreatedAt" DESC
2026-06-29 22:37:43.121 +07:00 [INF] Route matched with {action = "CheckValidToken", controller = "Authen"}. Executing controller action with signature Microsoft.AspNetCore.Mvc.ActionResult`1[BlogApp.DTOs.ResponseBaseDTO] CheckValidToken() on controller BlogApp.Controllers.AuthenController (BlogApp).
2026-06-29 22:37:43.873 +07:00 [INF] Executing OkObjectResult, writing value of type 'BlogApp.DTOs.ResponseBaseDTO'.
2026-06-29 22:37:44.637 +07:00 [INF] Executed action BlogApp.Controllers.AuthenController.CheckValidToken (BlogApp) in 1076.173ms
2026-06-29 22:37:44.637 +07:00 [INF] Executed endpoint 'BlogApp.Controllers.AuthenController.CheckValidToken (BlogApp)'
2026-06-29 22:37:44.640 +07:00 [INF] HTTP GET /api/authen/check-valid-token responded 200 in 8454.2759 ms
2026-06-29 22:37:44.640 +07:00 [INF] Executed DbCommand (3ms) [Parameters=[], CommandType='"Text"', CommandTimeout='30']
SELECT count(*)::int
FROM "Blogs" AS b
2026-06-29 22:37:44.642 +07:00 [INF] Request finished HTTP/1.1 GET http://localhost:5059/api/authen/check-valid-token - 200 null application/json; charset=utf-8 8456.8739ms
2026-06-29 22:37:45.035 +07:00 [INF] Executing OkObjectResult, writing value of type 'BlogApp.DTOs.BlogListRespDTO'.
2026-06-29 22:37:45.035 +07:00 [INF] Executing OkObjectResult, writing value of type 'BlogApp.DTOs.BlogListRespDTO'.
2026-06-29 22:37:46.926 +07:00 [INF] Executed action BlogApp.Controllers.BlogController.Get5LatestBlogs (BlogApp) in 10722.3236ms
2026-06-29 22:37:46.926 +07:00 [INF] Executed action BlogApp.Controllers.BlogController.GetTop5Blogs (BlogApp) in 10721.9902ms
2026-06-29 22:37:46.929 +07:00 [INF] Executed endpoint 'BlogApp.Controllers.BlogController.Get5LatestBlogs (BlogApp)'
2026-06-29 22:37:46.930 +07:00 [INF] HTTP GET /api/blog/fivelatest responded 200 in 10748.8571 ms
2026-06-29 22:37:46.953 +07:00 [INF] Executed endpoint 'BlogApp.Controllers.BlogController.GetTop5Blogs (BlogApp)'
2026-06-29 22:37:46.953 +07:00 [INF] HTTP GET /api/blog/topfive responded 200 in 10771.9144 ms
2026-06-29 22:37:46.953 +07:00 [INF] Request starting HTTP/1.1 GET http://localhost:5059/api/blog/fivelatest - null null
2026-06-29 22:37:46.953 +07:00 [INF] Request finished HTTP/1.1 GET http://localhost:5059/api/blog/fivelatest - 200 null application/json; charset=utf-8 10772.9557ms
2026-06-29 22:37:46.953 +07:00 [INF] Request finished HTTP/1.1 GET http://localhost:5059/api/blog/topfive - 200 null application/json; charset=utf-8 10773.0626ms
2026-06-29 22:37:46.959 +07:00 [INF] Request starting HTTP/1.1 GET http://localhost:5059/api/blog/topfive - null null
2026-06-29 22:37:46.956 +07:00 [INF] CORS policy execution successful.
2026-06-29 22:37:47.901 +07:00 [INF] Executed DbCommand (8ms) [Parameters=[@p1='?' (DbType = Int32), @p='?' (DbType = Int32)], CommandType='"Text"', CommandTimeout='30']
SELECT b0."Id", b0."AmountOfAccesses", b0."AuthorId", b0."Content", b0."CoverImage", b0."CreatedAt", b0."PublishedAt", b0."State", b0."Tags", b0."Title", b0."UpdatedAt", a."Username", a."Address", a."Avatar", a."CreatedAt", a."Description", a."Email", a."FullName", a."Functions", a."OtherContact", a."Password", a."Phone", a."Role", a."State", a."UpdatedAt"
FROM (
    SELECT b."Id", b."AmountOfAccesses", b."AuthorId", b."Content", b."CoverImage", b."CreatedAt", b."PublishedAt", b."State", b."Tags", b."Title", b."UpdatedAt"
    FROM "Blogs" AS b
    ORDER BY b."PublishedAt" DESC
    LIMIT @p1 OFFSET @p
) AS b0
INNER JOIN "Accounts" AS a ON b0."AuthorId" = a."Username"
ORDER BY b0."PublishedAt" DESC
2026-06-29 22:37:47.901 +07:00 [INF] CORS policy execution successful.
2026-06-29 22:37:47.902 +07:00 [INF] Executing endpoint 'BlogApp.Controllers.BlogController.GetTop5Blogs (BlogApp)'
2026-06-29 22:37:47.902 +07:00 [INF] Executing endpoint 'BlogApp.Controllers.BlogController.Get5LatestBlogs (BlogApp)'
2026-06-29 22:37:47.902 +07:00 [INF] Route matched with {action = "GetTop5Blogs", controller = "Blog"}. Executing controller action with signature Microsoft.AspNetCore.Mvc.ActionResult GetTop5Blogs() on controller BlogApp.Controllers.BlogController (BlogApp).
2026-06-29 22:37:47.902 +07:00 [INF] Route matched with {action = "Get5LatestBlogs", controller = "Blog"}. Executing controller action with signature Microsoft.AspNetCore.Mvc.ActionResult Get5LatestBlogs() on controller BlogApp.Controllers.BlogController (BlogApp).
2026-06-29 22:37:48.728 +07:00 [INF] Executed DbCommand (1ms) [Parameters=[], CommandType='"Text"', CommandTimeout='30']
SELECT count(*)::int
FROM "Blogs" AS b
2026-06-29 22:38:02.936 +07:00 [INF] Executed DbCommand (13,583ms) [Parameters=[], CommandType='"Text"', CommandTimeout='30']
SELECT b."Id", b."AmountOfAccesses", b."AuthorId", b."Content", b."CoverImage", b."CreatedAt", b."PublishedAt", b."State", b."Tags", b."Title", b."UpdatedAt"
FROM "Blogs" AS b
ORDER BY b."CreatedAt" DESC
2026-06-29 22:38:03.297 +07:00 [INF] Request starting HTTP/1.1 GET http://localhost:5059/api/tags/topfive - null null
2026-06-29 22:38:04.507 +07:00 [INF] Executed DbCommand (13,944ms) [Parameters=[], CommandType='"Text"', CommandTimeout='30']
SELECT b."Id", b."AmountOfAccesses", b."AuthorId", b."Content", b."CoverImage", b."CreatedAt", b."PublishedAt", b."State", b."Tags", b."Title", b."UpdatedAt"
FROM "Blogs" AS b
ORDER BY b."CreatedAt" DESC
2026-06-29 22:38:06.000 +07:00 [INF] CORS policy execution successful.
2026-06-29 22:38:14.623 +07:00 [INF] Executing endpoint 'BlogApp.Controllers.TagController.GetTop5Tags (BlogApp)'
2026-06-29 22:38:14.623 +07:00 [INF] Executing OkObjectResult, writing value of type 'BlogApp.DTOs.BlogListRespDTO'.
2026-06-29 22:38:14.623 +07:00 [INF] Executing OkObjectResult, writing value of type 'BlogApp.DTOs.BlogListRespDTO'.
2026-06-29 22:38:15.053 +07:00 [INF] Route matched with {action = "GetTop5Tags", controller = "Tag"}. Executing controller action with signature Microsoft.AspNetCore.Mvc.ActionResult GetTop5Tags() on controller BlogApp.Controllers.TagController (BlogApp).
2026-06-29 22:38:15.054 +07:00 [INF] Executing OkObjectResult, writing value of type 'BlogApp.DTOs.BlogPageRespDTO'.
2026-06-29 22:38:15.649 +07:00 [INF] Executed action BlogApp.Controllers.BlogController.GetTop5Blogs (BlogApp) in 27746.7573ms
2026-06-29 22:38:15.649 +07:00 [INF] Executed action BlogApp.Controllers.BlogController.Get5LatestBlogs (BlogApp) in 27746.6764ms
2026-06-29 22:38:15.654 +07:00 [INF] Executed endpoint 'BlogApp.Controllers.BlogController.GetTop5Blogs (BlogApp)'
2026-06-29 22:38:15.654 +07:00 [INF] Executed DbCommand (577ms) [Parameters=[], CommandType='"Text"', CommandTimeout='30']

            SELECT tag AS Name, COUNT(*) AS blog_count
            FROM "Blogs", UNNEST("Tags") AS tag
            GROUP BY tag
            ORDER BY blog_count DESC
            LIMIT 5
2026-06-29 22:38:15.655 +07:00 [INF] Executed endpoint 'BlogApp.Controllers.BlogController.Get5LatestBlogs (BlogApp)'
2026-06-29 22:38:15.655 +07:00 [INF] HTTP GET /api/blog/topfive responded 200 in 27753.0303 ms
2026-06-29 22:38:15.655 +07:00 [INF] HTTP GET /api/blog/fivelatest responded 200 in 27753.4404 ms
2026-06-29 22:38:15.655 +07:00 [INF] Request finished HTTP/1.1 GET http://localhost:5059/api/blog/topfive - 200 null application/json; charset=utf-8 28695.9659ms
2026-06-29 22:38:15.655 +07:00 [INF] Request finished HTTP/1.1 GET http://localhost:5059/api/blog/fivelatest - 200 null application/json; charset=utf-8 28702.3617ms
2026-06-29 22:38:17.256 +07:00 [INF] Executing OkObjectResult, writing value of type 'BlogApp.DTOs.TagListRespDTO'.
2026-06-29 22:38:17.260 +07:00 [INF] Executed action BlogApp.Controllers.BlogController.SearchBlogs (BlogApp) in 41078.6202ms
2026-06-29 22:38:17.256 +07:00 [INF] Executed DbCommand (1,601ms) [Parameters=[], CommandType='"Text"', CommandTimeout='30']

            SELECT tag AS Name, COUNT(*) AS blog_count
            FROM "Blogs", UNNEST("Tags") AS tag
            GROUP BY tag
            ORDER BY blog_count DESC
            LIMIT 5
2026-06-29 22:38:17.263 +07:00 [INF] Executed action BlogApp.Controllers.TagController.GetTop5Tags (BlogApp) in 41081.0247ms
2026-06-29 22:38:17.263 +07:00 [INF] Executed endpoint 'BlogApp.Controllers.BlogController.SearchBlogs (BlogApp)'
2026-06-29 22:38:17.267 +07:00 [INF] Executed endpoint 'BlogApp.Controllers.TagController.GetTop5Tags (BlogApp)'
2026-06-29 22:38:17.267 +07:00 [INF] HTTP POST /api/blog/search responded 200 in 41086.8039 ms
2026-06-29 22:38:17.267 +07:00 [INF] Executing OkObjectResult, writing value of type 'BlogApp.DTOs.TagListRespDTO'.
2026-06-29 22:38:17.267 +07:00 [INF] HTTP GET /api/tags/topfive responded 200 in 41086.5973 ms
2026-06-29 22:38:17.268 +07:00 [INF] Request finished HTTP/1.1 POST http://localhost:5059/api/blog/search - 200 null application/json; charset=utf-8 41087.8906ms
2026-06-29 22:38:17.268 +07:00 [INF] Executed action BlogApp.Controllers.TagController.GetTop5Tags (BlogApp) in 2214.4287ms
2026-06-29 22:38:17.268 +07:00 [INF] Request finished HTTP/1.1 GET http://localhost:5059/api/tags/topfive - 200 null application/json; charset=utf-8 41087.9607ms
2026-06-29 22:38:17.268 +07:00 [INF] Executed endpoint 'BlogApp.Controllers.TagController.GetTop5Tags (BlogApp)'
2026-06-29 22:38:17.268 +07:00 [INF] HTTP GET /api/tags/topfive responded 200 in 11267.5432 ms
2026-06-29 22:38:17.268 +07:00 [INF] Request finished HTTP/1.1 GET http://localhost:5059/api/tags/topfive - 200 null application/json; charset=utf-8 13971.0033ms
2026-06-29 22:38:17.269 +07:00 [INF] Executed DbCommand (2ms) [Parameters=[@p1='?' (DbType = Int32), @p='?' (DbType = Int32)], CommandType='"Text"', CommandTimeout='30']
SELECT b0."Id", b0."AmountOfAccesses", b0."AuthorId", b0."Content", b0."CoverImage", b0."CreatedAt", b0."PublishedAt", b0."State", b0."Tags", b0."Title", b0."UpdatedAt", a."Username", a."Address", a."Avatar", a."CreatedAt", a."Description", a."Email", a."FullName", a."Functions", a."OtherContact", a."Password", a."Phone", a."Role", a."State", a."UpdatedAt"
FROM (
    SELECT b."Id", b."AmountOfAccesses", b."AuthorId", b."Content", b."CoverImage", b."CreatedAt", b."PublishedAt", b."State", b."Tags", b."Title", b."UpdatedAt"
    FROM "Blogs" AS b
    ORDER BY b."PublishedAt" DESC
    LIMIT @p1 OFFSET @p
) AS b0
INNER JOIN "Accounts" AS a ON b0."AuthorId" = a."Username"
ORDER BY b0."PublishedAt" DESC
2026-06-29 22:38:18.437 +07:00 [INF] Executing OkObjectResult, writing value of type 'BlogApp.DTOs.BlogPageRespDTO'.
2026-06-29 22:38:18.437 +07:00 [INF] Executed action BlogApp.Controllers.BlogController.SearchBlogs (BlogApp) in 42257.1672ms
2026-06-29 22:38:18.438 +07:00 [INF] Executed endpoint 'BlogApp.Controllers.BlogController.SearchBlogs (BlogApp)'
2026-06-29 22:38:18.438 +07:00 [INF] HTTP POST /api/blog/search responded 200 in 42258.5318 ms
2026-06-29 22:38:18.438 +07:00 [INF] Request finished HTTP/1.1 POST http://localhost:5059/api/blog/search - 200 null application/json; charset=utf-8 42259.0538ms
2026-06-29 22:39:19.819 +07:00 [INF] Request starting HTTP/1.1 OPTIONS http://localhost:5059/api/blog/search - null null
2026-06-29 22:39:19.819 +07:00 [INF] CORS policy execution successful.
2026-06-29 22:39:19.820 +07:00 [INF] Request finished HTTP/1.1 OPTIONS http://localhost:5059/api/blog/search - 204 null null 0.5818ms
2026-06-29 22:39:19.820 +07:00 [INF] Request starting HTTP/1.1 POST http://localhost:5059/api/blog/search - multipart/form-data; boundary=----WebKitFormBoundary7BluIOXTpONgstk0 426
2026-06-29 22:39:19.821 +07:00 [INF] CORS policy execution successful.
2026-06-29 22:39:19.821 +07:00 [INF] Executing endpoint 'BlogApp.Controllers.BlogController.SearchBlogs (BlogApp)'
2026-06-29 22:39:19.821 +07:00 [INF] Route matched with {action = "SearchBlogs", controller = "Blog"}. Executing controller action with signature Microsoft.AspNetCore.Mvc.ActionResult SearchBlogs(BlogApp.DTOs.SearchBlogReqDTO) on controller BlogApp.Controllers.BlogController (BlogApp).
2026-06-29 22:39:19.824 +07:00 [INF] Executed DbCommand (1ms) [Parameters=[], CommandType='"Text"', CommandTimeout='30']
SELECT count(*)::int
FROM "Blogs" AS b
2026-06-29 22:39:19.827 +07:00 [INF] Executed DbCommand (2ms) [Parameters=[@p1='?' (DbType = Int32), @p='?' (DbType = Int32)], CommandType='"Text"', CommandTimeout='30']
SELECT b0."Id", b0."AmountOfAccesses", b0."AuthorId", b0."Content", b0."CoverImage", b0."CreatedAt", b0."PublishedAt", b0."State", b0."Tags", b0."Title", b0."UpdatedAt", a."Username", a."Address", a."Avatar", a."CreatedAt", a."Description", a."Email", a."FullName", a."Functions", a."OtherContact", a."Password", a."Phone", a."Role", a."State", a."UpdatedAt"
FROM (
    SELECT b."Id", b."AmountOfAccesses", b."AuthorId", b."Content", b."CoverImage", b."CreatedAt", b."PublishedAt", b."State", b."Tags", b."Title", b."UpdatedAt"
    FROM "Blogs" AS b
    ORDER BY b."PublishedAt" DESC
    LIMIT @p1 OFFSET @p
) AS b0
INNER JOIN "Accounts" AS a ON b0."AuthorId" = a."Username"
ORDER BY b0."PublishedAt" DESC
2026-06-29 22:39:22.439 +07:00 [INF] Executing OkObjectResult, writing value of type 'BlogApp.DTOs.BlogPageRespDTO'.
2026-06-29 22:39:22.440 +07:00 [INF] Executed action BlogApp.Controllers.BlogController.SearchBlogs (BlogApp) in 2618.3245ms
2026-06-29 22:39:22.440 +07:00 [INF] Executed endpoint 'BlogApp.Controllers.BlogController.SearchBlogs (BlogApp)'
2026-06-29 22:39:22.440 +07:00 [INF] HTTP POST /api/blog/search responded 200 in 2619.5476 ms
2026-06-29 22:39:22.441 +07:00 [INF] Request finished HTTP/1.1 POST http://localhost:5059/api/blog/search - 200 null application/json; charset=utf-8 2620.4052ms
2026-06-29 22:41:05.207 +07:00 [INF] Request starting HTTP/1.1 OPTIONS http://localhost:5059/api/blog/search - null null
2026-06-29 22:41:05.207 +07:00 [INF] CORS policy execution successful.
2026-06-29 22:41:05.207 +07:00 [INF] Request finished HTTP/1.1 OPTIONS http://localhost:5059/api/blog/search - 204 null null 0.4551ms
2026-06-29 22:41:05.209 +07:00 [INF] Request starting HTTP/1.1 POST http://localhost:5059/api/blog/search - multipart/form-data; boundary=----WebKitFormBoundaryFjYLIAEeAfczvkKJ 426
2026-06-29 22:41:05.209 +07:00 [INF] CORS policy execution successful.
2026-06-29 22:41:05.209 +07:00 [INF] Executing endpoint 'BlogApp.Controllers.BlogController.SearchBlogs (BlogApp)'
2026-06-29 22:41:05.209 +07:00 [INF] Route matched with {action = "SearchBlogs", controller = "Blog"}. Executing controller action with signature Microsoft.AspNetCore.Mvc.ActionResult SearchBlogs(BlogApp.DTOs.SearchBlogReqDTO) on controller BlogApp.Controllers.BlogController (BlogApp).
2026-06-29 22:41:05.212 +07:00 [INF] Executed DbCommand (1ms) [Parameters=[], CommandType='"Text"', CommandTimeout='30']
SELECT count(*)::int
FROM "Blogs" AS b
2026-06-29 22:41:05.214 +07:00 [INF] Executed DbCommand (1ms) [Parameters=[@p1='?' (DbType = Int32), @p='?' (DbType = Int32)], CommandType='"Text"', CommandTimeout='30']
SELECT b0."Id", b0."AmountOfAccesses", b0."AuthorId", b0."Content", b0."CoverImage", b0."CreatedAt", b0."PublishedAt", b0."State", b0."Tags", b0."Title", b0."UpdatedAt", a."Username", a."Address", a."Avatar", a."CreatedAt", a."Description", a."Email", a."FullName", a."Functions", a."OtherContact", a."Password", a."Phone", a."Role", a."State", a."UpdatedAt"
FROM (
    SELECT b."Id", b."AmountOfAccesses", b."AuthorId", b."Content", b."CoverImage", b."CreatedAt", b."PublishedAt", b."State", b."Tags", b."Title", b."UpdatedAt"
    FROM "Blogs" AS b
    ORDER BY b."PublishedAt" DESC
    LIMIT @p1 OFFSET @p
) AS b0
INNER JOIN "Accounts" AS a ON b0."AuthorId" = a."Username"
ORDER BY b0."PublishedAt" DESC
2026-06-29 22:41:46.646 +07:00 [INF] Executing OkObjectResult, writing value of type 'BlogApp.DTOs.BlogPageRespDTO'.
2026-06-29 22:41:46.647 +07:00 [INF] Executed action BlogApp.Controllers.BlogController.SearchBlogs (BlogApp) in 41437.5714ms
2026-06-29 22:41:46.647 +07:00 [INF] Executed endpoint 'BlogApp.Controllers.BlogController.SearchBlogs (BlogApp)'
2026-06-29 22:41:46.647 +07:00 [INF] HTTP POST /api/blog/search responded 200 in 41438.1998 ms
2026-06-29 22:41:46.668 +07:00 [INF] Request finished HTTP/1.1 POST http://localhost:5059/api/blog/search - 200 null application/json; charset=utf-8 41459.372ms
2026-06-29 22:41:46.669 +07:00 [INF] Request starting HTTP/1.1 OPTIONS http://localhost:5059/api/blog/search - null null
2026-06-29 22:41:46.669 +07:00 [INF] Request starting HTTP/1.1 OPTIONS http://localhost:5059/api/authen/check-valid-token - null null
2026-06-29 22:41:46.669 +07:00 [INF] Request starting HTTP/1.1 OPTIONS http://localhost:5059/api/blog/fivelatest - null null
2026-06-29 22:41:46.669 +07:00 [INF] Request starting HTTP/1.1 OPTIONS http://localhost:5059/api/tags/topfive - null null
2026-06-29 22:41:46.690 +07:00 [INF] CORS policy execution successful.
2026-06-29 22:41:46.690 +07:00 [INF] CORS policy execution successful.
2026-06-29 22:41:46.690 +07:00 [INF] CORS policy execution successful.
2026-06-29 22:41:46.690 +07:00 [INF] CORS policy execution successful.
2026-06-29 22:41:46.690 +07:00 [INF] Request finished HTTP/1.1 OPTIONS http://localhost:5059/api/blog/search - 204 null null 21.2553ms
2026-06-29 22:41:46.690 +07:00 [INF] Request finished HTTP/1.1 OPTIONS http://localhost:5059/api/blog/fivelatest - 204 null null 21.2221ms
2026-06-29 22:41:46.690 +07:00 [INF] Request finished HTTP/1.1 OPTIONS http://localhost:5059/api/tags/topfive - 204 null null 21.2258ms
2026-06-29 22:41:46.690 +07:00 [INF] Request starting HTTP/1.1 OPTIONS http://localhost:5059/api/blog/topfive - null null
2026-06-29 22:41:46.690 +07:00 [INF] Request finished HTTP/1.1 OPTIONS http://localhost:5059/api/authen/check-valid-token - 204 null null 21.3255ms
2026-06-29 22:41:46.691 +07:00 [INF] Request starting HTTP/1.1 OPTIONS http://localhost:5059/api/blog/search - null null
2026-06-29 22:41:46.691 +07:00 [INF] CORS policy execution successful.
2026-06-29 22:41:46.691 +07:00 [INF] CORS policy execution successful.
2026-06-29 22:41:46.691 +07:00 [INF] Request finished HTTP/1.1 OPTIONS http://localhost:5059/api/blog/topfive - 204 null null 1.1728ms
2026-06-29 22:41:46.691 +07:00 [INF] Request finished HTTP/1.1 OPTIONS http://localhost:5059/api/blog/search - 204 null null 0.3729ms
2026-06-29 22:41:46.692 +07:00 [INF] Request starting HTTP/1.1 OPTIONS http://localhost:5059/api/authen/check-valid-token - null null
2026-06-29 22:41:46.692 +07:00 [INF] Request starting HTTP/1.1 OPTIONS http://localhost:5059/api/tags/topfive - null null
2026-06-29 22:41:46.692 +07:00 [INF] Request starting HTTP/1.1 OPTIONS http://localhost:5059/api/blog/fivelatest - null null
2026-06-29 22:41:46.692 +07:00 [INF] CORS policy execution successful.
2026-06-29 22:41:46.692 +07:00 [INF] Request starting HTTP/1.1 OPTIONS http://localhost:5059/api/blog/topfive - null null
2026-06-29 22:41:46.692 +07:00 [INF] Request starting HTTP/1.1 OPTIONS http://localhost:5059/api/blog/search - null null
2026-06-29 22:41:46.692 +07:00 [INF] CORS policy execution successful.
2026-06-29 22:41:46.692 +07:00 [INF] CORS policy execution successful.
2026-06-29 22:41:46.692 +07:00 [INF] Request finished HTTP/1.1 OPTIONS http://localhost:5059/api/authen/check-valid-token - 204 null null 0.3936ms
2026-06-29 22:41:46.692 +07:00 [INF] Request starting HTTP/1.1 OPTIONS http://localhost:5059/api/authen/check-valid-token - null null
2026-06-29 22:41:46.693 +07:00 [INF] CORS policy execution successful.
2026-06-29 22:41:46.693 +07:00 [INF] CORS policy execution successful.
2026-06-29 22:41:46.693 +07:00 [INF] CORS policy execution successful.
2026-06-29 22:41:46.693 +07:00 [INF] Request finished HTTP/1.1 OPTIONS http://localhost:5059/api/authen/check-valid-token - 204 null null 0.7965ms
2026-06-29 22:41:46.693 +07:00 [INF] Request finished HTTP/1.1 OPTIONS http://localhost:5059/api/tags/topfive - 204 null null 0.764ms
2026-06-29 22:41:46.693 +07:00 [INF] Request finished HTTP/1.1 OPTIONS http://localhost:5059/api/blog/fivelatest - 204 null null 0.7645ms
2026-06-29 22:41:46.693 +07:00 [INF] Request starting HTTP/1.1 OPTIONS http://localhost:5059/api/tags/topfive - null null
2026-06-29 22:41:46.693 +07:00 [INF] Request finished HTTP/1.1 OPTIONS http://localhost:5059/api/blog/topfive - 204 null null 0.9978ms
2026-06-29 22:41:46.693 +07:00 [INF] Request finished HTTP/1.1 OPTIONS http://localhost:5059/api/blog/search - 204 null null 1.0357ms
2026-06-29 22:41:46.694 +07:00 [INF] CORS policy execution successful.
2026-06-29 22:41:46.694 +07:00 [INF] Request finished HTTP/1.1 OPTIONS http://localhost:5059/api/tags/topfive - 204 null null 1.0385ms
2026-06-29 22:41:46.694 +07:00 [INF] Request starting HTTP/1.1 OPTIONS http://localhost:5059/api/blog/fivelatest - null null
2026-06-29 22:41:46.694 +07:00 [INF] CORS policy execution successful.
2026-06-29 22:41:46.694 +07:00 [INF] Request finished HTTP/1.1 OPTIONS http://localhost:5059/api/blog/fivelatest - 204 null null 0.3253ms
2026-06-29 22:41:46.695 +07:00 [INF] Request starting HTTP/1.1 OPTIONS http://localhost:5059/api/blog/topfive - null null
2026-06-29 22:41:46.695 +07:00 [INF] CORS policy execution successful.
2026-06-29 22:41:46.695 +07:00 [INF] Request finished HTTP/1.1 OPTIONS http://localhost:5059/api/blog/topfive - 204 null null 0.2474ms
2026-06-29 22:41:46.695 +07:00 [INF] Request starting HTTP/1.1 OPTIONS http://localhost:5059/api/blog/search - null null
2026-06-29 22:41:46.695 +07:00 [INF] CORS policy execution successful.
2026-06-29 22:41:46.695 +07:00 [INF] Request starting HTTP/1.1 OPTIONS http://localhost:5059/api/authen/check-valid-token - null null
2026-06-29 22:41:46.695 +07:00 [INF] Request finished HTTP/1.1 OPTIONS http://localhost:5059/api/blog/search - 204 null null 0.2809ms
2026-06-29 22:41:46.695 +07:00 [INF] Request starting HTTP/1.1 OPTIONS http://localhost:5059/api/tags/topfive - null null
2026-06-29 22:41:46.695 +07:00 [INF] CORS policy execution successful.
2026-06-29 22:41:46.696 +07:00 [INF] Request starting HTTP/1.1 OPTIONS http://localhost:5059/api/blog/fivelatest - null null
2026-06-29 22:41:46.696 +07:00 [INF] CORS policy execution successful.
2026-06-29 22:41:46.696 +07:00 [INF] Request finished HTTP/1.1 OPTIONS http://localhost:5059/api/authen/check-valid-token - 204 null null 0.4098ms
2026-06-29 22:41:46.696 +07:00 [INF] Request starting HTTP/1.1 OPTIONS http://localhost:5059/api/blog/topfive - null null
2026-06-29 22:41:46.696 +07:00 [INF] CORS policy execution successful.
2026-06-29 22:41:46.696 +07:00 [INF] Request finished HTTP/1.1 OPTIONS http://localhost:5059/api/tags/topfive - 204 null null 0.5192ms
2026-06-29 22:41:46.696 +07:00 [INF] CORS policy execution successful.
2026-06-29 22:41:46.696 +07:00 [INF] Request finished HTTP/1.1 OPTIONS http://localhost:5059/api/blog/fivelatest - 204 null null 0.4653ms
2026-06-29 22:41:46.696 +07:00 [INF] Request starting HTTP/1.1 OPTIONS http://localhost:5059/api/blog/search - null null
2026-06-29 22:41:46.696 +07:00 [INF] Request finished HTTP/1.1 OPTIONS http://localhost:5059/api/blog/topfive - 204 null null 0.4917ms
2026-06-29 22:41:46.696 +07:00 [INF] CORS policy execution successful.
2026-06-29 22:41:46.696 +07:00 [INF] Request finished HTTP/1.1 OPTIONS http://localhost:5059/api/blog/search - 204 null null 0.4284ms
2026-06-29 22:41:46.696 +07:00 [INF] Request starting HTTP/1.1 OPTIONS http://localhost:5059/api/authen/check-valid-token - null null
2026-06-29 22:41:46.697 +07:00 [INF] CORS policy execution successful.
2026-06-29 22:41:46.697 +07:00 [INF] Request finished HTTP/1.1 OPTIONS http://localhost:5059/api/authen/check-valid-token - 204 null null 0.2695ms
2026-06-29 22:41:46.697 +07:00 [INF] Request starting HTTP/1.1 OPTIONS http://localhost:5059/api/tags/topfive - null null
2026-06-29 22:41:46.697 +07:00 [INF] Request starting HTTP/1.1 OPTIONS http://localhost:5059/api/blog/fivelatest - null null
2026-06-29 22:41:46.697 +07:00 [INF] Request starting HTTP/1.1 OPTIONS http://localhost:5059/api/blog/topfive - null null
2026-06-29 22:41:46.697 +07:00 [INF] CORS policy execution successful.
2026-06-29 22:41:46.698 +07:00 [INF] CORS policy execution successful.
2026-06-29 22:41:46.698 +07:00 [INF] Request starting HTTP/1.1 OPTIONS http://localhost:5059/api/authen/check-valid-token - null null
2026-06-29 22:41:46.698 +07:00 [INF] CORS policy execution successful.
2026-06-29 22:41:46.698 +07:00 [INF] Request starting HTTP/1.1 OPTIONS http://localhost:5059/api/blog/search - null null
2026-06-29 22:41:46.698 +07:00 [INF] Request finished HTTP/1.1 OPTIONS http://localhost:5059/api/tags/topfive - 204 null null 0.3992ms
2026-06-29 22:41:46.698 +07:00 [INF] Request finished HTTP/1.1 OPTIONS http://localhost:5059/api/blog/fivelatest - 204 null null 0.4394ms
2026-06-29 22:41:46.698 +07:00 [INF] CORS policy execution successful.
2026-06-29 22:41:46.698 +07:00 [INF] Request finished HTTP/1.1 OPTIONS http://localhost:5059/api/blog/topfive - 204 null null 0.4722ms
2026-06-29 22:41:46.698 +07:00 [INF] Request starting HTTP/1.1 OPTIONS http://localhost:5059/api/tags/topfive - null null
2026-06-29 22:41:46.698 +07:00 [INF] CORS policy execution successful.
2026-06-29 22:41:46.698 +07:00 [INF] CORS policy execution successful.
2026-06-29 22:41:46.698 +07:00 [INF] Request finished HTTP/1.1 OPTIONS http://localhost:5059/api/authen/check-valid-token - 204 null null 0.53ms
2026-06-29 22:41:46.698 +07:00 [INF] Request finished HTTP/1.1 OPTIONS http://localhost:5059/api/blog/search - 204 null null 0.8279ms
2026-06-29 22:41:46.699 +07:00 [INF] Request finished HTTP/1.1 OPTIONS http://localhost:5059/api/tags/topfive - 204 null null 0.5512ms
2026-06-29 22:41:46.699 +07:00 [INF] Request starting HTTP/1.1 OPTIONS http://localhost:5059/api/blog/fivelatest - null null
2026-06-29 22:41:46.699 +07:00 [INF] CORS policy execution successful.
2026-06-29 22:41:46.700 +07:00 [INF] Request finished HTTP/1.1 OPTIONS http://localhost:5059/api/blog/fivelatest - 204 null null 0.1987ms
2026-06-29 22:41:46.700 +07:00 [INF] Request starting HTTP/1.1 GET http://localhost:5059/api/blog/fivelatest - null null
2026-06-29 22:41:46.700 +07:00 [INF] Request starting HTTP/1.1 OPTIONS http://localhost:5059/api/blog/topfive - null null
2026-06-29 22:41:46.700 +07:00 [INF] CORS policy execution successful.
2026-06-29 22:41:46.700 +07:00 [INF] CORS policy execution successful.
2026-06-29 22:41:46.700 +07:00 [INF] Request starting HTTP/1.1 POST http://localhost:5059/api/blog/search - multipart/form-data; boundary=----WebKitFormBoundarys1iLz0vdkcBfoIVH 426
2026-06-29 22:41:46.700 +07:00 [INF] Request starting HTTP/1.1 GET http://localhost:5059/api/authen/check-valid-token - null null
2026-06-29 22:41:46.700 +07:00 [INF] Request finished HTTP/1.1 OPTIONS http://localhost:5059/api/blog/topfive - 204 null null 0.3597ms
2026-06-29 22:41:46.700 +07:00 [INF] Request starting HTTP/1.1 GET http://localhost:5059/api/tags/topfive - null null
2026-06-29 22:41:46.700 +07:00 [INF] CORS policy execution successful.
2026-06-29 22:41:46.700 +07:00 [INF] CORS policy execution successful.
2026-06-29 22:41:46.700 +07:00 [INF] Executing endpoint 'BlogApp.Controllers.BlogController.Get5LatestBlogs (BlogApp)'
2026-06-29 22:41:46.700 +07:00 [INF] CORS policy execution successful.
2026-06-29 22:41:46.701 +07:00 [INF] Request starting HTTP/1.1 GET http://localhost:5059/api/blog/topfive - null null
2026-06-29 22:41:46.701 +07:00 [INF] Executing endpoint 'BlogApp.Controllers.BlogController.SearchBlogs (BlogApp)'
2026-06-29 22:41:46.701 +07:00 [INF] CORS policy execution successful.
2026-06-29 22:41:46.701 +07:00 [INF] Route matched with {action = "Get5LatestBlogs", controller = "Blog"}. Executing controller action with signature Microsoft.AspNetCore.Mvc.ActionResult Get5LatestBlogs() on controller BlogApp.Controllers.BlogController (BlogApp).
2026-06-29 22:41:46.701 +07:00 [INF] Executing endpoint 'BlogApp.Controllers.TagController.GetTop5Tags (BlogApp)'
2026-06-29 22:41:46.701 +07:00 [INF] Request starting HTTP/1.1 POST http://localhost:5059/api/blog/search - multipart/form-data; boundary=----WebKitFormBoundaryr5EYCFkzVubULZVC 426
2026-06-29 22:41:46.701 +07:00 [INF] Executing endpoint 'BlogApp.Controllers.AuthenController.CheckValidToken (BlogApp)'
2026-06-29 22:41:46.701 +07:00 [INF] CORS policy execution successful.
2026-06-29 22:41:46.701 +07:00 [INF] Route matched with {action = "CheckValidToken", controller = "Authen"}. Executing controller action with signature Microsoft.AspNetCore.Mvc.ActionResult`1[BlogApp.DTOs.ResponseBaseDTO] CheckValidToken() on controller BlogApp.Controllers.AuthenController (BlogApp).
2026-06-29 22:41:46.701 +07:00 [INF] Route matched with {action = "SearchBlogs", controller = "Blog"}. Executing controller action with signature Microsoft.AspNetCore.Mvc.ActionResult SearchBlogs(BlogApp.DTOs.SearchBlogReqDTO) on controller BlogApp.Controllers.BlogController (BlogApp).
2026-06-29 22:41:46.701 +07:00 [INF] Executing endpoint 'BlogApp.Controllers.BlogController.SearchBlogs (BlogApp)'
2026-06-29 22:41:46.701 +07:00 [INF] Route matched with {action = "GetTop5Tags", controller = "Tag"}. Executing controller action with signature Microsoft.AspNetCore.Mvc.ActionResult GetTop5Tags() on controller BlogApp.Controllers.TagController (BlogApp).
2026-06-29 22:41:46.701 +07:00 [INF] Executing endpoint 'BlogApp.Controllers.BlogController.GetTop5Blogs (BlogApp)'
2026-06-29 22:41:46.701 +07:00 [INF] Route matched with {action = "SearchBlogs", controller = "Blog"}. Executing controller action with signature Microsoft.AspNetCore.Mvc.ActionResult SearchBlogs(BlogApp.DTOs.SearchBlogReqDTO) on controller BlogApp.Controllers.BlogController (BlogApp).
2026-06-29 22:41:46.701 +07:00 [INF] Executing OkObjectResult, writing value of type 'BlogApp.DTOs.ResponseBaseDTO'.
2026-06-29 22:41:46.701 +07:00 [INF] Route matched with {action = "GetTop5Blogs", controller = "Blog"}. Executing controller action with signature Microsoft.AspNetCore.Mvc.ActionResult GetTop5Blogs() on controller BlogApp.Controllers.BlogController (BlogApp).
2026-06-29 22:41:46.702 +07:00 [INF] Executed action BlogApp.Controllers.AuthenController.CheckValidToken (BlogApp) in 0.4966ms
2026-06-29 22:41:46.702 +07:00 [INF] Executed endpoint 'BlogApp.Controllers.AuthenController.CheckValidToken (BlogApp)'
2026-06-29 22:41:46.702 +07:00 [INF] HTTP GET /api/authen/check-valid-token responded 200 in 1.2282 ms
2026-06-29 22:41:46.702 +07:00 [INF] Request finished HTTP/1.1 GET http://localhost:5059/api/authen/check-valid-token - 200 null application/json; charset=utf-8 1.8327ms
2026-06-29 22:41:46.702 +07:00 [INF] Request starting HTTP/1.1 GET http://localhost:5059/api/authen/check-valid-token - null null
2026-06-29 22:41:46.702 +07:00 [INF] CORS policy execution successful.
2026-06-29 22:41:46.703 +07:00 [INF] Executing endpoint 'BlogApp.Controllers.AuthenController.CheckValidToken (BlogApp)'
2026-06-29 22:41:46.703 +07:00 [INF] Route matched with {action = "CheckValidToken", controller = "Authen"}. Executing controller action with signature Microsoft.AspNetCore.Mvc.ActionResult`1[BlogApp.DTOs.ResponseBaseDTO] CheckValidToken() on controller BlogApp.Controllers.AuthenController (BlogApp).
2026-06-29 22:41:46.703 +07:00 [INF] Executed DbCommand (1ms) [Parameters=[], CommandType='"Text"', CommandTimeout='30']
SELECT count(*)::int
FROM "Blogs" AS b
2026-06-29 22:41:46.703 +07:00 [INF] Executed DbCommand (1ms) [Parameters=[], CommandType='"Text"', CommandTimeout='30']
SELECT b."Id", b."AmountOfAccesses", b."AuthorId", b."Content", b."CoverImage", b."CreatedAt", b."PublishedAt", b."State", b."Tags", b."Title", b."UpdatedAt"
FROM "Blogs" AS b
ORDER BY b."CreatedAt" DESC
2026-06-29 22:41:46.703 +07:00 [INF] Executed DbCommand (2ms) [Parameters=[], CommandType='"Text"', CommandTimeout='30']
SELECT b."Id", b."AmountOfAccesses", b."AuthorId", b."Content", b."CoverImage", b."CreatedAt", b."PublishedAt", b."State", b."Tags", b."Title", b."UpdatedAt"
FROM "Blogs" AS b
ORDER BY b."CreatedAt" DESC
2026-06-29 22:41:46.703 +07:00 [INF] Executing OkObjectResult, writing value of type 'BlogApp.DTOs.ResponseBaseDTO'.
2026-06-29 22:41:46.703 +07:00 [INF] Executed DbCommand (1ms) [Parameters=[], CommandType='"Text"', CommandTimeout='30']
SELECT count(*)::int
FROM "Blogs" AS b
2026-06-29 22:41:46.703 +07:00 [INF] Executed action BlogApp.Controllers.AuthenController.CheckValidToken (BlogApp) in 0.5086ms
2026-06-29 22:41:46.704 +07:00 [INF] Executed DbCommand (2ms) [Parameters=[], CommandType='"Text"', CommandTimeout='30']

            SELECT tag AS Name, COUNT(*) AS blog_count
            FROM "Blogs", UNNEST("Tags") AS tag
            GROUP BY tag
            ORDER BY blog_count DESC
            LIMIT 5
2026-06-29 22:41:46.704 +07:00 [INF] Executed endpoint 'BlogApp.Controllers.AuthenController.CheckValidToken (BlogApp)'
2026-06-29 22:41:46.704 +07:00 [INF] Executing OkObjectResult, writing value of type 'BlogApp.DTOs.BlogListRespDTO'.
2026-06-29 22:41:46.704 +07:00 [INF] Executing OkObjectResult, writing value of type 'BlogApp.DTOs.BlogListRespDTO'.
2026-06-29 22:41:46.704 +07:00 [INF] Executing OkObjectResult, writing value of type 'BlogApp.DTOs.TagListRespDTO'.
2026-06-29 22:41:46.704 +07:00 [INF] Executed action BlogApp.Controllers.BlogController.GetTop5Blogs (BlogApp) in 2.46ms
2026-06-29 22:41:46.704 +07:00 [INF] HTTP GET /api/authen/check-valid-token responded 200 in 1.3368 ms
2026-06-29 22:41:46.704 +07:00 [INF] Executed action BlogApp.Controllers.BlogController.Get5LatestBlogs (BlogApp) in 3.3184ms
2026-06-29 22:41:46.704 +07:00 [INF] Executed action BlogApp.Controllers.TagController.GetTop5Tags (BlogApp) in 2.8407ms
2026-06-29 22:41:46.704 +07:00 [INF] Executed endpoint 'BlogApp.Controllers.BlogController.GetTop5Blogs (BlogApp)'
2026-06-29 22:41:46.704 +07:00 [INF] Request finished HTTP/1.1 GET http://localhost:5059/api/authen/check-valid-token - 200 null application/json; charset=utf-8 1.9824ms
2026-06-29 22:41:46.704 +07:00 [INF] Executed endpoint 'BlogApp.Controllers.BlogController.Get5LatestBlogs (BlogApp)'
2026-06-29 22:41:46.704 +07:00 [INF] Executed endpoint 'BlogApp.Controllers.TagController.GetTop5Tags (BlogApp)'
2026-06-29 22:41:46.704 +07:00 [INF] HTTP GET /api/blog/topfive responded 200 in 3.7498 ms
2026-06-29 22:41:46.705 +07:00 [INF] HTTP GET /api/blog/fivelatest responded 200 in 4.7038 ms
2026-06-29 22:41:46.705 +07:00 [INF] HTTP GET /api/tags/topfive responded 200 in 4.2608 ms
2026-06-29 22:41:46.705 +07:00 [INF] Request finished HTTP/1.1 GET http://localhost:5059/api/blog/topfive - 200 null application/json; charset=utf-8 4.2969ms
2026-06-29 22:41:46.705 +07:00 [INF] Request finished HTTP/1.1 GET http://localhost:5059/api/blog/fivelatest - 200 null application/json; charset=utf-8 5.312ms
2026-06-29 22:41:46.705 +07:00 [INF] Executed DbCommand (1ms) [Parameters=[@p1='?' (DbType = Int32), @p='?' (DbType = Int32)], CommandType='"Text"', CommandTimeout='30']
SELECT b0."Id", b0."AmountOfAccesses", b0."AuthorId", b0."Content", b0."CoverImage", b0."CreatedAt", b0."PublishedAt", b0."State", b0."Tags", b0."Title", b0."UpdatedAt", a."Username", a."Address", a."Avatar", a."CreatedAt", a."Description", a."Email", a."FullName", a."Functions", a."OtherContact", a."Password", a."Phone", a."Role", a."State", a."UpdatedAt"
FROM (
    SELECT b."Id", b."AmountOfAccesses", b."AuthorId", b."Content", b."CoverImage", b."CreatedAt", b."PublishedAt", b."State", b."Tags", b."Title", b."UpdatedAt"
    FROM "Blogs" AS b
    ORDER BY b."PublishedAt" DESC
    LIMIT @p1 OFFSET @p
) AS b0
INNER JOIN "Accounts" AS a ON b0."AuthorId" = a."Username"
ORDER BY b0."PublishedAt" DESC
2026-06-29 22:41:46.705 +07:00 [INF] Executed DbCommand (1ms) [Parameters=[@p1='?' (DbType = Int32), @p='?' (DbType = Int32)], CommandType='"Text"', CommandTimeout='30']
SELECT b0."Id", b0."AmountOfAccesses", b0."AuthorId", b0."Content", b0."CoverImage", b0."CreatedAt", b0."PublishedAt", b0."State", b0."Tags", b0."Title", b0."UpdatedAt", a."Username", a."Address", a."Avatar", a."CreatedAt", a."Description", a."Email", a."FullName", a."Functions", a."OtherContact", a."Password", a."Phone", a."Role", a."State", a."UpdatedAt"
FROM (
    SELECT b."Id", b."AmountOfAccesses", b."AuthorId", b."Content", b."CoverImage", b."CreatedAt", b."PublishedAt", b."State", b."Tags", b."Title", b."UpdatedAt"
    FROM "Blogs" AS b
    ORDER BY b."PublishedAt" DESC
    LIMIT @p1 OFFSET @p
) AS b0
INNER JOIN "Accounts" AS a ON b0."AuthorId" = a."Username"
ORDER BY b0."PublishedAt" DESC
2026-06-29 22:41:46.705 +07:00 [INF] Request finished HTTP/1.1 GET http://localhost:5059/api/tags/topfive - 200 null application/json; charset=utf-8 5.0217ms
2026-06-29 22:41:46.706 +07:00 [INF] Request starting HTTP/1.1 GET http://localhost:5059/api/tags/topfive - null null
2026-06-29 22:41:46.706 +07:00 [INF] Request starting HTTP/1.1 GET http://localhost:5059/api/blog/fivelatest - null null
2026-06-29 22:41:46.706 +07:00 [INF] Request starting HTTP/1.1 GET http://localhost:5059/api/blog/topfive - null null
2026-06-29 22:41:47.417 +07:00 [INF] CORS policy execution successful.
2026-06-29 22:41:48.198 +07:00 [INF] Executing OkObjectResult, writing value of type 'BlogApp.DTOs.BlogPageRespDTO'.
2026-06-29 22:41:48.198 +07:00 [INF] CORS policy execution successful.
2026-06-29 22:41:48.198 +07:00 [INF] Executing OkObjectResult, writing value of type 'BlogApp.DTOs.BlogPageRespDTO'.
2026-06-29 22:41:48.198 +07:00 [INF] CORS policy execution successful.
2026-06-29 22:41:48.199 +07:00 [INF] Executed action BlogApp.Controllers.BlogController.SearchBlogs (BlogApp) in 1497.506ms
2026-06-29 22:41:48.199 +07:00 [INF] Executed action BlogApp.Controllers.BlogController.SearchBlogs (BlogApp) in 1497.235ms
2026-06-29 22:41:48.199 +07:00 [INF] Executing endpoint 'BlogApp.Controllers.BlogController.GetTop5Blogs (BlogApp)'
2026-06-29 22:41:48.199 +07:00 [INF] Executing endpoint 'BlogApp.Controllers.BlogController.Get5LatestBlogs (BlogApp)'
2026-06-29 22:41:48.199 +07:00 [INF] Executing endpoint 'BlogApp.Controllers.TagController.GetTop5Tags (BlogApp)'
2026-06-29 22:41:48.199 +07:00 [INF] Executed endpoint 'BlogApp.Controllers.BlogController.SearchBlogs (BlogApp)'
2026-06-29 22:41:48.199 +07:00 [INF] Route matched with {action = "GetTop5Tags", controller = "Tag"}. Executing controller action with signature Microsoft.AspNetCore.Mvc.ActionResult GetTop5Tags() on controller BlogApp.Controllers.TagController (BlogApp).
2026-06-29 22:41:48.199 +07:00 [INF] Executed endpoint 'BlogApp.Controllers.BlogController.SearchBlogs (BlogApp)'
2026-06-29 22:41:48.199 +07:00 [INF] Route matched with {action = "GetTop5Blogs", controller = "Blog"}. Executing controller action with signature Microsoft.AspNetCore.Mvc.ActionResult GetTop5Blogs() on controller BlogApp.Controllers.BlogController (BlogApp).
2026-06-29 22:41:48.199 +07:00 [INF] Route matched with {action = "Get5LatestBlogs", controller = "Blog"}. Executing controller action with signature Microsoft.AspNetCore.Mvc.ActionResult Get5LatestBlogs() on controller BlogApp.Controllers.BlogController (BlogApp).
2026-06-29 22:41:48.199 +07:00 [INF] HTTP POST /api/blog/search responded 200 in 1498.6153 ms
2026-06-29 22:41:48.199 +07:00 [INF] HTTP POST /api/blog/search responded 200 in 1498.0748 ms
2026-06-29 22:41:48.199 +07:00 [INF] Request finished HTTP/1.1 POST http://localhost:5059/api/blog/search - 200 null application/json; charset=utf-8 1499.4899ms
2026-06-29 22:41:48.199 +07:00 [INF] Request finished HTTP/1.1 POST http://localhost:5059/api/blog/search - 200 null application/json; charset=utf-8 1498.8964ms
2026-06-29 22:41:48.201 +07:00 [INF] Executed DbCommand (1ms) [Parameters=[], CommandType='"Text"', CommandTimeout='30']
SELECT b."Id", b."AmountOfAccesses", b."AuthorId", b."Content", b."CoverImage", b."CreatedAt", b."PublishedAt", b."State", b."Tags", b."Title", b."UpdatedAt"
FROM "Blogs" AS b
ORDER BY b."CreatedAt" DESC
2026-06-29 22:41:48.201 +07:00 [INF] Executed DbCommand (1ms) [Parameters=[], CommandType='"Text"', CommandTimeout='30']

            SELECT tag AS Name, COUNT(*) AS blog_count
            FROM "Blogs", UNNEST("Tags") AS tag
            GROUP BY tag
            ORDER BY blog_count DESC
            LIMIT 5
2026-06-29 22:41:48.201 +07:00 [INF] Executed DbCommand (1ms) [Parameters=[], CommandType='"Text"', CommandTimeout='30']
SELECT b."Id", b."AmountOfAccesses", b."AuthorId", b."Content", b."CoverImage", b."CreatedAt", b."PublishedAt", b."State", b."Tags", b."Title", b."UpdatedAt"
FROM "Blogs" AS b
ORDER BY b."CreatedAt" DESC
2026-06-29 22:41:48.201 +07:00 [INF] Executing OkObjectResult, writing value of type 'BlogApp.DTOs.TagListRespDTO'.
2026-06-29 22:41:48.201 +07:00 [INF] Executed action BlogApp.Controllers.TagController.GetTop5Tags (BlogApp) in 2.2804ms
2026-06-29 22:41:48.201 +07:00 [INF] Executing OkObjectResult, writing value of type 'BlogApp.DTOs.BlogListRespDTO'.
2026-06-29 22:41:48.201 +07:00 [INF] Executing OkObjectResult, writing value of type 'BlogApp.DTOs.BlogListRespDTO'.
2026-06-29 22:41:48.201 +07:00 [INF] Executed endpoint 'BlogApp.Controllers.TagController.GetTop5Tags (BlogApp)'
2026-06-29 22:41:48.202 +07:00 [INF] Executed action BlogApp.Controllers.BlogController.GetTop5Blogs (BlogApp) in 2.3638ms
2026-06-29 22:41:48.202 +07:00 [INF] HTTP GET /api/tags/topfive responded 200 in 3.1412 ms
2026-06-29 22:41:48.202 +07:00 [INF] Executed action BlogApp.Controllers.BlogController.Get5LatestBlogs (BlogApp) in 2.3126ms
2026-06-29 22:41:48.202 +07:00 [INF] Executed endpoint 'BlogApp.Controllers.BlogController.GetTop5Blogs (BlogApp)'
2026-06-29 22:41:48.202 +07:00 [INF] Request finished HTTP/1.1 GET http://localhost:5059/api/tags/topfive - 200 null application/json; charset=utf-8 1496.0203ms
2026-06-29 22:41:48.202 +07:00 [INF] Executed endpoint 'BlogApp.Controllers.BlogController.Get5LatestBlogs (BlogApp)'
2026-06-29 22:41:48.202 +07:00 [INF] HTTP GET /api/blog/topfive responded 200 in 3.1937 ms
2026-06-29 22:41:48.202 +07:00 [INF] HTTP GET /api/blog/fivelatest responded 200 in 3.4263 ms
2026-06-29 22:41:48.202 +07:00 [INF] Request finished HTTP/1.1 GET http://localhost:5059/api/blog/topfive - 200 null application/json; charset=utf-8 1496.4515ms
2026-06-29 22:41:48.202 +07:00 [INF] Request finished HTTP/1.1 GET http://localhost:5059/api/blog/fivelatest - 200 null application/json; charset=utf-8 1496.488ms
2026-06-29 22:42:48.555 +07:00 [INF] Request starting HTTP/1.1 OPTIONS http://localhost:5059/api/authen/check-valid-token - null null
2026-06-29 22:42:48.556 +07:00 [INF] CORS policy execution successful.
2026-06-29 22:42:48.556 +07:00 [INF] Request finished HTTP/1.1 OPTIONS http://localhost:5059/api/authen/check-valid-token - 204 null null 0.8622ms
2026-06-29 22:42:48.556 +07:00 [INF] Request starting HTTP/1.1 OPTIONS http://localhost:5059/api/tags - null null
2026-06-29 22:42:48.557 +07:00 [INF] CORS policy execution successful.
2026-06-29 22:42:48.557 +07:00 [INF] Request finished HTTP/1.1 OPTIONS http://localhost:5059/api/tags - 204 null null 0.6694ms
2026-06-29 22:42:48.558 +07:00 [INF] Request starting HTTP/1.1 OPTIONS http://localhost:5059/api/blog/fivelatest - null null
2026-06-29 22:42:48.558 +07:00 [INF] Request starting HTTP/1.1 OPTIONS http://localhost:5059/api/tags/topfive - null null
2026-06-29 22:42:48.558 +07:00 [INF] CORS policy execution successful.
2026-06-29 22:42:48.559 +07:00 [INF] CORS policy execution successful.
2026-06-29 22:42:48.559 +07:00 [INF] Request finished HTTP/1.1 OPTIONS http://localhost:5059/api/blog/fivelatest - 204 null null 0.6595ms
2026-06-29 22:42:48.559 +07:00 [INF] Request starting HTTP/1.1 GET http://localhost:5059/api/authen/check-valid-token - null null
2026-06-29 22:42:48.559 +07:00 [INF] Request starting HTTP/1.1 GET http://localhost:5059/api/tags - null null
2026-06-29 22:42:48.559 +07:00 [INF] Request finished HTTP/1.1 OPTIONS http://localhost:5059/api/tags/topfive - 204 null null 0.6108ms
2026-06-29 22:42:48.559 +07:00 [INF] Request starting HTTP/1.1 OPTIONS http://localhost:5059/api/blog/topfive - null null
2026-06-29 22:42:48.559 +07:00 [INF] CORS policy execution successful.
2026-06-29 22:42:48.559 +07:00 [INF] CORS policy execution successful.
2026-06-29 22:42:48.560 +07:00 [INF] Request starting HTTP/1.1 GET http://localhost:5059/api/blog/fivelatest - null null
2026-06-29 22:42:48.560 +07:00 [INF] CORS policy execution successful.
2026-06-29 22:42:48.560 +07:00 [INF] CORS policy execution successful.
2026-06-29 22:42:48.560 +07:00 [INF] Request finished HTTP/1.1 OPTIONS http://localhost:5059/api/blog/topfive - 204 null null 0.9693ms
2026-06-29 22:42:48.560 +07:00 [INF] Request starting HTTP/1.1 GET http://localhost:5059/api/tags/topfive - null null
2026-06-29 22:42:48.581 +07:00 [INF] Executing endpoint 'BlogApp.Controllers.AuthenController.CheckValidToken (BlogApp)'
2026-06-29 22:42:48.581 +07:00 [INF] Executing endpoint 'BlogApp.Controllers.BlogController.Get5LatestBlogs (BlogApp)'
2026-06-29 22:42:48.581 +07:00 [INF] CORS policy execution successful.
2026-06-29 22:42:48.581 +07:00 [INF] Request starting HTTP/1.1 GET http://localhost:5059/api/blog/topfive - null null
2026-06-29 22:42:48.581 +07:00 [INF] Executing endpoint 'BlogApp.Controllers.TagController.GetAllTags (BlogApp)'
2026-06-29 22:42:48.581 +07:00 [INF] CORS policy execution successful.
2026-06-29 22:42:48.581 +07:00 [INF] Route matched with {action = "Get5LatestBlogs", controller = "Blog"}. Executing controller action with signature Microsoft.AspNetCore.Mvc.ActionResult Get5LatestBlogs() on controller BlogApp.Controllers.BlogController (BlogApp).
2026-06-29 22:42:48.581 +07:00 [INF] Route matched with {action = "CheckValidToken", controller = "Authen"}. Executing controller action with signature Microsoft.AspNetCore.Mvc.ActionResult`1[BlogApp.DTOs.ResponseBaseDTO] CheckValidToken() on controller BlogApp.Controllers.AuthenController (BlogApp).
2026-06-29 22:42:48.581 +07:00 [INF] Executing endpoint 'BlogApp.Controllers.BlogController.GetTop5Blogs (BlogApp)'
2026-06-29 22:42:48.581 +07:00 [INF] Executing endpoint 'BlogApp.Controllers.TagController.GetTop5Tags (BlogApp)'
2026-06-29 22:42:48.581 +07:00 [INF] Route matched with {action = "GetTop5Blogs", controller = "Blog"}. Executing controller action with signature Microsoft.AspNetCore.Mvc.ActionResult GetTop5Blogs() on controller BlogApp.Controllers.BlogController (BlogApp).
2026-06-29 22:42:48.581 +07:00 [INF] Route matched with {action = "GetTop5Tags", controller = "Tag"}. Executing controller action with signature Microsoft.AspNetCore.Mvc.ActionResult GetTop5Tags() on controller BlogApp.Controllers.TagController (BlogApp).
2026-06-29 22:42:48.582 +07:00 [INF] Executing OkObjectResult, writing value of type 'BlogApp.DTOs.ResponseBaseDTO'.
2026-06-29 22:42:48.582 +07:00 [INF] Executed action BlogApp.Controllers.AuthenController.CheckValidToken (BlogApp) in 0.7716ms
2026-06-29 22:42:48.582 +07:00 [INF] Executed endpoint 'BlogApp.Controllers.AuthenController.CheckValidToken (BlogApp)'
2026-06-29 22:42:48.582 +07:00 [INF] HTTP GET /api/authen/check-valid-token responded 200 in 22.5026 ms
2026-06-29 22:42:48.582 +07:00 [INF] Request finished HTTP/1.1 GET http://localhost:5059/api/authen/check-valid-token - 200 null application/json; charset=utf-8 23.5678ms
2026-06-29 22:42:48.583 +07:00 [INF] Request starting HTTP/1.1 GET http://localhost:5059/api/authen/check-valid-token - null null
2026-06-29 22:42:48.583 +07:00 [INF] CORS policy execution successful.
2026-06-29 22:42:48.584 +07:00 [INF] Executed DbCommand (1ms) [Parameters=[], CommandType='"Text"', CommandTimeout='30']
SELECT b."Id", b."AmountOfAccesses", b."AuthorId", b."Content", b."CoverImage", b."CreatedAt", b."PublishedAt", b."State", b."Tags", b."Title", b."UpdatedAt"
FROM "Blogs" AS b
ORDER BY b."CreatedAt" DESC
2026-06-29 22:42:48.584 +07:00 [INF] Executed DbCommand (1ms) [Parameters=[], CommandType='"Text"', CommandTimeout='30']

            SELECT tag AS Name, COUNT(*) AS blog_count
            FROM "Blogs", UNNEST("Tags") AS tag
            GROUP BY tag
            ORDER BY blog_count DESC
            LIMIT 5
2026-06-29 22:42:48.584 +07:00 [INF] Executed DbCommand (1ms) [Parameters=[], CommandType='"Text"', CommandTimeout='30']
SELECT b."Id", b."AmountOfAccesses", b."AuthorId", b."Content", b."CoverImage", b."CreatedAt", b."PublishedAt", b."State", b."Tags", b."Title", b."UpdatedAt"
FROM "Blogs" AS b
ORDER BY b."CreatedAt" DESC
2026-06-29 22:42:48.584 +07:00 [INF] Executing endpoint 'BlogApp.Controllers.AuthenController.CheckValidToken (BlogApp)'
2026-06-29 22:42:48.585 +07:00 [INF] Executing OkObjectResult, writing value of type 'BlogApp.DTOs.BlogListRespDTO'.
2026-06-29 22:42:48.585 +07:00 [INF] Executing OkObjectResult, writing value of type 'BlogApp.DTOs.TagListRespDTO'.
2026-06-29 22:42:48.585 +07:00 [INF] Route matched with {action = "CheckValidToken", controller = "Authen"}. Executing controller action with signature Microsoft.AspNetCore.Mvc.ActionResult`1[BlogApp.DTOs.ResponseBaseDTO] CheckValidToken() on controller BlogApp.Controllers.AuthenController (BlogApp).
2026-06-29 22:42:48.585 +07:00 [INF] Executing OkObjectResult, writing value of type 'BlogApp.DTOs.BlogListRespDTO'.
2026-06-29 22:42:48.585 +07:00 [INF] Executed action BlogApp.Controllers.TagController.GetTop5Tags (BlogApp) in 3.3864ms
2026-06-29 22:42:48.585 +07:00 [INF] Executed action BlogApp.Controllers.BlogController.GetTop5Blogs (BlogApp) in 3.5488ms
2026-06-29 22:42:48.585 +07:00 [INF] Executed endpoint 'BlogApp.Controllers.TagController.GetTop5Tags (BlogApp)'
2026-06-29 22:42:48.585 +07:00 [INF] Executed action BlogApp.Controllers.BlogController.Get5LatestBlogs (BlogApp) in 3.8074ms
2026-06-29 22:42:48.585 +07:00 [INF] Executing OkObjectResult, writing value of type 'BlogApp.DTOs.ResponseBaseDTO'.
2026-06-29 22:42:48.585 +07:00 [INF] Executed endpoint 'BlogApp.Controllers.BlogController.GetTop5Blogs (BlogApp)'
2026-06-29 22:42:48.585 +07:00 [INF] HTTP GET /api/tags/topfive responded 200 in 4.3219 ms
2026-06-29 22:42:48.585 +07:00 [INF] Executed endpoint 'BlogApp.Controllers.BlogController.Get5LatestBlogs (BlogApp)'
2026-06-29 22:42:48.585 +07:00 [INF] Route matched with {action = "GetAllTags", controller = "Tag"}. Executing controller action with signature Microsoft.AspNetCore.Mvc.ActionResult`1[BlogApp.DTOs.TagListRespDTO] GetAllTags() on controller BlogApp.Controllers.TagController (BlogApp).
2026-06-29 22:42:48.585 +07:00 [INF] Executed action BlogApp.Controllers.AuthenController.CheckValidToken (BlogApp) in 0.4996ms
2026-06-29 22:42:48.585 +07:00 [INF] HTTP GET /api/blog/topfive responded 200 in 4.4219 ms
2026-06-29 22:42:48.585 +07:00 [INF] HTTP GET /api/blog/fivelatest responded 200 in 25.5891 ms
2026-06-29 22:42:48.586 +07:00 [INF] Request finished HTTP/1.1 GET http://localhost:5059/api/blog/fivelatest - 200 null application/json; charset=utf-8 26.2515ms
2026-06-29 22:42:48.586 +07:00 [INF] Executed endpoint 'BlogApp.Controllers.AuthenController.CheckValidToken (BlogApp)'
2026-06-29 22:42:48.586 +07:00 [INF] Request finished HTTP/1.1 GET http://localhost:5059/api/blog/topfive - 200 null application/json; charset=utf-8 5.0701ms
2026-06-29 22:42:48.585 +07:00 [INF] Request finished HTTP/1.1 GET http://localhost:5059/api/tags/topfive - 200 null application/json; charset=utf-8 25.5596ms
2026-06-29 22:42:48.586 +07:00 [INF] HTTP GET /api/authen/check-valid-token responded 200 in 2.5976 ms
2026-06-29 22:42:48.586 +07:00 [INF] Request finished HTTP/1.1 GET http://localhost:5059/api/authen/check-valid-token - 200 null application/json; charset=utf-8 3.2607ms
2026-06-29 22:42:48.587 +07:00 [INF] Request starting HTTP/1.1 GET http://localhost:5059/api/authen/check-valid-token - null null
2026-06-29 22:42:48.587 +07:00 [INF] Request starting HTTP/1.1 GET http://localhost:5059/api/blog/fivelatest - null null
2026-06-29 22:42:48.587 +07:00 [INF] Request starting HTTP/1.1 GET http://localhost:5059/api/tags/topfive - null null
2026-06-29 22:42:48.587 +07:00 [INF] Request starting HTTP/1.1 GET http://localhost:5059/api/blog/topfive - null null
2026-06-29 22:42:48.587 +07:00 [INF] CORS policy execution successful.
2026-06-29 22:42:48.587 +07:00 [INF] CORS policy execution successful.
2026-06-29 22:42:48.587 +07:00 [INF] CORS policy execution successful.
2026-06-29 22:42:48.588 +07:00 [INF] CORS policy execution successful.
2026-06-29 22:42:48.588 +07:00 [INF] Executing endpoint 'BlogApp.Controllers.BlogController.GetTop5Blogs (BlogApp)'
2026-06-29 22:42:48.588 +07:00 [INF] Executing endpoint 'BlogApp.Controllers.AuthenController.CheckValidToken (BlogApp)'
2026-06-29 22:42:48.588 +07:00 [INF] Route matched with {action = "GetTop5Blogs", controller = "Blog"}. Executing controller action with signature Microsoft.AspNetCore.Mvc.ActionResult GetTop5Blogs() on controller BlogApp.Controllers.BlogController (BlogApp).
2026-06-29 22:42:48.588 +07:00 [INF] Executing endpoint 'BlogApp.Controllers.BlogController.Get5LatestBlogs (BlogApp)'
2026-06-29 22:42:48.588 +07:00 [INF] Executing endpoint 'BlogApp.Controllers.TagController.GetTop5Tags (BlogApp)'
2026-06-29 22:42:48.588 +07:00 [INF] Route matched with {action = "CheckValidToken", controller = "Authen"}. Executing controller action with signature Microsoft.AspNetCore.Mvc.ActionResult`1[BlogApp.DTOs.ResponseBaseDTO] CheckValidToken() on controller BlogApp.Controllers.AuthenController (BlogApp).
2026-06-29 22:42:48.588 +07:00 [INF] Route matched with {action = "Get5LatestBlogs", controller = "Blog"}. Executing controller action with signature Microsoft.AspNetCore.Mvc.ActionResult Get5LatestBlogs() on controller BlogApp.Controllers.BlogController (BlogApp).
2026-06-29 22:42:48.588 +07:00 [INF] Executing OkObjectResult, writing value of type 'BlogApp.DTOs.ResponseBaseDTO'.
2026-06-29 22:42:48.588 +07:00 [INF] Executed action BlogApp.Controllers.AuthenController.CheckValidToken (BlogApp) in 0.2586ms
2026-06-29 22:42:48.589 +07:00 [INF] Executed endpoint 'BlogApp.Controllers.AuthenController.CheckValidToken (BlogApp)'
2026-06-29 22:42:48.589 +07:00 [INF] HTTP GET /api/authen/check-valid-token responded 200 in 0.9896 ms
2026-06-29 22:42:48.588 +07:00 [INF] Route matched with {action = "GetTop5Tags", controller = "Tag"}. Executing controller action with signature Microsoft.AspNetCore.Mvc.ActionResult GetTop5Tags() on controller BlogApp.Controllers.TagController (BlogApp).
2026-06-29 22:42:48.589 +07:00 [INF] Request finished HTTP/1.1 GET http://localhost:5059/api/authen/check-valid-token - 200 null application/json; charset=utf-8 1.6191ms
2026-06-29 22:42:48.589 +07:00 [INF] Request starting HTTP/1.1 GET http://localhost:5059/api/authen/check-valid-token - null null
2026-06-29 22:42:48.590 +07:00 [INF] CORS policy execution successful.
2026-06-29 22:42:48.590 +07:00 [INF] Executing endpoint 'BlogApp.Controllers.AuthenController.CheckValidToken (BlogApp)'
2026-06-29 22:42:48.590 +07:00 [INF] Route matched with {action = "CheckValidToken", controller = "Authen"}. Executing controller action with signature Microsoft.AspNetCore.Mvc.ActionResult`1[BlogApp.DTOs.ResponseBaseDTO] CheckValidToken() on controller BlogApp.Controllers.AuthenController (BlogApp).
2026-06-29 22:42:48.590 +07:00 [INF] Executed DbCommand (2ms) [Parameters=[], CommandType='"Text"', CommandTimeout='30']
SELECT b."Id", b."AmountOfAccesses", b."AuthorId", b."Content", b."CoverImage", b."CreatedAt", b."PublishedAt", b."State", b."Tags", b."Title", b."UpdatedAt"
FROM "Blogs" AS b
ORDER BY b."CreatedAt" DESC
2026-06-29 22:42:48.590 +07:00 [INF] Executed DbCommand (1ms) [Parameters=[], CommandType='"Text"', CommandTimeout='30']

            SELECT tag AS Name, COUNT(*) AS blog_count
            FROM "Blogs", UNNEST("Tags") AS tag
            GROUP BY tag
            ORDER BY blog_count DESC
            LIMIT 5
2026-06-29 22:42:48.590 +07:00 [INF] Executing OkObjectResult, writing value of type 'BlogApp.DTOs.ResponseBaseDTO'.
2026-06-29 22:42:48.590 +07:00 [INF] Executed DbCommand (2ms) [Parameters=[], CommandType='"Text"', CommandTimeout='30']
SELECT b."Id", b."AmountOfAccesses", b."AuthorId", b."Content", b."CoverImage", b."CreatedAt", b."PublishedAt", b."State", b."Tags", b."Title", b."UpdatedAt"
FROM "Blogs" AS b
ORDER BY b."CreatedAt" DESC
2026-06-29 22:42:48.591 +07:00 [INF] Executing OkObjectResult, writing value of type 'BlogApp.DTOs.TagListRespDTO'.
2026-06-29 22:42:48.591 +07:00 [INF] Executing OkObjectResult, writing value of type 'BlogApp.DTOs.BlogListRespDTO'.
2026-06-29 22:42:48.591 +07:00 [INF] Executed action BlogApp.Controllers.AuthenController.CheckValidToken (BlogApp) in 0.634ms
2026-06-29 22:42:48.591 +07:00 [INF] Executed action BlogApp.Controllers.TagController.GetTop5Tags (BlogApp) in 2.299ms
2026-06-29 22:42:48.591 +07:00 [INF] Executed endpoint 'BlogApp.Controllers.AuthenController.CheckValidToken (BlogApp)'
2026-06-29 22:42:48.591 +07:00 [INF] Executing OkObjectResult, writing value of type 'BlogApp.DTOs.BlogListRespDTO'.
2026-06-29 22:42:48.591 +07:00 [INF] HTTP GET /api/authen/check-valid-token responded 200 in 1.4297 ms
2026-06-29 22:42:48.591 +07:00 [INF] Executed action BlogApp.Controllers.BlogController.Get5LatestBlogs (BlogApp) in 2.9774ms
2026-06-29 22:42:48.591 +07:00 [INF] Request finished HTTP/1.1 GET http://localhost:5059/api/authen/check-valid-token - 200 null application/json; charset=utf-8 1.8749ms
2026-06-29 22:42:48.591 +07:00 [INF] Executed action BlogApp.Controllers.BlogController.GetTop5Blogs (BlogApp) in 3.0885ms
2026-06-29 22:42:48.591 +07:00 [INF] Executed endpoint 'BlogApp.Controllers.TagController.GetTop5Tags (BlogApp)'
2026-06-29 22:42:48.591 +07:00 [INF] Executed endpoint 'BlogApp.Controllers.BlogController.Get5LatestBlogs (BlogApp)'
2026-06-29 22:42:48.592 +07:00 [INF] Executed endpoint 'BlogApp.Controllers.BlogController.GetTop5Blogs (BlogApp)'
2026-06-29 22:42:48.592 +07:00 [INF] HTTP GET /api/blog/fivelatest responded 200 in 4.0347 ms
2026-06-29 22:42:48.592 +07:00 [INF] HTTP GET /api/tags/topfive responded 200 in 3.9363 ms
2026-06-29 22:42:48.592 +07:00 [INF] HTTP GET /api/blog/topfive responded 200 in 3.9829 ms
2026-06-29 22:42:48.593 +07:00 [INF] Request finished HTTP/1.1 GET http://localhost:5059/api/blog/fivelatest - 200 null application/json; charset=utf-8 4.5854ms
2026-06-29 22:42:48.593 +07:00 [INF] Request finished HTTP/1.1 GET http://localhost:5059/api/tags/topfive - 200 null application/json; charset=utf-8 5.3956ms
2026-06-29 22:42:48.593 +07:00 [INF] Request finished HTTP/1.1 GET http://localhost:5059/api/blog/topfive - 200 null application/json; charset=utf-8 5.4774ms
2026-06-29 22:42:48.599 +07:00 [INF] Executed DbCommand (1ms) [Parameters=[], CommandType='"Text"', CommandTimeout='30']
SELECT t."Name", t."CreatedAt", t."Description", t."UpdatedAt"
FROM "Tags" AS t
ORDER BY t."Name" DESC
2026-06-29 22:42:48.605 +07:00 [INF] Executing OkObjectResult, writing value of type 'BlogApp.DTOs.TagListRespDTO'.
2026-06-29 22:42:48.605 +07:00 [INF] Executed action BlogApp.Controllers.TagController.GetAllTags (BlogApp) in 19.4737ms
2026-06-29 22:42:48.605 +07:00 [INF] Executed endpoint 'BlogApp.Controllers.TagController.GetAllTags (BlogApp)'
2026-06-29 22:42:48.605 +07:00 [INF] HTTP GET /api/tags responded 200 in 45.4344 ms
2026-06-29 22:42:48.605 +07:00 [INF] Request finished HTTP/1.1 GET http://localhost:5059/api/tags - 200 null application/json; charset=utf-8 46.5238ms
2026-06-29 22:42:48.606 +07:00 [INF] Request starting HTTP/1.1 GET http://localhost:5059/api/tags - null null
2026-06-29 22:42:48.606 +07:00 [INF] CORS policy execution successful.
2026-06-29 22:42:48.606 +07:00 [INF] Executing endpoint 'BlogApp.Controllers.TagController.GetAllTags (BlogApp)'
2026-06-29 22:42:48.606 +07:00 [INF] Route matched with {action = "GetAllTags", controller = "Tag"}. Executing controller action with signature Microsoft.AspNetCore.Mvc.ActionResult`1[BlogApp.DTOs.TagListRespDTO] GetAllTags() on controller BlogApp.Controllers.TagController (BlogApp).
2026-06-29 22:42:48.608 +07:00 [INF] Executed DbCommand (1ms) [Parameters=[], CommandType='"Text"', CommandTimeout='30']
SELECT t."Name", t."CreatedAt", t."Description", t."UpdatedAt"
FROM "Tags" AS t
ORDER BY t."Name" DESC
2026-06-29 22:42:48.609 +07:00 [INF] Executing OkObjectResult, writing value of type 'BlogApp.DTOs.TagListRespDTO'.
2026-06-29 22:42:48.609 +07:00 [INF] Executed action BlogApp.Controllers.TagController.GetAllTags (BlogApp) in 2.1655ms
2026-06-29 22:42:48.609 +07:00 [INF] Executed endpoint 'BlogApp.Controllers.TagController.GetAllTags (BlogApp)'
2026-06-29 22:42:48.609 +07:00 [INF] HTTP GET /api/tags responded 200 in 2.6887 ms
2026-06-29 22:42:48.609 +07:00 [INF] Request finished HTTP/1.1 GET http://localhost:5059/api/tags - 200 null application/json; charset=utf-8 2.967ms
2026-06-29 22:42:53.205 +07:00 [INF] Request starting HTTP/1.1 OPTIONS http://localhost:5059/api/blog/add - null null
2026-06-29 22:42:53.205 +07:00 [INF] CORS policy execution successful.
2026-06-29 22:42:53.205 +07:00 [INF] Request finished HTTP/1.1 OPTIONS http://localhost:5059/api/blog/add - 204 null null 0.4154ms
2026-06-29 22:42:53.206 +07:00 [INF] Request starting HTTP/1.1 POST http://localhost:5059/api/blog/add - multipart/form-data; boundary=----WebKitFormBoundaryvr3D9N5cnmiBm2kT 242
2026-06-29 22:42:53.206 +07:00 [INF] CORS policy execution successful.
2026-06-29 22:42:53.206 +07:00 [INF] Executing endpoint 'BlogApp.Controllers.BlogController.AddBlog (BlogApp)'
2026-06-29 22:42:53.216 +07:00 [INF] Route matched with {action = "AddBlog", controller = "Blog"}. Executing controller action with signature System.Threading.Tasks.Task`1[Microsoft.AspNetCore.Mvc.ActionResult] AddBlog(BlogApp.DTOs.BlogReqDTO) on controller BlogApp.Controllers.BlogController (BlogApp).
2026-06-29 22:42:53.220 +07:00 [INF] Executing BadRequestObjectResult, writing value of type 'Microsoft.AspNetCore.Mvc.ValidationProblemDetails'.
2026-06-29 22:42:53.234 +07:00 [INF] Executed action BlogApp.Controllers.BlogController.AddBlog (BlogApp) in 17.8674ms
2026-06-29 22:42:53.234 +07:00 [INF] Executed endpoint 'BlogApp.Controllers.BlogController.AddBlog (BlogApp)'
2026-06-29 22:42:53.235 +07:00 [INF] HTTP POST /api/blog/add responded 400 in 28.5283 ms
2026-06-29 22:42:53.235 +07:00 [INF] Request finished HTTP/1.1 POST http://localhost:5059/api/blog/add - 400 null application/problem+json; charset=utf-8 28.8067ms
2026-06-29 22:48:24.310 +07:00 [INF] User profile is available. Using '/home/kieudangkimbao2000/.aspnet/DataProtection-Keys' as key repository; keys will not be encrypted at rest.
2026-06-29 22:48:24.514 +07:00 [WRN] The ASP.NET Core developer certificate is not trusted. For information about trusting the ASP.NET Core developer certificate, see https://aka.ms/aspnet/https-trust-dev-cert
2026-06-29 22:48:24.527 +07:00 [INF] Now listening on: https://localhost:7065
2026-06-29 22:48:24.528 +07:00 [INF] Now listening on: http://localhost:5059
2026-06-29 22:48:24.529 +07:00 [INF] Application started. Press Ctrl+C to shut down.
2026-06-29 22:48:24.529 +07:00 [INF] Hosting environment: Development
2026-06-29 22:48:24.529 +07:00 [INF] Content root path: /home/kieudangkimbao2000/WorkSpace/BlogApp/backend
2026-06-29 23:28:26.108 +07:00 [INF] User profile is available. Using '/home/kieudangkimbao2000/.aspnet/DataProtection-Keys' as key repository; keys will not be encrypted at rest.
2026-06-29 23:28:26.316 +07:00 [WRN] The ASP.NET Core developer certificate is not trusted. For information about trusting the ASP.NET Core developer certificate, see https://aka.ms/aspnet/https-trust-dev-cert
2026-06-29 23:28:26.329 +07:00 [INF] Now listening on: https://localhost:7065
2026-06-29 23:28:26.329 +07:00 [INF] Now listening on: http://localhost:5059
2026-06-29 23:28:26.331 +07:00 [INF] Application started. Press Ctrl+C to shut down.
2026-06-29 23:28:26.331 +07:00 [INF] Hosting environment: Development
2026-06-29 23:28:26.331 +07:00 [INF] Content root path: /home/kieudangkimbao2000/WorkSpace/BlogApp/backend
2026-06-29 23:28:32.485 +07:00 [INF] Request starting HTTP/1.1 GET http://localhost:5059/openapi/v1.json - null null
2026-06-29 23:28:32.531 +07:00 [INF] Executing endpoint 'HTTP: GET /openapi/{documentName}.json'
2026-06-29 23:28:32.681 +07:00 [INF] Executed endpoint 'HTTP: GET /openapi/{documentName}.json'
2026-06-29 23:28:32.683 +07:00 [INF] HTTP GET /openapi/v1.json responded 200 in 173.4939 ms
2026-06-29 23:28:32.686 +07:00 [INF] Request finished HTTP/1.1 GET http://localhost:5059/openapi/v1.json - 200 null application/json;charset=utf-8 202.1547ms
2026-06-29 23:29:58.061 +07:00 [INF] User profile is available. Using '/home/kieudangkimbao2000/.aspnet/DataProtection-Keys' as key repository; keys will not be encrypted at rest.
2026-06-29 23:29:58.265 +07:00 [WRN] The ASP.NET Core developer certificate is not trusted. For information about trusting the ASP.NET Core developer certificate, see https://aka.ms/aspnet/https-trust-dev-cert
2026-06-29 23:29:58.279 +07:00 [INF] Now listening on: https://localhost:7065
2026-06-29 23:29:58.280 +07:00 [INF] Now listening on: http://localhost:5059
2026-06-29 23:29:58.281 +07:00 [INF] Application started. Press Ctrl+C to shut down.
2026-06-29 23:29:58.281 +07:00 [INF] Hosting environment: Development
2026-06-29 23:29:58.281 +07:00 [INF] Content root path: /home/kieudangkimbao2000/WorkSpace/BlogApp/backend
2026-06-29 23:38:30.050 +07:00 [INF] User profile is available. Using '/home/kieudangkimbao2000/.aspnet/DataProtection-Keys' as key repository; keys will not be encrypted at rest.
2026-06-29 23:38:30.256 +07:00 [WRN] The ASP.NET Core developer certificate is not trusted. For information about trusting the ASP.NET Core developer certificate, see https://aka.ms/aspnet/https-trust-dev-cert
2026-06-29 23:38:30.270 +07:00 [INF] Now listening on: https://localhost:7065
2026-06-29 23:38:30.270 +07:00 [INF] Now listening on: http://localhost:5059
2026-06-29 23:38:30.272 +07:00 [INF] Application started. Press Ctrl+C to shut down.
2026-06-29 23:38:30.272 +07:00 [INF] Hosting environment: Development
2026-06-29 23:38:30.272 +07:00 [INF] Content root path: /home/kieudangkimbao2000/WorkSpace/BlogApp/backend
2026-06-29 23:38:34.418 +07:00 [INF] Request starting HTTP/1.1 GET http://localhost:5059/openapi/v1.json - null null
2026-06-29 23:38:34.462 +07:00 [INF] Executing endpoint 'HTTP: GET /openapi/{documentName}.json'
2026-06-29 23:38:34.605 +07:00 [INF] Executed endpoint 'HTTP: GET /openapi/{documentName}.json'
2026-06-29 23:38:34.607 +07:00 [INF] HTTP GET /openapi/v1.json responded 200 in 165.8404 ms
2026-06-29 23:38:34.610 +07:00 [INF] Request finished HTTP/1.1 GET http://localhost:5059/openapi/v1.json - 200 null application/json;charset=utf-8 193.9485ms
2026-06-29 23:40:22.094 +07:00 [INF] Request starting HTTP/1.1 GET http://localhost:5059/openapi/v1.json - null null
2026-06-29 23:40:22.095 +07:00 [INF] Executing endpoint 'HTTP: GET /openapi/{documentName}.json'
2026-06-29 23:40:22.115 +07:00 [INF] Executed endpoint 'HTTP: GET /openapi/{documentName}.json'
2026-06-29 23:40:22.116 +07:00 [INF] HTTP GET /openapi/v1.json responded 200 in 20.6731 ms
2026-06-29 23:40:22.116 +07:00 [INF] Request finished HTTP/1.1 GET http://localhost:5059/openapi/v1.json - 200 null application/json;charset=utf-8 22.3278ms
2026-06-29 23:41:42.814 +07:00 [INF] User profile is available. Using '/home/kieudangkimbao2000/.aspnet/DataProtection-Keys' as key repository; keys will not be encrypted at rest.
2026-06-29 23:41:43.008 +07:00 [WRN] The ASP.NET Core developer certificate is not trusted. For information about trusting the ASP.NET Core developer certificate, see https://aka.ms/aspnet/https-trust-dev-cert
2026-06-29 23:41:43.021 +07:00 [INF] Now listening on: https://localhost:7065
2026-06-29 23:41:43.021 +07:00 [INF] Now listening on: http://localhost:5059
2026-06-29 23:41:43.023 +07:00 [INF] Application started. Press Ctrl+C to shut down.
2026-06-29 23:41:43.023 +07:00 [INF] Hosting environment: Development
2026-06-29 23:41:43.023 +07:00 [INF] Content root path: /home/kieudangkimbao2000/WorkSpace/BlogApp/backend
2026-06-29 23:41:46.473 +07:00 [INF] Request starting HTTP/1.1 GET http://localhost:5059/openapi/v1.json - null null
2026-06-29 23:41:46.518 +07:00 [INF] Executing endpoint 'HTTP: GET /openapi/{documentName}.json'
2026-06-29 23:41:46.665 +07:00 [INF] Executed endpoint 'HTTP: GET /openapi/{documentName}.json'
2026-06-29 23:41:46.667 +07:00 [INF] HTTP GET /openapi/v1.json responded 200 in 170.1387 ms
2026-06-29 23:41:46.670 +07:00 [INF] Request finished HTTP/1.1 GET http://localhost:5059/openapi/v1.json - 200 null application/json;charset=utf-8 198.8415ms
2026-06-29 23:42:32.057 +07:00 [INF] Request starting HTTP/1.1 GET http://localhost:5059/openapi/v1.json - null null
2026-06-29 23:42:32.059 +07:00 [INF] Executing endpoint 'HTTP: GET /openapi/{documentName}.json'
2026-06-29 23:42:32.077 +07:00 [INF] Executed endpoint 'HTTP: GET /openapi/{documentName}.json'
2026-06-29 23:42:32.077 +07:00 [INF] HTTP GET /openapi/v1.json responded 200 in 18.7440 ms
2026-06-29 23:42:32.077 +07:00 [INF] Request finished HTTP/1.1 GET http://localhost:5059/openapi/v1.json - 200 null application/json;charset=utf-8 20.1396ms
2026-06-29 23:42:59.132 +07:00 [INF] Request starting HTTP/1.1 GET http://localhost:5059/openapi/v1.json - null null
2026-06-29 23:42:59.134 +07:00 [INF] Executing endpoint 'HTTP: GET /openapi/{documentName}.json'
2026-06-29 23:42:59.147 +07:00 [INF] Executed endpoint 'HTTP: GET /openapi/{documentName}.json'
2026-06-29 23:42:59.147 +07:00 [INF] HTTP GET /openapi/v1.json responded 200 in 14.6935 ms
2026-06-29 23:42:59.147 +07:00 [INF] Request finished HTTP/1.1 GET http://localhost:5059/openapi/v1.json - 200 null application/json;charset=utf-8 15.3712ms
2026-06-29 23:45:35.064 +07:00 [INF] Request starting HTTP/1.1 GET http://localhost:5059/openapi/v1.json - null null
2026-06-29 23:45:35.065 +07:00 [INF] Executing endpoint 'HTTP: GET /openapi/{documentName}.json'
2026-06-29 23:45:35.076 +07:00 [INF] Executed endpoint 'HTTP: GET /openapi/{documentName}.json'
2026-06-29 23:45:35.076 +07:00 [INF] HTTP GET /openapi/v1.json responded 200 in 10.8880 ms
2026-06-29 23:45:35.076 +07:00 [INF] Request finished HTTP/1.1 GET http://localhost:5059/openapi/v1.json - 200 null application/json;charset=utf-8 11.8012ms
2026-06-29 23:45:53.747 +07:00 [INF] Request starting HTTP/1.1 GET http://localhost:5059/openapi/v1.json - null null
2026-06-29 23:45:53.747 +07:00 [INF] Executing endpoint 'HTTP: GET /openapi/{documentName}.json'
2026-06-29 23:45:53.756 +07:00 [INF] Executed endpoint 'HTTP: GET /openapi/{documentName}.json'
2026-06-29 23:45:53.756 +07:00 [INF] HTTP GET /openapi/v1.json responded 200 in 8.8458 ms
2026-06-29 23:45:53.756 +07:00 [INF] Request finished HTTP/1.1 GET http://localhost:5059/openapi/v1.json - 200 null application/json;charset=utf-8 9.3587ms
2026-06-29 23:45:56.608 +07:00 [INF] Request starting HTTP/1.1 GET http://localhost:5059/openapi/v1.json - null null
2026-06-29 23:45:56.608 +07:00 [INF] Executing endpoint 'HTTP: GET /openapi/{documentName}.json'
2026-06-29 23:45:56.614 +07:00 [INF] Executed endpoint 'HTTP: GET /openapi/{documentName}.json'
2026-06-29 23:45:56.615 +07:00 [INF] HTTP GET /openapi/v1.json responded 200 in 6.4124 ms
2026-06-29 23:45:56.615 +07:00 [INF] Request finished HTTP/1.1 GET http://localhost:5059/openapi/v1.json - 200 null application/json;charset=utf-8 7.0096ms
2026-06-29 23:46:20.188 +07:00 [INF] Request starting HTTP/1.1 GET http://localhost:5059/openapi/v1.json - null null
2026-06-29 23:46:20.189 +07:00 [INF] Executing endpoint 'HTTP: GET /openapi/{documentName}.json'
2026-06-29 23:46:20.194 +07:00 [INF] Executed endpoint 'HTTP: GET /openapi/{documentName}.json'
2026-06-29 23:46:20.194 +07:00 [INF] HTTP GET /openapi/v1.json responded 200 in 5.6848 ms
2026-06-29 23:46:20.195 +07:00 [INF] Request finished HTTP/1.1 GET http://localhost:5059/openapi/v1.json - 200 null application/json;charset=utf-8 6.2196ms
2026-06-29 23:46:42.938 +07:00 [INF] Request starting HTTP/1.1 GET http://localhost:5059/openapi/v1.json - null null
2026-06-29 23:46:42.938 +07:00 [INF] Executing endpoint 'HTTP: GET /openapi/{documentName}.json'
2026-06-29 23:46:42.952 +07:00 [INF] Executed endpoint 'HTTP: GET /openapi/{documentName}.json'
2026-06-29 23:46:42.952 +07:00 [INF] HTTP GET /openapi/v1.json responded 200 in 14.3355 ms
2026-06-29 23:46:42.953 +07:00 [INF] Request finished HTTP/1.1 GET http://localhost:5059/openapi/v1.json - 200 null application/json;charset=utf-8 14.8179ms
2026-06-29 23:50:05.453 +07:00 [INF] Request starting HTTP/1.1 GET http://localhost:5059/openapi/v1.json - null null
2026-06-29 23:50:05.454 +07:00 [INF] Executing endpoint 'HTTP: GET /openapi/{documentName}.json'
2026-06-29 23:50:05.459 +07:00 [INF] Executed endpoint 'HTTP: GET /openapi/{documentName}.json'
2026-06-29 23:50:05.459 +07:00 [INF] HTTP GET /openapi/v1.json responded 200 in 5.4674 ms
2026-06-29 23:50:05.459 +07:00 [INF] Request finished HTTP/1.1 GET http://localhost:5059/openapi/v1.json - 200 null application/json;charset=utf-8 5.8908ms
2026-06-29 23:58:33.171 +07:00 [INF] User profile is available. Using '/home/kieudangkimbao2000/.aspnet/DataProtection-Keys' as key repository; keys will not be encrypted at rest.
2026-06-29 23:58:33.375 +07:00 [WRN] The ASP.NET Core developer certificate is not trusted. For information about trusting the ASP.NET Core developer certificate, see https://aka.ms/aspnet/https-trust-dev-cert
2026-06-29 23:58:33.390 +07:00 [INF] Now listening on: https://localhost:7065
2026-06-29 23:58:33.390 +07:00 [INF] Now listening on: http://localhost:5059
2026-06-29 23:58:33.392 +07:00 [INF] Application started. Press Ctrl+C to shut down.
2026-06-29 23:58:33.392 +07:00 [INF] Hosting environment: Development
2026-06-29 23:58:33.392 +07:00 [INF] Content root path: /home/kieudangkimbao2000/WorkSpace/BlogApp/backend
2026-06-29 23:58:38.633 +07:00 [INF] Request starting HTTP/1.1 GET http://localhost:5059/openapi/v1.json - null null
2026-06-29 23:58:38.681 +07:00 [INF] Executing endpoint 'HTTP: GET /openapi/{documentName}.json'
2026-06-29 23:58:38.836 +07:00 [INF] Executed endpoint 'HTTP: GET /openapi/{documentName}.json'
2026-06-29 23:58:38.839 +07:00 [INF] HTTP GET /openapi/v1.json responded 200 in 180.7691 ms
2026-06-29 23:58:38.843 +07:00 [INF] Request finished HTTP/1.1 GET http://localhost:5059/openapi/v1.json - 200 null application/json;charset=utf-8 211.0215ms
2026-06-29 23:59:04.969 +07:00 [INF] User profile is available. Using '/home/kieudangkimbao2000/.aspnet/DataProtection-Keys' as key repository; keys will not be encrypted at rest.
2026-06-29 23:59:05.175 +07:00 [WRN] The ASP.NET Core developer certificate is not trusted. For information about trusting the ASP.NET Core developer certificate, see https://aka.ms/aspnet/https-trust-dev-cert
2026-06-29 23:59:05.189 +07:00 [INF] Now listening on: https://localhost:7065
2026-06-29 23:59:05.189 +07:00 [INF] Now listening on: http://localhost:5059
2026-06-29 23:59:05.191 +07:00 [INF] Application started. Press Ctrl+C to shut down.
2026-06-29 23:59:05.191 +07:00 [INF] Hosting environment: Development
2026-06-29 23:59:05.191 +07:00 [INF] Content root path: /home/kieudangkimbao2000/WorkSpace/BlogApp/backend
2026-06-29 23:59:10.223 +07:00 [INF] Request starting HTTP/1.1 GET http://localhost:5059/openapi/v1.json - null null
2026-06-29 23:59:10.273 +07:00 [INF] Executing endpoint 'HTTP: GET /openapi/{documentName}.json'
2026-06-29 23:59:10.437 +07:00 [INF] Executed endpoint 'HTTP: GET /openapi/{documentName}.json'
2026-06-29 23:59:10.440 +07:00 [INF] HTTP GET /openapi/v1.json responded 200 in 190.6747 ms
2026-06-29 23:59:10.444 +07:00 [INF] Request finished HTTP/1.1 GET http://localhost:5059/openapi/v1.json - 200 null application/json;charset=utf-8 221.8285ms
2026-06-29 23:59:35.431 +07:00 [INF] Request starting HTTP/1.1 GET http://localhost:5059/ - null null
2026-06-29 23:59:35.432 +07:00 [INF] HTTP GET / responded 404 in 0.4401 ms
2026-06-29 23:59:35.433 +07:00 [INF] Request finished HTTP/1.1 GET http://localhost:5059/ - 404 0 null 1.8223ms
2026-06-29 23:59:35.434 +07:00 [INF] Request reached the end of the middleware pipeline without being handled by application code. Request path: GET http://localhost:5059/, Response status code: 404
2026-06-29 23:59:43.487 +07:00 [INF] Request starting HTTP/1.1 GET http://localhost:5059/swagger - null null
2026-06-29 23:59:43.493 +07:00 [INF] Request finished HTTP/1.1 GET http://localhost:5059/swagger - 302 0 null 5.043ms
2026-06-29 23:59:43.494 +07:00 [INF] Request starting HTTP/1.1 GET http://localhost:5059/swagger/index.html?url=/openapi/v1.json - null null
2026-06-29 23:59:43.555 +07:00 [INF] Request finished HTTP/1.1 GET http://localhost:5059/swagger/index.html?url=/openapi/v1.json - 200 null text/html; charset=utf-8 61.223ms
2026-06-29 23:59:43.561 +07:00 [INF] Request starting HTTP/1.1 GET http://localhost:5059/swagger/index.css - null null
2026-06-29 23:59:43.562 +07:00 [INF] Request starting HTTP/1.1 GET http://localhost:5059/swagger/swagger-ui.css - null null
2026-06-29 23:59:43.562 +07:00 [INF] Request starting HTTP/1.1 GET http://localhost:5059/swagger/swagger-ui-standalone-preset.js - null null
2026-06-29 23:59:43.562 +07:00 [INF] Request starting HTTP/1.1 GET http://localhost:5059/swagger/swagger-ui-bundle.js - null null
2026-06-29 23:59:43.573 +07:00 [INF] Sending file. Request path: '/index.css'. Physical path: 'N/A'
2026-06-29 23:59:43.573 +07:00 [INF] Request finished HTTP/1.1 GET http://localhost:5059/swagger/index.css - 200 218 text/css 11.4476ms
2026-06-29 23:59:43.598 +07:00 [INF] Sending file. Request path: '/swagger-ui.css'. Physical path: 'N/A'
2026-06-29 23:59:43.598 +07:00 [INF] Sending file. Request path: '/swagger-ui-standalone-preset.js'. Physical path: 'N/A'
2026-06-29 23:59:43.598 +07:00 [INF] Request finished HTTP/1.1 GET http://localhost:5059/swagger/swagger-ui.css - 200 154988 text/css 36.4224ms
2026-06-29 23:59:43.598 +07:00 [INF] Request finished HTTP/1.1 GET http://localhost:5059/swagger/swagger-ui-standalone-preset.js - 200 229224 text/javascript 36.3316ms
2026-06-29 23:59:43.599 +07:00 [INF] Sending file. Request path: '/swagger-ui-bundle.js'. Physical path: 'N/A'
2026-06-29 23:59:43.599 +07:00 [INF] Request finished HTTP/1.1 GET http://localhost:5059/swagger/swagger-ui-bundle.js - 200 1468327 text/javascript 37.3944ms
2026-06-29 23:59:43.837 +07:00 [INF] Request starting HTTP/1.1 GET http://localhost:5059/openapi/v1.json - null null
2026-06-29 23:59:43.840 +07:00 [INF] Executing endpoint 'HTTP: GET /openapi/{documentName}.json'
2026-06-29 23:59:43.857 +07:00 [INF] Executed endpoint 'HTTP: GET /openapi/{documentName}.json'
2026-06-29 23:59:43.857 +07:00 [INF] HTTP GET /openapi/v1.json responded 200 in 19.3051 ms
2026-06-29 23:59:43.857 +07:00 [INF] Request finished HTTP/1.1 GET http://localhost:5059/openapi/v1.json - 200 null application/json;charset=utf-8 20.1785ms
2026-06-29 23:59:46.865 +07:00 [INF] Request starting HTTP/1.1 GET http://localhost:5059/swagger/http://localhost:5059 - null null
2026-06-29 23:59:46.866 +07:00 [INF] HTTP GET /swagger/http://localhost:5059 responded 404 in 0.1330 ms
2026-06-29 23:59:46.866 +07:00 [INF] Request finished HTTP/1.1 GET http://localhost:5059/swagger/http://localhost:5059 - 404 0 null 1.2828ms
2026-06-29 23:59:46.866 +07:00 [INF] Request reached the end of the middleware pipeline without being handled by application code. Request path: GET http://localhost:5059/swagger/http://localhost:5059, Response status code: 404
2026-06-29 23:59:58.304 +07:00 [INF] Request starting HTTP/1.1 GET http://localhost:5059/swagger/openapi/v1.json - null null
2026-06-29 23:59:58.306 +07:00 [INF] HTTP GET /swagger/openapi/v1.json responded 404 in 0.1920 ms
2026-06-29 23:59:58.306 +07:00 [INF] Request finished HTTP/1.1 GET http://localhost:5059/swagger/openapi/v1.json - 404 0 null 2.7923ms
2026-06-29 23:59:58.307 +07:00 [INF] Request reached the end of the middleware pipeline without being handled by application code. Request path: GET http://localhost:5059/swagger/openapi/v1.json, Response status code: 404
