2026-06-28 00:32:15.064 +07:00 [INF] User profile is available. Using '/home/kieudangkimbao2000/.aspnet/DataProtection-Keys' as key repository; keys will not be encrypted at rest.
2026-06-28 00:32:15.269 +07:00 [WRN] The ASP.NET Core developer certificate is not trusted. For information about trusting the ASP.NET Core developer certificate, see https://aka.ms/aspnet/https-trust-dev-cert
2026-06-28 00:32:15.304 +07:00 [INF] Now listening on: https://localhost:7065
2026-06-28 00:32:15.305 +07:00 [INF] Now listening on: http://localhost:5059
2026-06-28 00:32:15.306 +07:00 [INF] Application started. Press Ctrl+C to shut down.
2026-06-28 00:32:15.307 +07:00 [INF] Hosting environment: Development
2026-06-28 00:32:15.307 +07:00 [INF] Content root path: /home/kieudangkimbao2000/WorkSpace/BlogApp/backend
2026-06-28 00:32:28.753 +07:00 [INF] Request starting HTTP/1.1 OPTIONS http://localhost:5059/api/authen/check-valid-token - null null
2026-06-28 00:32:28.753 +07:00 [INF] Request starting HTTP/1.1 OPTIONS http://localhost:5059/api/tags - null null
2026-06-28 00:32:28.779 +07:00 [INF] CORS policy execution successful.
2026-06-28 00:32:28.779 +07:00 [INF] CORS policy execution successful.
2026-06-28 00:32:28.784 +07:00 [INF] Request finished HTTP/1.1 OPTIONS http://localhost:5059/api/authen/check-valid-token - 204 null null 32.3444ms
2026-06-28 00:32:28.784 +07:00 [INF] Request finished HTTP/1.1 OPTIONS http://localhost:5059/api/tags - 204 null null 32.3488ms
2026-06-28 00:32:28.787 +07:00 [INF] Request starting HTTP/1.1 GET http://localhost:5059/api/authen/check-valid-token - application/json null
2026-06-28 00:32:28.787 +07:00 [INF] Request starting HTTP/1.1 GET http://localhost:5059/api/tags - application/json null
2026-06-28 00:32:28.788 +07:00 [INF] CORS policy execution successful.
2026-06-28 00:32:28.788 +07:00 [INF] CORS policy execution successful.
2026-06-28 00:32:28.853 +07:00 [INF] Failed to validate the token.
Microsoft.IdentityModel.Tokens.SecurityTokenExpiredException: IDX10223: Lifetime validation failed. The token is expired. ValidTo (UTC): '6/14/2026 11:14:33 AM', Current time (UTC): '6/27/2026 5:32:28 PM'.
   at Microsoft.IdentityModel.Tokens.ValidatorUtilities.ValidateLifetime(Nullable`1 notBefore, Nullable`1 expires, SecurityToken securityToken, TokenValidationParameters validationParameters)
   at Microsoft.IdentityModel.Tokens.Validators.ValidateLifetime(Nullable`1 notBefore, Nullable`1 expires, SecurityToken securityToken, TokenValidationParameters validationParameters)
   at Microsoft.IdentityModel.JsonWebTokens.JsonWebTokenHandler.ValidateTokenPayloadAsync(JsonWebToken jsonWebToken, TokenValidationParameters validationParameters, BaseConfiguration configuration)
   at Microsoft.IdentityModel.JsonWebTokens.JsonWebTokenHandler.ValidateJWSAsync(JsonWebToken jsonWebToken, TokenValidationParameters validationParameters, BaseConfiguration configuration)
2026-06-28 00:32:28.853 +07:00 [INF] Failed to validate the token.
Microsoft.IdentityModel.Tokens.SecurityTokenExpiredException: IDX10223: Lifetime validation failed. The token is expired. ValidTo (UTC): '6/14/2026 11:14:33 AM', Current time (UTC): '6/27/2026 5:32:28 PM'.
   at Microsoft.IdentityModel.Tokens.ValidatorUtilities.ValidateLifetime(Nullable`1 notBefore, Nullable`1 expires, SecurityToken securityToken, TokenValidationParameters validationParameters)
   at Microsoft.IdentityModel.Tokens.Validators.ValidateLifetime(Nullable`1 notBefore, Nullable`1 expires, SecurityToken securityToken, TokenValidationParameters validationParameters)
   at Microsoft.IdentityModel.JsonWebTokens.JsonWebTokenHandler.ValidateTokenPayloadAsync(JsonWebToken jsonWebToken, TokenValidationParameters validationParameters, BaseConfiguration configuration)
   at Microsoft.IdentityModel.JsonWebTokens.JsonWebTokenHandler.ValidateJWSAsync(JsonWebToken jsonWebToken, TokenValidationParameters validationParameters, BaseConfiguration configuration)
2026-06-28 00:32:28.860 +07:00 [INF] Bearer was not authenticated. Failure message: IDX10223: Lifetime validation failed. The token is expired. ValidTo (UTC): '6/14/2026 11:14:33 AM', Current time (UTC): '6/27/2026 5:32:28 PM'.
2026-06-28 00:32:28.860 +07:00 [INF] Bearer was not authenticated. Failure message: IDX10223: Lifetime validation failed. The token is expired. ValidTo (UTC): '6/14/2026 11:14:33 AM', Current time (UTC): '6/27/2026 5:32:28 PM'.
2026-06-28 00:32:28.865 +07:00 [INF] Authorization failed. These requirements were not met:
DenyAnonymousAuthorizationRequirement: Requires an authenticated user.
2026-06-28 00:32:28.865 +07:00 [INF] Executing endpoint 'BlogApp.Controllers.TagController.GetAllTags (BlogApp)'
2026-06-28 00:32:28.870 +07:00 [INF] AuthenticationScheme: Bearer was challenged.
2026-06-28 00:32:28.872 +07:00 [INF] HTTP GET /api/authen/check-valid-token responded 401 in 81.3840 ms
2026-06-28 00:32:28.873 +07:00 [INF] Request finished HTTP/1.1 GET http://localhost:5059/api/authen/check-valid-token - 401 0 null 86.6862ms
2026-06-28 00:32:28.880 +07:00 [INF] Route matched with {action = "GetAllTags", controller = "Tag"}. Executing controller action with signature Microsoft.AspNetCore.Mvc.ActionResult`1[BlogApp.DTOs.TagListRespDTO] GetAllTags() on controller BlogApp.Controllers.TagController (BlogApp).
2026-06-28 00:32:29.789 +07:00 [INF] Request starting HTTP/1.1 GET http://localhost:5059/api/authen/check-valid-token - application/json null
2026-06-28 00:32:29.790 +07:00 [INF] CORS policy execution successful.
2026-06-28 00:32:29.790 +07:00 [INF] Request starting HTTP/1.1 OPTIONS http://localhost:5059/api/blog/fivelatest - null null
2026-06-28 00:32:29.790 +07:00 [INF] Request starting HTTP/1.1 OPTIONS http://localhost:5059/api/blog/topfive - null null
2026-06-28 00:32:29.790 +07:00 [INF] Request starting HTTP/1.1 OPTIONS http://localhost:5059/api/tags/topfive - null null
2026-06-28 00:32:29.790 +07:00 [INF] CORS policy execution successful.
2026-06-28 00:32:29.790 +07:00 [INF] CORS policy execution successful.
2026-06-28 00:32:29.791 +07:00 [INF] Request finished HTTP/1.1 OPTIONS http://localhost:5059/api/blog/fivelatest - 204 null null 0.8086ms
2026-06-28 00:32:29.791 +07:00 [INF] Request finished HTTP/1.1 OPTIONS http://localhost:5059/api/blog/topfive - 204 null null 0.84ms
2026-06-28 00:32:29.791 +07:00 [INF] CORS policy execution successful.
2026-06-28 00:32:29.791 +07:00 [INF] Request finished HTTP/1.1 OPTIONS http://localhost:5059/api/tags/topfive - 204 null null 1.2604ms
2026-06-28 00:32:29.792 +07:00 [INF] Request starting HTTP/1.1 GET http://localhost:5059/api/blog/fivelatest - application/json null
2026-06-28 00:32:29.792 +07:00 [INF] Failed to validate the token.
Microsoft.IdentityModel.Tokens.SecurityTokenExpiredException: IDX10223: Lifetime validation failed. The token is expired. ValidTo (UTC): '6/14/2026 11:14:33 AM', Current time (UTC): '6/27/2026 5:32:29 PM'.
   at Microsoft.IdentityModel.Tokens.ValidatorUtilities.ValidateLifetime(Nullable`1 notBefore, Nullable`1 expires, SecurityToken securityToken, TokenValidationParameters validationParameters)
   at Microsoft.IdentityModel.Tokens.Validators.ValidateLifetime(Nullable`1 notBefore, Nullable`1 expires, SecurityToken securityToken, TokenValidationParameters validationParameters)
   at Microsoft.IdentityModel.JsonWebTokens.JsonWebTokenHandler.ValidateTokenPayloadAsync(JsonWebToken jsonWebToken, TokenValidationParameters validationParameters, BaseConfiguration configuration)
   at Microsoft.IdentityModel.JsonWebTokens.JsonWebTokenHandler.ValidateJWSAsync(JsonWebToken jsonWebToken, TokenValidationParameters validationParameters, BaseConfiguration configuration)
2026-06-28 00:32:29.792 +07:00 [INF] Request starting HTTP/1.1 GET http://localhost:5059/api/blog/topfive - application/json null
2026-06-28 00:32:29.793 +07:00 [INF] Request starting HTTP/1.1 GET http://localhost:5059/api/tags/topfive - application/json null
2026-06-28 00:32:29.793 +07:00 [INF] Bearer was not authenticated. Failure message: IDX10223: Lifetime validation failed. The token is expired. ValidTo (UTC): '6/14/2026 11:14:33 AM', Current time (UTC): '6/27/2026 5:32:29 PM'.
2026-06-28 00:32:29.793 +07:00 [INF] CORS policy execution successful.
2026-06-28 00:32:29.793 +07:00 [INF] CORS policy execution successful.
2026-06-28 00:32:29.793 +07:00 [INF] CORS policy execution successful.
2026-06-28 00:32:29.794 +07:00 [INF] Failed to validate the token.
Microsoft.IdentityModel.Tokens.SecurityTokenExpiredException: IDX10223: Lifetime validation failed. The token is expired. ValidTo (UTC): '6/14/2026 11:14:33 AM', Current time (UTC): '6/27/2026 5:32:29 PM'.
   at Microsoft.IdentityModel.Tokens.ValidatorUtilities.ValidateLifetime(Nullable`1 notBefore, Nullable`1 expires, SecurityToken securityToken, TokenValidationParameters validationParameters)
   at Microsoft.IdentityModel.Tokens.Validators.ValidateLifetime(Nullable`1 notBefore, Nullable`1 expires, SecurityToken securityToken, TokenValidationParameters validationParameters)
   at Microsoft.IdentityModel.JsonWebTokens.JsonWebTokenHandler.ValidateTokenPayloadAsync(JsonWebToken jsonWebToken, TokenValidationParameters validationParameters, BaseConfiguration configuration)
   at Microsoft.IdentityModel.JsonWebTokens.JsonWebTokenHandler.ValidateJWSAsync(JsonWebToken jsonWebToken, TokenValidationParameters validationParameters, BaseConfiguration configuration)
2026-06-28 00:32:29.794 +07:00 [INF] Failed to validate the token.
Microsoft.IdentityModel.Tokens.SecurityTokenExpiredException: IDX10223: Lifetime validation failed. The token is expired. ValidTo (UTC): '6/14/2026 11:14:33 AM', Current time (UTC): '6/27/2026 5:32:29 PM'.
   at Microsoft.IdentityModel.Tokens.ValidatorUtilities.ValidateLifetime(Nullable`1 notBefore, Nullable`1 expires, SecurityToken securityToken, TokenValidationParameters validationParameters)
   at Microsoft.IdentityModel.Tokens.Validators.ValidateLifetime(Nullable`1 notBefore, Nullable`1 expires, SecurityToken securityToken, TokenValidationParameters validationParameters)
   at Microsoft.IdentityModel.JsonWebTokens.JsonWebTokenHandler.ValidateTokenPayloadAsync(JsonWebToken jsonWebToken, TokenValidationParameters validationParameters, BaseConfiguration configuration)
   at Microsoft.IdentityModel.JsonWebTokens.JsonWebTokenHandler.ValidateJWSAsync(JsonWebToken jsonWebToken, TokenValidationParameters validationParameters, BaseConfiguration configuration)
2026-06-28 00:32:29.794 +07:00 [INF] Bearer was not authenticated. Failure message: IDX10223: Lifetime validation failed. The token is expired. ValidTo (UTC): '6/14/2026 11:14:33 AM', Current time (UTC): '6/27/2026 5:32:29 PM'.
2026-06-28 00:32:29.794 +07:00 [INF] Failed to validate the token.
Microsoft.IdentityModel.Tokens.SecurityTokenExpiredException: IDX10223: Lifetime validation failed. The token is expired. ValidTo (UTC): '6/14/2026 11:14:33 AM', Current time (UTC): '6/27/2026 5:32:29 PM'.
   at Microsoft.IdentityModel.Tokens.ValidatorUtilities.ValidateLifetime(Nullable`1 notBefore, Nullable`1 expires, SecurityToken securityToken, TokenValidationParameters validationParameters)
   at Microsoft.IdentityModel.Tokens.Validators.ValidateLifetime(Nullable`1 notBefore, Nullable`1 expires, SecurityToken securityToken, TokenValidationParameters validationParameters)
   at Microsoft.IdentityModel.JsonWebTokens.JsonWebTokenHandler.ValidateTokenPayloadAsync(JsonWebToken jsonWebToken, TokenValidationParameters validationParameters, BaseConfiguration configuration)
   at Microsoft.IdentityModel.JsonWebTokens.JsonWebTokenHandler.ValidateJWSAsync(JsonWebToken jsonWebToken, TokenValidationParameters validationParameters, BaseConfiguration configuration)
2026-06-28 00:32:29.795 +07:00 [INF] Bearer was not authenticated. Failure message: IDX10223: Lifetime validation failed. The token is expired. ValidTo (UTC): '6/14/2026 11:14:33 AM', Current time (UTC): '6/27/2026 5:32:29 PM'.
2026-06-28 00:32:29.795 +07:00 [INF] Bearer was not authenticated. Failure message: IDX10223: Lifetime validation failed. The token is expired. ValidTo (UTC): '6/14/2026 11:14:33 AM', Current time (UTC): '6/27/2026 5:32:29 PM'.
2026-06-28 00:32:29.796 +07:00 [INF] Authorization failed. These requirements were not met:
DenyAnonymousAuthorizationRequirement: Requires an authenticated user.
2026-06-28 00:32:29.797 +07:00 [INF] AuthenticationScheme: Bearer was challenged.
2026-06-28 00:32:29.797 +07:00 [INF] Executing endpoint 'BlogApp.Controllers.BlogController.Get5LatestBlogs (BlogApp)'
2026-06-28 00:32:29.797 +07:00 [INF] HTTP GET /api/authen/check-valid-token responded 401 in 6.8206 ms
2026-06-28 00:32:29.797 +07:00 [INF] Executing endpoint 'BlogApp.Controllers.BlogController.GetTop5Blogs (BlogApp)'
2026-06-28 00:32:29.797 +07:00 [INF] Request finished HTTP/1.1 GET http://localhost:5059/api/authen/check-valid-token - 401 0 null 7.7352ms
2026-06-28 00:32:29.798 +07:00 [INF] Executing endpoint 'BlogApp.Controllers.TagController.GetTop5Tags (BlogApp)'
2026-06-28 00:32:29.798 +07:00 [INF] Request starting HTTP/1.1 GET http://localhost:5059/api/authen/check-valid-token - application/json null
2026-06-28 00:32:29.798 +07:00 [INF] CORS policy execution successful.
2026-06-28 00:32:29.798 +07:00 [INF] Route matched with {action = "GetTop5Blogs", controller = "Blog"}. Executing controller action with signature Microsoft.AspNetCore.Mvc.ActionResult GetTop5Blogs() on controller BlogApp.Controllers.BlogController (BlogApp).
2026-06-28 00:32:29.798 +07:00 [INF] Route matched with {action = "Get5LatestBlogs", controller = "Blog"}. Executing controller action with signature Microsoft.AspNetCore.Mvc.ActionResult Get5LatestBlogs() on controller BlogApp.Controllers.BlogController (BlogApp).
2026-06-28 00:32:29.799 +07:00 [INF] Failed to validate the token.
Microsoft.IdentityModel.Tokens.SecurityTokenExpiredException: IDX10223: Lifetime validation failed. The token is expired. ValidTo (UTC): '6/14/2026 11:14:33 AM', Current time (UTC): '6/27/2026 5:32:29 PM'.
   at Microsoft.IdentityModel.Tokens.ValidatorUtilities.ValidateLifetime(Nullable`1 notBefore, Nullable`1 expires, SecurityToken securityToken, TokenValidationParameters validationParameters)
   at Microsoft.IdentityModel.Tokens.Validators.ValidateLifetime(Nullable`1 notBefore, Nullable`1 expires, SecurityToken securityToken, TokenValidationParameters validationParameters)
   at Microsoft.IdentityModel.JsonWebTokens.JsonWebTokenHandler.ValidateTokenPayloadAsync(JsonWebToken jsonWebToken, TokenValidationParameters validationParameters, BaseConfiguration configuration)
   at Microsoft.IdentityModel.JsonWebTokens.JsonWebTokenHandler.ValidateJWSAsync(JsonWebToken jsonWebToken, TokenValidationParameters validationParameters, BaseConfiguration configuration)
2026-06-28 00:32:29.799 +07:00 [INF] Route matched with {action = "GetTop5Tags", controller = "Tag"}. Executing controller action with signature Microsoft.AspNetCore.Mvc.ActionResult GetTop5Tags() on controller BlogApp.Controllers.TagController (BlogApp).
2026-06-28 00:32:29.799 +07:00 [INF] Bearer was not authenticated. Failure message: IDX10223: Lifetime validation failed. The token is expired. ValidTo (UTC): '6/14/2026 11:14:33 AM', Current time (UTC): '6/27/2026 5:32:29 PM'.
2026-06-28 00:32:29.799 +07:00 [INF] Authorization failed. These requirements were not met:
DenyAnonymousAuthorizationRequirement: Requires an authenticated user.
2026-06-28 00:32:29.800 +07:00 [INF] AuthenticationScheme: Bearer was challenged.
2026-06-28 00:32:29.800 +07:00 [INF] HTTP GET /api/authen/check-valid-token responded 401 in 1.3076 ms
2026-06-28 00:32:29.800 +07:00 [INF] Request finished HTTP/1.1 GET http://localhost:5059/api/authen/check-valid-token - 401 0 null 1.8948ms
2026-06-28 00:32:29.801 +07:00 [INF] Request starting HTTP/1.1 GET http://localhost:5059/api/authen/check-valid-token - application/json null
2026-06-28 00:32:29.801 +07:00 [INF] CORS policy execution successful.
2026-06-28 00:32:29.802 +07:00 [INF] Failed to validate the token.
Microsoft.IdentityModel.Tokens.SecurityTokenExpiredException: IDX10223: Lifetime validation failed. The token is expired. ValidTo (UTC): '6/14/2026 11:14:33 AM', Current time (UTC): '6/27/2026 5:32:29 PM'.
   at Microsoft.IdentityModel.Tokens.ValidatorUtilities.ValidateLifetime(Nullable`1 notBefore, Nullable`1 expires, SecurityToken securityToken, TokenValidationParameters validationParameters)
   at Microsoft.IdentityModel.Tokens.Validators.ValidateLifetime(Nullable`1 notBefore, Nullable`1 expires, SecurityToken securityToken, TokenValidationParameters validationParameters)
   at Microsoft.IdentityModel.JsonWebTokens.JsonWebTokenHandler.ValidateTokenPayloadAsync(JsonWebToken jsonWebToken, TokenValidationParameters validationParameters, BaseConfiguration configuration)
   at Microsoft.IdentityModel.JsonWebTokens.JsonWebTokenHandler.ValidateJWSAsync(JsonWebToken jsonWebToken, TokenValidationParameters validationParameters, BaseConfiguration configuration)
2026-06-28 00:32:29.802 +07:00 [INF] Bearer was not authenticated. Failure message: IDX10223: Lifetime validation failed. The token is expired. ValidTo (UTC): '6/14/2026 11:14:33 AM', Current time (UTC): '6/27/2026 5:32:29 PM'.
2026-06-28 00:32:29.803 +07:00 [INF] Authorization failed. These requirements were not met:
DenyAnonymousAuthorizationRequirement: Requires an authenticated user.
2026-06-28 00:32:29.803 +07:00 [INF] AuthenticationScheme: Bearer was challenged.
2026-06-28 00:32:29.803 +07:00 [INF] HTTP GET /api/authen/check-valid-token responded 401 in 2.2491 ms
2026-06-28 00:32:29.804 +07:00 [INF] Request finished HTTP/1.1 GET http://localhost:5059/api/authen/check-valid-token - 401 0 null 2.9139ms
2026-06-28 00:32:29.849 +07:00 [INF] Executed DbCommand (23ms) [Parameters=[], CommandType='"Text"', CommandTimeout='30']
SELECT t."Name", t."CreatedAt", t."Description", t."UpdatedAt"
FROM "Tags" AS t
ORDER BY t."Name" DESC
2026-06-28 00:32:29.849 +07:00 [INF] Executed DbCommand (23ms) [Parameters=[], CommandType='"Text"', CommandTimeout='30']
SELECT b."Id", b."AmountOfAccesses", b."AuthorId", b."Content", b."CoverImage", b."CreatedAt", b."PublishedAt", b."State", b."Tags", b."Title", b."UpdatedAt"
FROM "Blogs" AS b
ORDER BY b."CreatedAt" DESC
2026-06-28 00:32:29.849 +07:00 [INF] Executed DbCommand (23ms) [Parameters=[], CommandType='"Text"', CommandTimeout='30']
SELECT b."Id", b."AmountOfAccesses", b."AuthorId", b."Content", b."CoverImage", b."CreatedAt", b."PublishedAt", b."State", b."Tags", b."Title", b."UpdatedAt"
FROM "Blogs" AS b
ORDER BY b."CreatedAt" DESC
2026-06-28 00:32:29.853 +07:00 [INF] Executed DbCommand (4ms) [Parameters=[], CommandType='"Text"', CommandTimeout='30']

            SELECT tag AS Name, COUNT(*) AS blog_count
            FROM "Blogs", UNNEST("Tags") AS tag
            GROUP BY tag
            ORDER BY blog_count DESC
            LIMIT 5
2026-06-28 00:32:29.861 +07:00 [INF] Request starting HTTP/1.1 GET http://localhost:5059/api/blog/topfive - application/json null
2026-06-28 00:32:29.862 +07:00 [INF] Request starting HTTP/1.1 GET http://localhost:5059/api/tags - application/json null
2026-06-28 00:32:29.862 +07:00 [INF] CORS policy execution successful.
2026-06-28 00:32:29.862 +07:00 [INF] CORS policy execution successful.
2026-06-28 00:32:29.884 +07:00 [INF] Failed to validate the token.
Microsoft.IdentityModel.Tokens.SecurityTokenExpiredException: IDX10223: Lifetime validation failed. The token is expired. ValidTo (UTC): '6/14/2026 11:14:33 AM', Current time (UTC): '6/27/2026 5:32:29 PM'.
   at Microsoft.IdentityModel.Tokens.ValidatorUtilities.ValidateLifetime(Nullable`1 notBefore, Nullable`1 expires, SecurityToken securityToken, TokenValidationParameters validationParameters)
   at Microsoft.IdentityModel.Tokens.Validators.ValidateLifetime(Nullable`1 notBefore, Nullable`1 expires, SecurityToken securityToken, TokenValidationParameters validationParameters)
   at Microsoft.IdentityModel.JsonWebTokens.JsonWebTokenHandler.ValidateTokenPayloadAsync(JsonWebToken jsonWebToken, TokenValidationParameters validationParameters, BaseConfiguration configuration)
   at Microsoft.IdentityModel.JsonWebTokens.JsonWebTokenHandler.ValidateJWSAsync(JsonWebToken jsonWebToken, TokenValidationParameters validationParameters, BaseConfiguration configuration)
2026-06-28 00:32:29.885 +07:00 [INF] Failed to validate the token.
Microsoft.IdentityModel.Tokens.SecurityTokenExpiredException: IDX10223: Lifetime validation failed. The token is expired. ValidTo (UTC): '6/14/2026 11:14:33 AM', Current time (UTC): '6/27/2026 5:32:29 PM'.
   at Microsoft.IdentityModel.Tokens.ValidatorUtilities.ValidateLifetime(Nullable`1 notBefore, Nullable`1 expires, SecurityToken securityToken, TokenValidationParameters validationParameters)
   at Microsoft.IdentityModel.Tokens.Validators.ValidateLifetime(Nullable`1 notBefore, Nullable`1 expires, SecurityToken securityToken, TokenValidationParameters validationParameters)
   at Microsoft.IdentityModel.JsonWebTokens.JsonWebTokenHandler.ValidateTokenPayloadAsync(JsonWebToken jsonWebToken, TokenValidationParameters validationParameters, BaseConfiguration configuration)
   at Microsoft.IdentityModel.JsonWebTokens.JsonWebTokenHandler.ValidateJWSAsync(JsonWebToken jsonWebToken, TokenValidationParameters validationParameters, BaseConfiguration configuration)
2026-06-28 00:32:29.886 +07:00 [INF] Bearer was not authenticated. Failure message: IDX10223: Lifetime validation failed. The token is expired. ValidTo (UTC): '6/14/2026 11:14:33 AM', Current time (UTC): '6/27/2026 5:32:29 PM'.
2026-06-28 00:32:29.886 +07:00 [INF] Bearer was not authenticated. Failure message: IDX10223: Lifetime validation failed. The token is expired. ValidTo (UTC): '6/14/2026 11:14:33 AM', Current time (UTC): '6/27/2026 5:32:29 PM'.
2026-06-28 00:32:29.886 +07:00 [INF] Executing endpoint 'BlogApp.Controllers.TagController.GetAllTags (BlogApp)'
2026-06-28 00:32:29.886 +07:00 [INF] Executing endpoint 'BlogApp.Controllers.BlogController.GetTop5Blogs (BlogApp)'
2026-06-28 00:32:29.887 +07:00 [INF] Route matched with {action = "GetAllTags", controller = "Tag"}. Executing controller action with signature Microsoft.AspNetCore.Mvc.ActionResult`1[BlogApp.DTOs.TagListRespDTO] GetAllTags() on controller BlogApp.Controllers.TagController (BlogApp).
2026-06-28 00:32:29.887 +07:00 [INF] Route matched with {action = "GetTop5Blogs", controller = "Blog"}. Executing controller action with signature Microsoft.AspNetCore.Mvc.ActionResult GetTop5Blogs() on controller BlogApp.Controllers.BlogController (BlogApp).
2026-06-28 00:32:29.929 +07:00 [INF] Executing OkObjectResult, writing value of type 'BlogApp.DTOs.TagListRespDTO'.
2026-06-28 00:32:29.936 +07:00 [INF] Executed DbCommand (2ms) [Parameters=[], CommandType='"Text"', CommandTimeout='30']
SELECT b."Id", b."AmountOfAccesses", b."AuthorId", b."Content", b."CoverImage", b."CreatedAt", b."PublishedAt", b."State", b."Tags", b."Title", b."UpdatedAt"
FROM "Blogs" AS b
ORDER BY b."CreatedAt" DESC
2026-06-28 00:32:29.939 +07:00 [INF] Executed DbCommand (1ms) [Parameters=[], CommandType='"Text"', CommandTimeout='30']
SELECT t."Name", t."CreatedAt", t."Description", t."UpdatedAt"
FROM "Tags" AS t
ORDER BY t."Name" DESC
2026-06-28 00:32:29.965 +07:00 [INF] Executing OkObjectResult, writing value of type 'BlogApp.DTOs.TagListRespDTO'.
2026-06-28 00:32:29.965 +07:00 [INF] Executing OkObjectResult, writing value of type 'BlogApp.DTOs.TagListRespDTO'.
2026-06-28 00:32:29.968 +07:00 [INF] Executed action BlogApp.Controllers.TagController.GetAllTags (BlogApp) in 1085.5056ms
2026-06-28 00:32:29.968 +07:00 [INF] Executed action BlogApp.Controllers.TagController.GetAllTags (BlogApp) in 79.337ms
2026-06-28 00:32:29.968 +07:00 [INF] Executed action BlogApp.Controllers.TagController.GetTop5Tags (BlogApp) in 165.6471ms
2026-06-28 00:32:29.968 +07:00 [INF] Executed endpoint 'BlogApp.Controllers.TagController.GetAllTags (BlogApp)'
2026-06-28 00:32:29.968 +07:00 [INF] Executed endpoint 'BlogApp.Controllers.TagController.GetAllTags (BlogApp)'
2026-06-28 00:32:29.969 +07:00 [INF] Executed endpoint 'BlogApp.Controllers.TagController.GetTop5Tags (BlogApp)'
2026-06-28 00:32:29.969 +07:00 [INF] HTTP GET /api/tags responded 200 in 1179.3964 ms
2026-06-28 00:32:29.969 +07:00 [INF] HTTP GET /api/tags responded 200 in 106.1309 ms
2026-06-28 00:32:29.969 +07:00 [INF] HTTP GET /api/tags/topfive responded 200 in 175.2653 ms
2026-06-28 00:32:29.975 +07:00 [INF] Request finished HTTP/1.1 GET http://localhost:5059/api/tags/topfive - 499 null application/json; charset=utf-8 182.4929ms
2026-06-28 00:32:29.975 +07:00 [INF] Request finished HTTP/1.1 GET http://localhost:5059/api/tags - 499 null application/json; charset=utf-8 1188.4344ms
2026-06-28 00:32:29.975 +07:00 [INF] Request finished HTTP/1.1 GET http://localhost:5059/api/tags - 499 null application/json; charset=utf-8 113.153ms
2026-06-28 00:32:30.014 +07:00 [INF] Executing OkObjectResult, writing value of type 'BlogApp.DTOs.BlogListRespDTO'.
2026-06-28 00:32:30.014 +07:00 [INF] Executing OkObjectResult, writing value of type 'BlogApp.DTOs.BlogListRespDTO'.
2026-06-28 00:32:30.014 +07:00 [INF] Executing OkObjectResult, writing value of type 'BlogApp.DTOs.BlogListRespDTO'.
2026-06-28 00:32:30.023 +07:00 [INF] Executed action BlogApp.Controllers.BlogController.GetTop5Blogs (BlogApp) in 224.5037ms
2026-06-28 00:32:30.023 +07:00 [INF] Executed action BlogApp.Controllers.BlogController.GetTop5Blogs (BlogApp) in 136.2996ms
2026-06-28 00:32:30.023 +07:00 [INF] Executed action BlogApp.Controllers.BlogController.Get5LatestBlogs (BlogApp) in 224.3836ms
2026-06-28 00:32:30.023 +07:00 [INF] Executed endpoint 'BlogApp.Controllers.BlogController.GetTop5Blogs (BlogApp)'
2026-06-28 00:32:30.023 +07:00 [INF] Executed endpoint 'BlogApp.Controllers.BlogController.GetTop5Blogs (BlogApp)'
2026-06-28 00:32:30.024 +07:00 [INF] Executed endpoint 'BlogApp.Controllers.BlogController.Get5LatestBlogs (BlogApp)'
2026-06-28 00:32:30.024 +07:00 [INF] HTTP GET /api/blog/topfive responded 200 in 230.1636 ms
2026-06-28 00:32:30.024 +07:00 [INF] HTTP GET /api/blog/topfive responded 200 in 161.3190 ms
2026-06-28 00:32:30.024 +07:00 [INF] HTTP GET /api/blog/fivelatest responded 200 in 230.4489 ms
2026-06-28 00:32:30.024 +07:00 [INF] Request finished HTTP/1.1 GET http://localhost:5059/api/blog/topfive - 499 null application/json; charset=utf-8 231.6565ms
2026-06-28 00:32:30.024 +07:00 [INF] Request finished HTTP/1.1 GET http://localhost:5059/api/blog/topfive - 499 null application/json; charset=utf-8 163.4792ms
2026-06-28 00:32:30.024 +07:00 [INF] Request finished HTTP/1.1 GET http://localhost:5059/api/blog/fivelatest - 499 null application/json; charset=utf-8 232.3157ms
2026-06-28 00:32:44.713 +07:00 [INF] Request starting HTTP/1.1 OPTIONS http://localhost:5059/api/authen/login - null null
2026-06-28 00:32:44.715 +07:00 [INF] CORS policy execution successful.
2026-06-28 00:32:44.715 +07:00 [INF] Request finished HTTP/1.1 OPTIONS http://localhost:5059/api/authen/login - 204 null null 2.3636ms
2026-06-28 00:32:44.716 +07:00 [INF] Request starting HTTP/1.1 POST http://localhost:5059/api/authen/login - application/* 246
2026-06-28 00:32:44.717 +07:00 [INF] CORS policy execution successful.
2026-06-28 00:32:44.717 +07:00 [INF] Failed to validate the token.
Microsoft.IdentityModel.Tokens.SecurityTokenMalformedException: IDX14100: JWT is not well formed, there are no dots (.).
The token needs to be in JWS or JWE Compact Serialization Format. (JWS): 'EncodedHeader.EncodedPayload.EncodedSignature'. (JWE): 'EncodedProtectedHeader.EncodedEncryptedKey.EncodedInitializationVector.EncodedCiphertext.EncodedAuthenticationTag'.
   at Microsoft.IdentityModel.JsonWebTokens.JsonWebToken.ReadToken(ReadOnlyMemory`1 encodedTokenMemory)
   at Microsoft.IdentityModel.JsonWebTokens.JsonWebToken..ctor(String jwtEncodedString)
   at Microsoft.IdentityModel.JsonWebTokens.JsonWebTokenHandler.ReadToken(String token, TokenValidationParameters validationParameters)
2026-06-28 00:32:44.717 +07:00 [INF] Bearer was not authenticated. Failure message: IDX14100: JWT is not well formed, there are no dots (.).
The token needs to be in JWS or JWE Compact Serialization Format. (JWS): 'EncodedHeader.EncodedPayload.EncodedSignature'. (JWE): 'EncodedProtectedHeader.EncodedEncryptedKey.EncodedInitializationVector.EncodedCiphertext.EncodedAuthenticationTag'.
2026-06-28 00:32:44.718 +07:00 [INF] Executing endpoint 'BlogApp.Controllers.AuthenController.LoginUser (BlogApp)'
2026-06-28 00:32:44.724 +07:00 [INF] Route matched with {action = "LoginUser", controller = "Authen"}. Executing controller action with signature Microsoft.AspNetCore.Mvc.ActionResult`1[BlogApp.DTOs.LoginRespDTO] LoginUser(BlogApp.DTOs.LoginDTO) on controller BlogApp.Controllers.AuthenController (BlogApp).
2026-06-28 00:32:44.740 +07:00 [INF] Executing ObjectResult, writing value of type 'Microsoft.AspNetCore.Mvc.ProblemDetails'.
2026-06-28 00:32:44.753 +07:00 [INF] Executed action BlogApp.Controllers.AuthenController.LoginUser (BlogApp) in 29.338ms
2026-06-28 00:32:44.753 +07:00 [INF] Executed endpoint 'BlogApp.Controllers.AuthenController.LoginUser (BlogApp)'
2026-06-28 00:32:44.754 +07:00 [INF] HTTP POST /api/authen/login responded 415 in 36.8941 ms
2026-06-28 00:32:44.754 +07:00 [INF] Request finished HTTP/1.1 POST http://localhost:5059/api/authen/login - 415 null application/problem+json; charset=utf-8 37.5883ms
2026-06-28 00:32:46.234 +07:00 [INF] Request starting HTTP/1.1 POST http://localhost:5059/api/authen/login - application/* 246
2026-06-28 00:32:46.235 +07:00 [INF] CORS policy execution successful.
2026-06-28 00:32:46.235 +07:00 [INF] Failed to validate the token.
Microsoft.IdentityModel.Tokens.SecurityTokenMalformedException: IDX14100: JWT is not well formed, there are no dots (.).
The token needs to be in JWS or JWE Compact Serialization Format. (JWS): 'EncodedHeader.EncodedPayload.EncodedSignature'. (JWE): 'EncodedProtectedHeader.EncodedEncryptedKey.EncodedInitializationVector.EncodedCiphertext.EncodedAuthenticationTag'.
   at Microsoft.IdentityModel.JsonWebTokens.JsonWebToken.ReadToken(ReadOnlyMemory`1 encodedTokenMemory)
   at Microsoft.IdentityModel.JsonWebTokens.JsonWebToken..ctor(String jwtEncodedString)
   at Microsoft.IdentityModel.JsonWebTokens.JsonWebTokenHandler.ReadToken(String token, TokenValidationParameters validationParameters)
2026-06-28 00:32:46.235 +07:00 [INF] Bearer was not authenticated. Failure message: IDX14100: JWT is not well formed, there are no dots (.).
The token needs to be in JWS or JWE Compact Serialization Format. (JWS): 'EncodedHeader.EncodedPayload.EncodedSignature'. (JWE): 'EncodedProtectedHeader.EncodedEncryptedKey.EncodedInitializationVector.EncodedCiphertext.EncodedAuthenticationTag'.
2026-06-28 00:32:46.235 +07:00 [INF] Executing endpoint 'BlogApp.Controllers.AuthenController.LoginUser (BlogApp)'
2026-06-28 00:32:46.236 +07:00 [INF] Route matched with {action = "LoginUser", controller = "Authen"}. Executing controller action with signature Microsoft.AspNetCore.Mvc.ActionResult`1[BlogApp.DTOs.LoginRespDTO] LoginUser(BlogApp.DTOs.LoginDTO) on controller BlogApp.Controllers.AuthenController (BlogApp).
2026-06-28 00:32:46.237 +07:00 [INF] Executing ObjectResult, writing value of type 'Microsoft.AspNetCore.Mvc.ProblemDetails'.
2026-06-28 00:32:46.237 +07:00 [INF] Executed action BlogApp.Controllers.AuthenController.LoginUser (BlogApp) in 1.3189ms
2026-06-28 00:32:46.237 +07:00 [INF] Executed endpoint 'BlogApp.Controllers.AuthenController.LoginUser (BlogApp)'
2026-06-28 00:32:46.237 +07:00 [INF] HTTP POST /api/authen/login responded 415 in 2.3503 ms
2026-06-28 00:32:46.237 +07:00 [INF] Request finished HTTP/1.1 POST http://localhost:5059/api/authen/login - 415 null application/problem+json; charset=utf-8 3.1015ms
2026-06-28 00:32:47.945 +07:00 [INF] Request starting HTTP/1.1 POST http://localhost:5059/api/authen/login - application/* 246
2026-06-28 00:32:47.945 +07:00 [INF] CORS policy execution successful.
2026-06-28 00:32:47.946 +07:00 [INF] Failed to validate the token.
Microsoft.IdentityModel.Tokens.SecurityTokenMalformedException: IDX14100: JWT is not well formed, there are no dots (.).
The token needs to be in JWS or JWE Compact Serialization Format. (JWS): 'EncodedHeader.EncodedPayload.EncodedSignature'. (JWE): 'EncodedProtectedHeader.EncodedEncryptedKey.EncodedInitializationVector.EncodedCiphertext.EncodedAuthenticationTag'.
   at Microsoft.IdentityModel.JsonWebTokens.JsonWebToken.ReadToken(ReadOnlyMemory`1 encodedTokenMemory)
   at Microsoft.IdentityModel.JsonWebTokens.JsonWebToken..ctor(String jwtEncodedString)
   at Microsoft.IdentityModel.JsonWebTokens.JsonWebTokenHandler.ReadToken(String token, TokenValidationParameters validationParameters)
2026-06-28 00:32:47.946 +07:00 [INF] Bearer was not authenticated. Failure message: IDX14100: JWT is not well formed, there are no dots (.).
The token needs to be in JWS or JWE Compact Serialization Format. (JWS): 'EncodedHeader.EncodedPayload.EncodedSignature'. (JWE): 'EncodedProtectedHeader.EncodedEncryptedKey.EncodedInitializationVector.EncodedCiphertext.EncodedAuthenticationTag'.
2026-06-28 00:32:47.947 +07:00 [INF] Executing endpoint 'BlogApp.Controllers.AuthenController.LoginUser (BlogApp)'
2026-06-28 00:32:47.947 +07:00 [INF] Route matched with {action = "LoginUser", controller = "Authen"}. Executing controller action with signature Microsoft.AspNetCore.Mvc.ActionResult`1[BlogApp.DTOs.LoginRespDTO] LoginUser(BlogApp.DTOs.LoginDTO) on controller BlogApp.Controllers.AuthenController (BlogApp).
2026-06-28 00:32:47.949 +07:00 [INF] Executing ObjectResult, writing value of type 'Microsoft.AspNetCore.Mvc.ProblemDetails'.
2026-06-28 00:32:47.949 +07:00 [INF] Executed action BlogApp.Controllers.AuthenController.LoginUser (BlogApp) in 1.9658ms
2026-06-28 00:32:47.949 +07:00 [INF] Executed endpoint 'BlogApp.Controllers.AuthenController.LoginUser (BlogApp)'
2026-06-28 00:32:47.949 +07:00 [INF] HTTP POST /api/authen/login responded 415 in 3.9037 ms
2026-06-28 00:32:47.949 +07:00 [INF] Request finished HTTP/1.1 POST http://localhost:5059/api/authen/login - 415 null application/problem+json; charset=utf-8 4.99ms
2026-06-28 00:32:56.893 +07:00 [INF] Request starting HTTP/1.1 OPTIONS http://localhost:5059/api/authen/login - null null
2026-06-28 00:32:56.894 +07:00 [INF] CORS policy execution successful.
2026-06-28 00:32:56.894 +07:00 [INF] Request finished HTTP/1.1 OPTIONS http://localhost:5059/api/authen/login - 204 null null 0.9959ms
2026-06-28 00:32:56.896 +07:00 [INF] Request starting HTTP/1.1 POST http://localhost:5059/api/authen/login - application/* 246
2026-06-28 00:32:56.897 +07:00 [INF] CORS policy execution successful.
2026-06-28 00:32:56.898 +07:00 [INF] Failed to validate the token.
Microsoft.IdentityModel.Tokens.SecurityTokenMalformedException: IDX14100: JWT is not well formed, there are no dots (.).
The token needs to be in JWS or JWE Compact Serialization Format. (JWS): 'EncodedHeader.EncodedPayload.EncodedSignature'. (JWE): 'EncodedProtectedHeader.EncodedEncryptedKey.EncodedInitializationVector.EncodedCiphertext.EncodedAuthenticationTag'.
   at Microsoft.IdentityModel.JsonWebTokens.JsonWebToken.ReadToken(ReadOnlyMemory`1 encodedTokenMemory)
   at Microsoft.IdentityModel.JsonWebTokens.JsonWebToken..ctor(String jwtEncodedString)
   at Microsoft.IdentityModel.JsonWebTokens.JsonWebTokenHandler.ReadToken(String token, TokenValidationParameters validationParameters)
2026-06-28 00:32:56.898 +07:00 [INF] Bearer was not authenticated. Failure message: IDX14100: JWT is not well formed, there are no dots (.).
The token needs to be in JWS or JWE Compact Serialization Format. (JWS): 'EncodedHeader.EncodedPayload.EncodedSignature'. (JWE): 'EncodedProtectedHeader.EncodedEncryptedKey.EncodedInitializationVector.EncodedCiphertext.EncodedAuthenticationTag'.
2026-06-28 00:32:56.899 +07:00 [INF] Executing endpoint 'BlogApp.Controllers.AuthenController.LoginUser (BlogApp)'
2026-06-28 00:32:56.899 +07:00 [INF] Route matched with {action = "LoginUser", controller = "Authen"}. Executing controller action with signature Microsoft.AspNetCore.Mvc.ActionResult`1[BlogApp.DTOs.LoginRespDTO] LoginUser(BlogApp.DTOs.LoginDTO) on controller BlogApp.Controllers.AuthenController (BlogApp).
2026-06-28 00:32:56.900 +07:00 [INF] Executing ObjectResult, writing value of type 'Microsoft.AspNetCore.Mvc.ProblemDetails'.
2026-06-28 00:32:56.900 +07:00 [INF] Executed action BlogApp.Controllers.AuthenController.LoginUser (BlogApp) in 1.3393ms
2026-06-28 00:32:56.901 +07:00 [INF] Executed endpoint 'BlogApp.Controllers.AuthenController.LoginUser (BlogApp)'
2026-06-28 00:32:56.901 +07:00 [INF] HTTP POST /api/authen/login responded 415 in 3.3489 ms
2026-06-28 00:32:56.901 +07:00 [INF] Request finished HTTP/1.1 POST http://localhost:5059/api/authen/login - 415 null application/problem+json; charset=utf-8 4.3643ms
2026-06-28 00:33:22.667 +07:00 [INF] Request starting HTTP/1.1 OPTIONS http://localhost:5059/api/authen/login - null null
2026-06-28 00:33:22.668 +07:00 [INF] CORS policy execution successful.
2026-06-28 00:33:22.669 +07:00 [INF] Request finished HTTP/1.1 OPTIONS http://localhost:5059/api/authen/login - 204 null null 0.9303ms
2026-06-28 00:33:22.670 +07:00 [INF] Request starting HTTP/1.1 POST http://localhost:5059/api/authen/login - application/* 246
2026-06-28 00:33:22.670 +07:00 [INF] CORS policy execution successful.
2026-06-28 00:33:22.671 +07:00 [INF] Failed to validate the token.
Microsoft.IdentityModel.Tokens.SecurityTokenMalformedException: IDX14100: JWT is not well formed, there are no dots (.).
The token needs to be in JWS or JWE Compact Serialization Format. (JWS): 'EncodedHeader.EncodedPayload.EncodedSignature'. (JWE): 'EncodedProtectedHeader.EncodedEncryptedKey.EncodedInitializationVector.EncodedCiphertext.EncodedAuthenticationTag'.
   at Microsoft.IdentityModel.JsonWebTokens.JsonWebToken.ReadToken(ReadOnlyMemory`1 encodedTokenMemory)
   at Microsoft.IdentityModel.JsonWebTokens.JsonWebToken..ctor(String jwtEncodedString)
   at Microsoft.IdentityModel.JsonWebTokens.JsonWebTokenHandler.ReadToken(String token, TokenValidationParameters validationParameters)
2026-06-28 00:33:22.672 +07:00 [INF] Bearer was not authenticated. Failure message: IDX14100: JWT is not well formed, there are no dots (.).
The token needs to be in JWS or JWE Compact Serialization Format. (JWS): 'EncodedHeader.EncodedPayload.EncodedSignature'. (JWE): 'EncodedProtectedHeader.EncodedEncryptedKey.EncodedInitializationVector.EncodedCiphertext.EncodedAuthenticationTag'.
2026-06-28 00:33:22.672 +07:00 [INF] Executing endpoint 'BlogApp.Controllers.AuthenController.LoginUser (BlogApp)'
2026-06-28 00:33:22.672 +07:00 [INF] Route matched with {action = "LoginUser", controller = "Authen"}. Executing controller action with signature Microsoft.AspNetCore.Mvc.ActionResult`1[BlogApp.DTOs.LoginRespDTO] LoginUser(BlogApp.DTOs.LoginDTO) on controller BlogApp.Controllers.AuthenController (BlogApp).
2026-06-28 00:33:22.673 +07:00 [INF] Executing ObjectResult, writing value of type 'Microsoft.AspNetCore.Mvc.ProblemDetails'.
2026-06-28 00:33:22.673 +07:00 [INF] Executed action BlogApp.Controllers.AuthenController.LoginUser (BlogApp) in 0.8027ms
2026-06-28 00:33:22.673 +07:00 [INF] Executed endpoint 'BlogApp.Controllers.AuthenController.LoginUser (BlogApp)'
2026-06-28 00:33:22.673 +07:00 [INF] HTTP POST /api/authen/login responded 415 in 2.3860 ms
2026-06-28 00:33:22.673 +07:00 [INF] Request finished HTTP/1.1 POST http://localhost:5059/api/authen/login - 415 null application/problem+json; charset=utf-8 3.2331ms
2026-06-28 00:33:42.603 +07:00 [INF] Request starting HTTP/1.1 OPTIONS http://localhost:5059/api/authen/login - null null
2026-06-28 00:33:42.603 +07:00 [INF] CORS policy execution successful.
2026-06-28 00:33:42.604 +07:00 [INF] Request finished HTTP/1.1 OPTIONS http://localhost:5059/api/authen/login - 204 null null 1.1258ms
2026-06-28 00:33:42.606 +07:00 [INF] Request starting HTTP/1.1 POST http://localhost:5059/api/authen/login - application/* 246
2026-06-28 00:33:42.606 +07:00 [INF] CORS policy execution successful.
2026-06-28 00:33:42.606 +07:00 [INF] Failed to validate the token.
Microsoft.IdentityModel.Tokens.SecurityTokenMalformedException: IDX14100: JWT is not well formed, there are no dots (.).
The token needs to be in JWS or JWE Compact Serialization Format. (JWS): 'EncodedHeader.EncodedPayload.EncodedSignature'. (JWE): 'EncodedProtectedHeader.EncodedEncryptedKey.EncodedInitializationVector.EncodedCiphertext.EncodedAuthenticationTag'.
   at Microsoft.IdentityModel.JsonWebTokens.JsonWebToken.ReadToken(ReadOnlyMemory`1 encodedTokenMemory)
   at Microsoft.IdentityModel.JsonWebTokens.JsonWebToken..ctor(String jwtEncodedString)
   at Microsoft.IdentityModel.JsonWebTokens.JsonWebTokenHandler.ReadToken(String token, TokenValidationParameters validationParameters)
2026-06-28 00:33:42.607 +07:00 [INF] Bearer was not authenticated. Failure message: IDX14100: JWT is not well formed, there are no dots (.).
The token needs to be in JWS or JWE Compact Serialization Format. (JWS): 'EncodedHeader.EncodedPayload.EncodedSignature'. (JWE): 'EncodedProtectedHeader.EncodedEncryptedKey.EncodedInitializationVector.EncodedCiphertext.EncodedAuthenticationTag'.
2026-06-28 00:33:42.607 +07:00 [INF] Executing endpoint 'BlogApp.Controllers.AuthenController.LoginUser (BlogApp)'
2026-06-28 00:33:42.607 +07:00 [INF] Route matched with {action = "LoginUser", controller = "Authen"}. Executing controller action with signature Microsoft.AspNetCore.Mvc.ActionResult`1[BlogApp.DTOs.LoginRespDTO] LoginUser(BlogApp.DTOs.LoginDTO) on controller BlogApp.Controllers.AuthenController (BlogApp).
2026-06-28 00:33:42.607 +07:00 [INF] Executing ObjectResult, writing value of type 'Microsoft.AspNetCore.Mvc.ProblemDetails'.
2026-06-28 00:33:42.608 +07:00 [INF] Executed action BlogApp.Controllers.AuthenController.LoginUser (BlogApp) in 0.6127ms
2026-06-28 00:33:42.608 +07:00 [INF] Executed endpoint 'BlogApp.Controllers.AuthenController.LoginUser (BlogApp)'
2026-06-28 00:33:42.608 +07:00 [INF] HTTP POST /api/authen/login responded 415 in 1.4368 ms
2026-06-28 00:33:42.608 +07:00 [INF] Request finished HTTP/1.1 POST http://localhost:5059/api/authen/login - 415 null application/problem+json; charset=utf-8 2.1044ms
2026-06-28 00:34:40.276 +07:00 [INF] Request starting HTTP/1.1 OPTIONS http://localhost:5059/api/authen/login - null null
2026-06-28 00:34:40.276 +07:00 [INF] CORS policy execution successful.
2026-06-28 00:34:40.277 +07:00 [INF] Request finished HTTP/1.1 OPTIONS http://localhost:5059/api/authen/login - 204 null null 1.0518ms
2026-06-28 00:34:40.280 +07:00 [INF] Request starting HTTP/1.1 POST http://localhost:5059/api/authen/login - application/* 246
2026-06-28 00:34:40.280 +07:00 [INF] CORS policy execution successful.
2026-06-28 00:34:40.281 +07:00 [INF] Failed to validate the token.
Microsoft.IdentityModel.Tokens.SecurityTokenMalformedException: IDX14100: JWT is not well formed, there are no dots (.).
The token needs to be in JWS or JWE Compact Serialization Format. (JWS): 'EncodedHeader.EncodedPayload.EncodedSignature'. (JWE): 'EncodedProtectedHeader.EncodedEncryptedKey.EncodedInitializationVector.EncodedCiphertext.EncodedAuthenticationTag'.
   at Microsoft.IdentityModel.JsonWebTokens.JsonWebToken.ReadToken(ReadOnlyMemory`1 encodedTokenMemory)
   at Microsoft.IdentityModel.JsonWebTokens.JsonWebToken..ctor(String jwtEncodedString)
   at Microsoft.IdentityModel.JsonWebTokens.JsonWebTokenHandler.ReadToken(String token, TokenValidationParameters validationParameters)
2026-06-28 00:34:40.282 +07:00 [INF] Bearer was not authenticated. Failure message: IDX14100: JWT is not well formed, there are no dots (.).
The token needs to be in JWS or JWE Compact Serialization Format. (JWS): 'EncodedHeader.EncodedPayload.EncodedSignature'. (JWE): 'EncodedProtectedHeader.EncodedEncryptedKey.EncodedInitializationVector.EncodedCiphertext.EncodedAuthenticationTag'.
2026-06-28 00:34:40.282 +07:00 [INF] Executing endpoint 'BlogApp.Controllers.AuthenController.LoginUser (BlogApp)'
2026-06-28 00:34:40.282 +07:00 [INF] Route matched with {action = "LoginUser", controller = "Authen"}. Executing controller action with signature Microsoft.AspNetCore.Mvc.ActionResult`1[BlogApp.DTOs.LoginRespDTO] LoginUser(BlogApp.DTOs.LoginDTO) on controller BlogApp.Controllers.AuthenController (BlogApp).
2026-06-28 00:34:40.284 +07:00 [INF] Executing ObjectResult, writing value of type 'Microsoft.AspNetCore.Mvc.ProblemDetails'.
2026-06-28 00:34:40.284 +07:00 [INF] Executed action BlogApp.Controllers.AuthenController.LoginUser (BlogApp) in 1.2868ms
2026-06-28 00:34:40.284 +07:00 [INF] Executed endpoint 'BlogApp.Controllers.AuthenController.LoginUser (BlogApp)'
2026-06-28 00:34:40.284 +07:00 [INF] HTTP POST /api/authen/login responded 415 in 3.4223 ms
2026-06-28 00:34:40.284 +07:00 [INF] Request finished HTTP/1.1 POST http://localhost:5059/api/authen/login - 415 null application/problem+json; charset=utf-8 4.4337ms
2026-06-28 00:34:56.271 +07:00 [INF] Request starting HTTP/1.1 OPTIONS http://localhost:5059/api/authen/login - null null
2026-06-28 00:34:56.273 +07:00 [INF] CORS policy execution successful.
2026-06-28 00:34:56.273 +07:00 [INF] Request finished HTTP/1.1 OPTIONS http://localhost:5059/api/authen/login - 204 null null 2.1014ms
2026-06-28 00:34:56.275 +07:00 [INF] Request starting HTTP/1.1 POST http://localhost:5059/api/authen/login - application/json 246
2026-06-28 00:34:56.276 +07:00 [INF] CORS policy execution successful.
2026-06-28 00:34:56.277 +07:00 [INF] Failed to validate the token.
Microsoft.IdentityModel.Tokens.SecurityTokenMalformedException: IDX14100: JWT is not well formed, there are no dots (.).
The token needs to be in JWS or JWE Compact Serialization Format. (JWS): 'EncodedHeader.EncodedPayload.EncodedSignature'. (JWE): 'EncodedProtectedHeader.EncodedEncryptedKey.EncodedInitializationVector.EncodedCiphertext.EncodedAuthenticationTag'.
   at Microsoft.IdentityModel.JsonWebTokens.JsonWebToken.ReadToken(ReadOnlyMemory`1 encodedTokenMemory)
   at Microsoft.IdentityModel.JsonWebTokens.JsonWebToken..ctor(String jwtEncodedString)
   at Microsoft.IdentityModel.JsonWebTokens.JsonWebTokenHandler.ReadToken(String token, TokenValidationParameters validationParameters)
2026-06-28 00:34:56.277 +07:00 [INF] Bearer was not authenticated. Failure message: IDX14100: JWT is not well formed, there are no dots (.).
The token needs to be in JWS or JWE Compact Serialization Format. (JWS): 'EncodedHeader.EncodedPayload.EncodedSignature'. (JWE): 'EncodedProtectedHeader.EncodedEncryptedKey.EncodedInitializationVector.EncodedCiphertext.EncodedAuthenticationTag'.
2026-06-28 00:34:56.277 +07:00 [INF] Executing endpoint 'BlogApp.Controllers.AuthenController.LoginUser (BlogApp)'
2026-06-28 00:34:56.278 +07:00 [INF] Route matched with {action = "LoginUser", controller = "Authen"}. Executing controller action with signature Microsoft.AspNetCore.Mvc.ActionResult`1[BlogApp.DTOs.LoginRespDTO] LoginUser(BlogApp.DTOs.LoginDTO) on controller BlogApp.Controllers.AuthenController (BlogApp).
2026-06-28 00:34:56.298 +07:00 [INF] Executing BadRequestObjectResult, writing value of type 'Microsoft.AspNetCore.Mvc.ValidationProblemDetails'.
2026-06-28 00:34:56.301 +07:00 [INF] Executed action BlogApp.Controllers.AuthenController.LoginUser (BlogApp) in 22.7831ms
2026-06-28 00:34:56.301 +07:00 [INF] Executed endpoint 'BlogApp.Controllers.AuthenController.LoginUser (BlogApp)'
2026-06-28 00:34:56.301 +07:00 [INF] HTTP POST /api/authen/login responded 400 in 24.7812 ms
2026-06-28 00:34:56.301 +07:00 [INF] Request finished HTTP/1.1 POST http://localhost:5059/api/authen/login - 400 null application/problem+json; charset=utf-8 25.7116ms
2026-06-28 00:36:32.288 +07:00 [INF] Request starting HTTP/1.1 OPTIONS http://localhost:5059/api/authen/login - null null
2026-06-28 00:36:32.289 +07:00 [INF] CORS policy execution successful.
2026-06-28 00:36:32.289 +07:00 [INF] Request finished HTTP/1.1 OPTIONS http://localhost:5059/api/authen/login - 204 null null 1.1664ms
2026-06-28 00:36:32.292 +07:00 [INF] Request starting HTTP/1.1 POST http://localhost:5059/api/authen/login - application/json 246
2026-06-28 00:36:32.292 +07:00 [INF] CORS policy execution successful.
2026-06-28 00:36:32.292 +07:00 [INF] Failed to validate the token.
Microsoft.IdentityModel.Tokens.SecurityTokenMalformedException: IDX14100: JWT is not well formed, there are no dots (.).
The token needs to be in JWS or JWE Compact Serialization Format. (JWS): 'EncodedHeader.EncodedPayload.EncodedSignature'. (JWE): 'EncodedProtectedHeader.EncodedEncryptedKey.EncodedInitializationVector.EncodedCiphertext.EncodedAuthenticationTag'.
   at Microsoft.IdentityModel.JsonWebTokens.JsonWebToken.ReadToken(ReadOnlyMemory`1 encodedTokenMemory)
   at Microsoft.IdentityModel.JsonWebTokens.JsonWebToken..ctor(String jwtEncodedString)
   at Microsoft.IdentityModel.JsonWebTokens.JsonWebTokenHandler.ReadToken(String token, TokenValidationParameters validationParameters)
2026-06-28 00:36:32.293 +07:00 [INF] Bearer was not authenticated. Failure message: IDX14100: JWT is not well formed, there are no dots (.).
The token needs to be in JWS or JWE Compact Serialization Format. (JWS): 'EncodedHeader.EncodedPayload.EncodedSignature'. (JWE): 'EncodedProtectedHeader.EncodedEncryptedKey.EncodedInitializationVector.EncodedCiphertext.EncodedAuthenticationTag'.
2026-06-28 00:36:32.293 +07:00 [INF] Executing endpoint 'BlogApp.Controllers.AuthenController.LoginUser (BlogApp)'
2026-06-28 00:36:32.293 +07:00 [INF] Route matched with {action = "LoginUser", controller = "Authen"}. Executing controller action with signature Microsoft.AspNetCore.Mvc.ActionResult`1[BlogApp.DTOs.LoginRespDTO] LoginUser(BlogApp.DTOs.LoginDTO) on controller BlogApp.Controllers.AuthenController (BlogApp).
2026-06-28 00:36:32.294 +07:00 [INF] Executing BadRequestObjectResult, writing value of type 'Microsoft.AspNetCore.Mvc.ValidationProblemDetails'.
2026-06-28 00:36:32.294 +07:00 [INF] Executed action BlogApp.Controllers.AuthenController.LoginUser (BlogApp) in 1.5457ms
2026-06-28 00:36:32.294 +07:00 [INF] Executed endpoint 'BlogApp.Controllers.AuthenController.LoginUser (BlogApp)'
2026-06-28 00:36:32.295 +07:00 [INF] HTTP POST /api/authen/login responded 400 in 2.4823 ms
2026-06-28 00:36:32.295 +07:00 [INF] Request finished HTTP/1.1 POST http://localhost:5059/api/authen/login - 400 null application/problem+json; charset=utf-8 3.0539ms
2026-06-28 00:36:54.893 +07:00 [INF] Request starting HTTP/1.1 OPTIONS http://localhost:5059/api/authen/login - null null
2026-06-28 00:36:54.893 +07:00 [INF] CORS policy execution successful.
2026-06-28 00:36:54.893 +07:00 [INF] Request finished HTTP/1.1 OPTIONS http://localhost:5059/api/authen/login - 204 null null 0.7094ms
2026-06-28 00:36:54.894 +07:00 [INF] Request starting HTTP/1.1 POST http://localhost:5059/api/authen/login - application/json 41
2026-06-28 00:36:54.895 +07:00 [INF] CORS policy execution successful.
2026-06-28 00:36:54.895 +07:00 [INF] Failed to validate the token.
Microsoft.IdentityModel.Tokens.SecurityTokenMalformedException: IDX14100: JWT is not well formed, there are no dots (.).
The token needs to be in JWS or JWE Compact Serialization Format. (JWS): 'EncodedHeader.EncodedPayload.EncodedSignature'. (JWE): 'EncodedProtectedHeader.EncodedEncryptedKey.EncodedInitializationVector.EncodedCiphertext.EncodedAuthenticationTag'.
   at Microsoft.IdentityModel.JsonWebTokens.JsonWebToken.ReadToken(ReadOnlyMemory`1 encodedTokenMemory)
   at Microsoft.IdentityModel.JsonWebTokens.JsonWebToken..ctor(String jwtEncodedString)
   at Microsoft.IdentityModel.JsonWebTokens.JsonWebTokenHandler.ReadToken(String token, TokenValidationParameters validationParameters)
2026-06-28 00:36:54.895 +07:00 [INF] Bearer was not authenticated. Failure message: IDX14100: JWT is not well formed, there are no dots (.).
The token needs to be in JWS or JWE Compact Serialization Format. (JWS): 'EncodedHeader.EncodedPayload.EncodedSignature'. (JWE): 'EncodedProtectedHeader.EncodedEncryptedKey.EncodedInitializationVector.EncodedCiphertext.EncodedAuthenticationTag'.
2026-06-28 00:36:54.895 +07:00 [INF] Executing endpoint 'BlogApp.Controllers.AuthenController.LoginUser (BlogApp)'
2026-06-28 00:36:54.895 +07:00 [INF] Route matched with {action = "LoginUser", controller = "Authen"}. Executing controller action with signature Microsoft.AspNetCore.Mvc.ActionResult`1[BlogApp.DTOs.LoginRespDTO] LoginUser(BlogApp.DTOs.LoginDTO) on controller BlogApp.Controllers.AuthenController (BlogApp).
2026-06-28 00:36:56.873 +07:00 [INF] Executed DbCommand (18ms) [Parameters=[@username='?'], CommandType='"Text"', CommandTimeout='30']
SELECT a."Username", a."Address", a."Avatar", a."CreatedAt", a."Description", a."Email", a."FullName", a."Functions", a."OtherContact", a."Password", a."Phone", a."Role", a."State", a."UpdatedAt"
FROM "Accounts" AS a
WHERE a."Username" = @username
LIMIT 1
2026-06-28 00:36:57.165 +07:00 [INF] Executing OkObjectResult, writing value of type 'BlogApp.DTOs.LoginRespDTO'.
2026-06-28 00:36:57.166 +07:00 [INF] Executed action BlogApp.Controllers.AuthenController.LoginUser (BlogApp) in 2271.0123ms
2026-06-28 00:36:57.166 +07:00 [INF] Executed endpoint 'BlogApp.Controllers.AuthenController.LoginUser (BlogApp)'
2026-06-28 00:36:57.166 +07:00 [INF] HTTP POST /api/authen/login responded 200 in 2271.8198 ms
2026-06-28 00:36:57.167 +07:00 [INF] Request finished HTTP/1.1 POST http://localhost:5059/api/authen/login - 200 null application/json; charset=utf-8 2272.3337ms
2026-06-28 00:36:58.957 +07:00 [INF] Request starting HTTP/1.1 OPTIONS http://localhost:5059/api/blog/search - null null
2026-06-28 00:36:58.958 +07:00 [INF] CORS policy execution successful.
2026-06-28 00:36:58.958 +07:00 [INF] Request finished HTTP/1.1 OPTIONS http://localhost:5059/api/blog/search - 204 null null 0.9868ms
2026-06-28 00:36:58.976 +07:00 [INF] Request starting HTTP/1.1 POST http://localhost:5059/api/blog/search - application/json 74
2026-06-28 00:36:58.977 +07:00 [INF] Request starting HTTP/1.1 OPTIONS http://localhost:5059/api/authen/check-valid-token - null null
2026-06-28 00:36:58.977 +07:00 [INF] CORS policy execution successful.
2026-06-28 00:36:58.977 +07:00 [INF] CORS policy execution successful.
2026-06-28 00:36:58.977 +07:00 [INF] Request starting HTTP/1.1 OPTIONS http://localhost:5059/api/blog/fivelatest - null null
2026-06-28 00:36:58.977 +07:00 [INF] Request starting HTTP/1.1 OPTIONS http://localhost:5059/api/tags/topfive - null null
2026-06-28 00:36:58.977 +07:00 [INF] Request finished HTTP/1.1 OPTIONS http://localhost:5059/api/authen/check-valid-token - 204 null null 0.2761ms
2026-06-28 00:36:58.998 +07:00 [INF] CORS policy execution successful.
2026-06-28 00:36:58.998 +07:00 [INF] CORS policy execution successful.
2026-06-28 00:36:58.998 +07:00 [INF] Request finished HTTP/1.1 OPTIONS http://localhost:5059/api/tags/topfive - 204 null null 21.0158ms
2026-06-28 00:36:58.998 +07:00 [INF] Request finished HTTP/1.1 OPTIONS http://localhost:5059/api/blog/fivelatest - 204 null null 21.0192ms
2026-06-28 00:36:58.998 +07:00 [INF] Request starting HTTP/1.1 OPTIONS http://localhost:5059/api/blog/topfive - null null
2026-06-28 00:36:58.999 +07:00 [INF] CORS policy execution successful.
2026-06-28 00:36:58.999 +07:00 [INF] Request finished HTTP/1.1 OPTIONS http://localhost:5059/api/blog/topfive - 204 null null 0.7422ms
2026-06-28 00:36:59.000 +07:00 [INF] Request starting HTTP/1.1 GET http://localhost:5059/api/authen/check-valid-token - application/json null
2026-06-28 00:36:59.000 +07:00 [INF] CORS policy execution successful.
2026-06-28 00:36:59.000 +07:00 [INF] Request starting HTTP/1.1 GET http://localhost:5059/api/blog/fivelatest - application/json null
2026-06-28 00:36:59.000 +07:00 [INF] Request starting HTTP/1.1 GET http://localhost:5059/api/tags/topfive - application/json null
2026-06-28 00:36:59.000 +07:00 [INF] CORS policy execution successful.
2026-06-28 00:36:59.001 +07:00 [INF] CORS policy execution successful.
2026-06-28 00:36:59.001 +07:00 [INF] Request starting HTTP/1.1 GET http://localhost:5059/api/blog/topfive - application/json null
2026-06-28 00:36:59.001 +07:00 [INF] CORS policy execution successful.
2026-06-28 00:36:59.008 +07:00 [INF] Executing endpoint 'BlogApp.Controllers.BlogController.GetTop5Blogs (BlogApp)'
2026-06-28 00:36:59.008 +07:00 [INF] Executing endpoint 'BlogApp.Controllers.TagController.GetTop5Tags (BlogApp)'
2026-06-28 00:36:59.008 +07:00 [INF] Executing endpoint 'BlogApp.Controllers.BlogController.Get5LatestBlogs (BlogApp)'
2026-06-28 00:36:59.008 +07:00 [INF] Route matched with {action = "GetTop5Blogs", controller = "Blog"}. Executing controller action with signature Microsoft.AspNetCore.Mvc.ActionResult GetTop5Blogs() on controller BlogApp.Controllers.BlogController (BlogApp).
2026-06-28 00:36:59.008 +07:00 [INF] Executing endpoint 'BlogApp.Controllers.BlogController.SearchBlogs (BlogApp)'
2026-06-28 00:36:59.008 +07:00 [INF] Route matched with {action = "GetTop5Tags", controller = "Tag"}. Executing controller action with signature Microsoft.AspNetCore.Mvc.ActionResult GetTop5Tags() on controller BlogApp.Controllers.TagController (BlogApp).
2026-06-28 00:36:59.008 +07:00 [INF] Route matched with {action = "Get5LatestBlogs", controller = "Blog"}. Executing controller action with signature Microsoft.AspNetCore.Mvc.ActionResult Get5LatestBlogs() on controller BlogApp.Controllers.BlogController (BlogApp).
2026-06-28 00:36:59.008 +07:00 [INF] Executing endpoint 'BlogApp.Controllers.AuthenController.CheckValidToken (BlogApp)'
2026-06-28 00:36:59.010 +07:00 [INF] Route matched with {action = "CheckValidToken", controller = "Authen"}. Executing controller action with signature Microsoft.AspNetCore.Mvc.ActionResult`1[BlogApp.DTOs.ResponseBaseDTO] CheckValidToken() on controller BlogApp.Controllers.AuthenController (BlogApp).
2026-06-28 00:36:59.011 +07:00 [INF] Route matched with {action = "SearchBlogs", controller = "Blog"}. Executing controller action with signature Microsoft.AspNetCore.Mvc.ActionResult SearchBlogs(BlogApp.DTOs.SearchBlogReqDTO) on controller BlogApp.Controllers.BlogController (BlogApp).
2026-06-28 00:36:59.011 +07:00 [INF] Executed DbCommand (2ms) [Parameters=[], CommandType='"Text"', CommandTimeout='30']
SELECT b."Id", b."AmountOfAccesses", b."AuthorId", b."Content", b."CoverImage", b."CreatedAt", b."PublishedAt", b."State", b."Tags", b."Title", b."UpdatedAt"
FROM "Blogs" AS b
ORDER BY b."CreatedAt" DESC
2026-06-28 00:36:59.011 +07:00 [INF] Executed DbCommand (1ms) [Parameters=[], CommandType='"Text"', CommandTimeout='30']

            SELECT tag AS Name, COUNT(*) AS blog_count
            FROM "Blogs", UNNEST("Tags") AS tag
            GROUP BY tag
            ORDER BY blog_count DESC
            LIMIT 5
2026-06-28 00:36:59.011 +07:00 [INF] Executing OkObjectResult, writing value of type 'BlogApp.DTOs.ResponseBaseDTO'.
2026-06-28 00:36:59.011 +07:00 [INF] Executed DbCommand (2ms) [Parameters=[], CommandType='"Text"', CommandTimeout='30']
SELECT b."Id", b."AmountOfAccesses", b."AuthorId", b."Content", b."CoverImage", b."CreatedAt", b."PublishedAt", b."State", b."Tags", b."Title", b."UpdatedAt"
FROM "Blogs" AS b
ORDER BY b."CreatedAt" DESC
2026-06-28 00:36:59.011 +07:00 [INF] Executing OkObjectResult, writing value of type 'BlogApp.DTOs.TagListRespDTO'.
2026-06-28 00:36:59.011 +07:00 [INF] Executed action BlogApp.Controllers.TagController.GetTop5Tags (BlogApp) in 3.3434ms
2026-06-28 00:36:59.012 +07:00 [INF] Executed endpoint 'BlogApp.Controllers.TagController.GetTop5Tags (BlogApp)'
2026-06-28 00:36:59.012 +07:00 [INF] HTTP GET /api/tags/topfive responded 200 in 10.9928 ms
2026-06-28 00:36:59.012 +07:00 [INF] Request finished HTTP/1.1 GET http://localhost:5059/api/tags/topfive - 200 null application/json; charset=utf-8 11.3934ms
2026-06-28 00:36:59.012 +07:00 [INF] Executing OkObjectResult, writing value of type 'BlogApp.DTOs.BlogListRespDTO'.
2026-06-28 00:36:59.012 +07:00 [INF] Executing OkObjectResult, writing value of type 'BlogApp.DTOs.BlogListRespDTO'.
2026-06-28 00:36:59.012 +07:00 [INF] Executed action BlogApp.Controllers.BlogController.Get5LatestBlogs (BlogApp) in 3.9098ms
2026-06-28 00:36:59.012 +07:00 [INF] Executed action BlogApp.Controllers.BlogController.GetTop5Blogs (BlogApp) in 4.128ms
2026-06-28 00:36:59.012 +07:00 [INF] Executed endpoint 'BlogApp.Controllers.BlogController.Get5LatestBlogs (BlogApp)'
2026-06-28 00:36:59.012 +07:00 [INF] Executed endpoint 'BlogApp.Controllers.BlogController.GetTop5Blogs (BlogApp)'
2026-06-28 00:36:59.012 +07:00 [INF] HTTP GET /api/blog/fivelatest responded 200 in 11.7761 ms
2026-06-28 00:36:59.012 +07:00 [INF] HTTP GET /api/blog/topfive responded 200 in 11.3695 ms
2026-06-28 00:36:59.013 +07:00 [INF] Request finished HTTP/1.1 GET http://localhost:5059/api/blog/fivelatest - 200 null application/json; charset=utf-8 12.2411ms
2026-06-28 00:36:59.013 +07:00 [INF] Request finished HTTP/1.1 GET http://localhost:5059/api/blog/topfive - 200 null application/json; charset=utf-8 12.0119ms
2026-06-28 00:36:59.015 +07:00 [INF] Executed action BlogApp.Controllers.AuthenController.CheckValidToken (BlogApp) in 4.5626ms
2026-06-28 00:36:59.015 +07:00 [INF] Executed endpoint 'BlogApp.Controllers.AuthenController.CheckValidToken (BlogApp)'
2026-06-28 00:36:59.015 +07:00 [INF] HTTP GET /api/authen/check-valid-token responded 200 in 15.3271 ms
2026-06-28 00:36:59.015 +07:00 [INF] Request finished HTTP/1.1 GET http://localhost:5059/api/authen/check-valid-token - 200 null application/json; charset=utf-8 15.6623ms
2026-06-28 00:36:59.017 +07:00 [INF] Executing BadRequestObjectResult, writing value of type 'Microsoft.AspNetCore.Mvc.ValidationProblemDetails'.
2026-06-28 00:36:59.017 +07:00 [INF] Executed action BlogApp.Controllers.BlogController.SearchBlogs (BlogApp) in 6.4501ms
2026-06-28 00:36:59.017 +07:00 [INF] Executed endpoint 'BlogApp.Controllers.BlogController.SearchBlogs (BlogApp)'
2026-06-28 00:36:59.017 +07:00 [INF] HTTP POST /api/blog/search responded 400 in 40.1358 ms
2026-06-28 00:36:59.017 +07:00 [INF] Request finished HTTP/1.1 POST http://localhost:5059/api/blog/search - 400 null application/problem+json; charset=utf-8 41.1131ms
2026-06-28 00:37:00.013 +07:00 [INF] Request starting HTTP/1.1 POST http://localhost:5059/api/blog/search - application/json 74
2026-06-28 00:37:00.014 +07:00 [INF] CORS policy execution successful.
2026-06-28 00:37:00.015 +07:00 [INF] Executing endpoint 'BlogApp.Controllers.BlogController.SearchBlogs (BlogApp)'
2026-06-28 00:37:00.015 +07:00 [INF] Route matched with {action = "SearchBlogs", controller = "Blog"}. Executing controller action with signature Microsoft.AspNetCore.Mvc.ActionResult SearchBlogs(BlogApp.DTOs.SearchBlogReqDTO) on controller BlogApp.Controllers.BlogController (BlogApp).
2026-06-28 00:37:00.015 +07:00 [INF] Request starting HTTP/1.1 GET http://localhost:5059/api/authen/check-valid-token - application/json null
2026-06-28 00:37:00.016 +07:00 [INF] CORS policy execution successful.
2026-06-28 00:37:00.016 +07:00 [INF] Executing BadRequestObjectResult, writing value of type 'Microsoft.AspNetCore.Mvc.ValidationProblemDetails'.
2026-06-28 00:37:00.017 +07:00 [INF] Executing endpoint 'BlogApp.Controllers.AuthenController.CheckValidToken (BlogApp)'
2026-06-28 00:37:00.017 +07:00 [INF] Executed action BlogApp.Controllers.BlogController.SearchBlogs (BlogApp) in 1.6042ms
2026-06-28 00:37:00.017 +07:00 [INF] Route matched with {action = "CheckValidToken", controller = "Authen"}. Executing controller action with signature Microsoft.AspNetCore.Mvc.ActionResult`1[BlogApp.DTOs.ResponseBaseDTO] CheckValidToken() on controller BlogApp.Controllers.AuthenController (BlogApp).
2026-06-28 00:37:00.017 +07:00 [INF] Request starting HTTP/1.1 GET http://localhost:5059/api/tags/topfive - application/json null
2026-06-28 00:37:00.017 +07:00 [INF] Executed endpoint 'BlogApp.Controllers.BlogController.SearchBlogs (BlogApp)'
2026-06-28 00:37:00.018 +07:00 [INF] CORS policy execution successful.
2026-06-28 00:37:00.018 +07:00 [INF] HTTP POST /api/blog/search responded 400 in 4.1758 ms
2026-06-28 00:37:00.018 +07:00 [INF] Request starting HTTP/1.1 GET http://localhost:5059/api/blog/fivelatest - application/json null
2026-06-28 00:37:00.019 +07:00 [INF] Request finished HTTP/1.1 POST http://localhost:5059/api/blog/search - 400 null application/problem+json; charset=utf-8 5.4851ms
2026-06-28 00:37:00.018 +07:00 [INF] Executing OkObjectResult, writing value of type 'BlogApp.DTOs.ResponseBaseDTO'.
2026-06-28 00:37:00.019 +07:00 [INF] Executing endpoint 'BlogApp.Controllers.TagController.GetTop5Tags (BlogApp)'
2026-06-28 00:37:00.019 +07:00 [INF] CORS policy execution successful.
2026-06-28 00:37:00.019 +07:00 [INF] Executed action BlogApp.Controllers.AuthenController.CheckValidToken (BlogApp) in 1.9031ms
2026-06-28 00:37:00.019 +07:00 [INF] Route matched with {action = "GetTop5Tags", controller = "Tag"}. Executing controller action with signature Microsoft.AspNetCore.Mvc.ActionResult GetTop5Tags() on controller BlogApp.Controllers.TagController (BlogApp).
2026-06-28 00:37:00.020 +07:00 [INF] Executed endpoint 'BlogApp.Controllers.AuthenController.CheckValidToken (BlogApp)'
2026-06-28 00:37:00.020 +07:00 [INF] Executing endpoint 'BlogApp.Controllers.BlogController.Get5LatestBlogs (BlogApp)'
2026-06-28 00:37:00.020 +07:00 [INF] HTTP GET /api/authen/check-valid-token responded 200 in 4.0034 ms
2026-06-28 00:37:00.020 +07:00 [INF] Route matched with {action = "Get5LatestBlogs", controller = "Blog"}. Executing controller action with signature Microsoft.AspNetCore.Mvc.ActionResult Get5LatestBlogs() on controller BlogApp.Controllers.BlogController (BlogApp).
2026-06-28 00:37:00.020 +07:00 [INF] Request finished HTTP/1.1 GET http://localhost:5059/api/authen/check-valid-token - 200 null application/json; charset=utf-8 5.2735ms
2026-06-28 00:37:00.021 +07:00 [INF] Request starting HTTP/1.1 GET http://localhost:5059/api/blog/topfive - application/json null
2026-06-28 00:37:00.021 +07:00 [INF] CORS policy execution successful.
2026-06-28 00:37:00.022 +07:00 [INF] Executing endpoint 'BlogApp.Controllers.BlogController.GetTop5Blogs (BlogApp)'
2026-06-28 00:37:00.022 +07:00 [INF] Route matched with {action = "GetTop5Blogs", controller = "Blog"}. Executing controller action with signature Microsoft.AspNetCore.Mvc.ActionResult GetTop5Blogs() on controller BlogApp.Controllers.BlogController (BlogApp).
2026-06-28 00:37:00.022 +07:00 [INF] Executed DbCommand (1ms) [Parameters=[], CommandType='"Text"', CommandTimeout='30']
SELECT b."Id", b."AmountOfAccesses", b."AuthorId", b."Content", b."CoverImage", b."CreatedAt", b."PublishedAt", b."State", b."Tags", b."Title", b."UpdatedAt"
FROM "Blogs" AS b
ORDER BY b."CreatedAt" DESC
2026-06-28 00:37:00.023 +07:00 [INF] Executing OkObjectResult, writing value of type 'BlogApp.DTOs.BlogListRespDTO'.
2026-06-28 00:37:00.024 +07:00 [INF] Executed DbCommand (1ms) [Parameters=[], CommandType='"Text"', CommandTimeout='30']
SELECT b."Id", b."AmountOfAccesses", b."AuthorId", b."Content", b."CoverImage", b."CreatedAt", b."PublishedAt", b."State", b."Tags", b."Title", b."UpdatedAt"
FROM "Blogs" AS b
ORDER BY b."CreatedAt" DESC
2026-06-28 00:37:00.024 +07:00 [INF] Executed action BlogApp.Controllers.BlogController.Get5LatestBlogs (BlogApp) in 3.1803ms
2026-06-28 00:37:00.024 +07:00 [INF] Executed endpoint 'BlogApp.Controllers.BlogController.Get5LatestBlogs (BlogApp)'
2026-06-28 00:37:00.024 +07:00 [INF] HTTP GET /api/blog/fivelatest responded 200 in 4.2733 ms
2026-06-28 00:37:00.024 +07:00 [INF] Request finished HTTP/1.1 GET http://localhost:5059/api/blog/fivelatest - 200 null application/json; charset=utf-8 5.6979ms
2026-06-28 00:37:00.024 +07:00 [INF] Executing OkObjectResult, writing value of type 'BlogApp.DTOs.BlogListRespDTO'.
2026-06-28 00:37:00.024 +07:00 [INF] Executed action BlogApp.Controllers.BlogController.GetTop5Blogs (BlogApp) in 2.5596ms
2026-06-28 00:37:00.025 +07:00 [INF] Executed endpoint 'BlogApp.Controllers.BlogController.GetTop5Blogs (BlogApp)'
2026-06-28 00:37:00.025 +07:00 [INF] HTTP GET /api/blog/topfive responded 200 in 3.1725 ms
2026-06-28 00:37:00.025 +07:00 [INF] Request finished HTTP/1.1 GET http://localhost:5059/api/blog/topfive - 200 null application/json; charset=utf-8 3.5365ms
2026-06-28 00:37:00.034 +07:00 [INF] Executed DbCommand (1ms) [Parameters=[], CommandType='"Text"', CommandTimeout='30']

            SELECT tag AS Name, COUNT(*) AS blog_count
            FROM "Blogs", UNNEST("Tags") AS tag
            GROUP BY tag
            ORDER BY blog_count DESC
            LIMIT 5
2026-06-28 00:37:00.034 +07:00 [INF] Executing OkObjectResult, writing value of type 'BlogApp.DTOs.TagListRespDTO'.
2026-06-28 00:37:00.034 +07:00 [INF] Executed action BlogApp.Controllers.TagController.GetTop5Tags (BlogApp) in 14.1401ms
2026-06-28 00:37:00.034 +07:00 [INF] Executed endpoint 'BlogApp.Controllers.TagController.GetTop5Tags (BlogApp)'
2026-06-28 00:37:00.034 +07:00 [INF] HTTP GET /api/tags/topfive responded 200 in 16.0960 ms
2026-06-28 00:37:00.034 +07:00 [INF] Request finished HTTP/1.1 GET http://localhost:5059/api/tags/topfive - 200 null application/json; charset=utf-8 17.5318ms
2026-06-28 00:37:06.726 +07:00 [INF] Request starting HTTP/1.1 OPTIONS http://localhost:5059/api/authen/check-valid-token - null null
2026-06-28 00:37:06.726 +07:00 [INF] CORS policy execution successful.
2026-06-28 00:37:06.726 +07:00 [INF] Request finished HTTP/1.1 OPTIONS http://localhost:5059/api/authen/check-valid-token - 204 null null 0.4734ms
2026-06-28 00:37:06.727 +07:00 [INF] Request starting HTTP/1.1 GET http://localhost:5059/api/authen/check-valid-token - application/json null
2026-06-28 00:37:06.727 +07:00 [INF] Request starting HTTP/1.1 OPTIONS http://localhost:5059/api/tags - null null
2026-06-28 00:37:06.727 +07:00 [INF] CORS policy execution successful.
2026-06-28 00:37:06.727 +07:00 [INF] CORS policy execution successful.
2026-06-28 00:37:06.727 +07:00 [INF] Request finished HTTP/1.1 OPTIONS http://localhost:5059/api/tags - 204 null null 0.3813ms
2026-06-28 00:37:06.728 +07:00 [INF] Executing endpoint 'BlogApp.Controllers.AuthenController.CheckValidToken (BlogApp)'
2026-06-28 00:37:06.728 +07:00 [INF] Route matched with {action = "CheckValidToken", controller = "Authen"}. Executing controller action with signature Microsoft.AspNetCore.Mvc.ActionResult`1[BlogApp.DTOs.ResponseBaseDTO] CheckValidToken() on controller BlogApp.Controllers.AuthenController (BlogApp).
2026-06-28 00:37:06.728 +07:00 [INF] Executing OkObjectResult, writing value of type 'BlogApp.DTOs.ResponseBaseDTO'.
2026-06-28 00:37:06.729 +07:00 [INF] Executed action BlogApp.Controllers.AuthenController.CheckValidToken (BlogApp) in 0.5982ms
2026-06-28 00:37:06.729 +07:00 [INF] Executed endpoint 'BlogApp.Controllers.AuthenController.CheckValidToken (BlogApp)'
2026-06-28 00:37:06.729 +07:00 [INF] HTTP GET /api/authen/check-valid-token responded 200 in 1.7651 ms
2026-06-28 00:37:06.729 +07:00 [INF] Request finished HTTP/1.1 GET http://localhost:5059/api/authen/check-valid-token - 200 null application/json; charset=utf-8 2.2011ms
2026-06-28 00:37:06.729 +07:00 [INF] Request starting HTTP/1.1 OPTIONS http://localhost:5059/api/tags/topfive - null null
2026-06-28 00:37:06.729 +07:00 [INF] Request starting HTTP/1.1 OPTIONS http://localhost:5059/api/blog/fivelatest - null null
2026-06-28 00:37:06.729 +07:00 [INF] Request starting HTTP/1.1 GET http://localhost:5059/api/tags - application/json null
2026-06-28 00:37:06.729 +07:00 [INF] Request starting HTTP/1.1 OPTIONS http://localhost:5059/api/blog/topfive - null null
2026-06-28 00:37:06.729 +07:00 [INF] CORS policy execution successful.
2026-06-28 00:37:06.729 +07:00 [INF] CORS policy execution successful.
2026-06-28 00:37:06.730 +07:00 [INF] Request finished HTTP/1.1 OPTIONS http://localhost:5059/api/tags/topfive - 204 null null 0.5421ms
2026-06-28 00:37:06.730 +07:00 [INF] CORS policy execution successful.
2026-06-28 00:37:06.730 +07:00 [INF] CORS policy execution successful.
2026-06-28 00:37:06.730 +07:00 [INF] Request finished HTTP/1.1 OPTIONS http://localhost:5059/api/blog/fivelatest - 204 null null 0.5784ms
2026-06-28 00:37:06.730 +07:00 [INF] Request finished HTTP/1.1 OPTIONS http://localhost:5059/api/blog/topfive - 204 null null 0.7442ms
2026-06-28 00:37:06.730 +07:00 [INF] Request starting HTTP/1.1 GET http://localhost:5059/api/authen/check-valid-token - application/json null
2026-06-28 00:37:06.730 +07:00 [INF] CORS policy execution successful.
2026-06-28 00:37:06.730 +07:00 [INF] Executing endpoint 'BlogApp.Controllers.TagController.GetAllTags (BlogApp)'
2026-06-28 00:37:06.731 +07:00 [INF] Route matched with {action = "GetAllTags", controller = "Tag"}. Executing controller action with signature Microsoft.AspNetCore.Mvc.ActionResult`1[BlogApp.DTOs.TagListRespDTO] GetAllTags() on controller BlogApp.Controllers.TagController (BlogApp).
2026-06-28 00:37:06.731 +07:00 [INF] Executing endpoint 'BlogApp.Controllers.AuthenController.CheckValidToken (BlogApp)'
2026-06-28 00:37:06.731 +07:00 [INF] Route matched with {action = "CheckValidToken", controller = "Authen"}. Executing controller action with signature Microsoft.AspNetCore.Mvc.ActionResult`1[BlogApp.DTOs.ResponseBaseDTO] CheckValidToken() on controller BlogApp.Controllers.AuthenController (BlogApp).
2026-06-28 00:37:06.731 +07:00 [INF] Request starting HTTP/1.1 GET http://localhost:5059/api/tags/topfive - application/json null
2026-06-28 00:37:06.731 +07:00 [INF] Executing OkObjectResult, writing value of type 'BlogApp.DTOs.ResponseBaseDTO'.
2026-06-28 00:37:06.731 +07:00 [INF] Request starting HTTP/1.1 GET http://localhost:5059/api/blog/fivelatest - application/json null
2026-06-28 00:37:06.731 +07:00 [INF] Request starting HTTP/1.1 GET http://localhost:5059/api/blog/topfive - application/json null
2026-06-28 00:37:06.731 +07:00 [INF] CORS policy execution successful.
2026-06-28 00:37:06.731 +07:00 [INF] CORS policy execution successful.
2026-06-28 00:37:06.731 +07:00 [INF] CORS policy execution successful.
2026-06-28 00:37:06.731 +07:00 [INF] Executed action BlogApp.Controllers.AuthenController.CheckValidToken (BlogApp) in 0.4611ms
2026-06-28 00:37:06.732 +07:00 [INF] Executed endpoint 'BlogApp.Controllers.AuthenController.CheckValidToken (BlogApp)'
2026-06-28 00:37:06.732 +07:00 [INF] HTTP GET /api/authen/check-valid-token responded 200 in 1.2020 ms
2026-06-28 00:37:06.732 +07:00 [INF] Executing endpoint 'BlogApp.Controllers.BlogController.Get5LatestBlogs (BlogApp)'
2026-06-28 00:37:06.732 +07:00 [INF] Executing endpoint 'BlogApp.Controllers.TagController.GetTop5Tags (BlogApp)'
2026-06-28 00:37:06.732 +07:00 [INF] Route matched with {action = "Get5LatestBlogs", controller = "Blog"}. Executing controller action with signature Microsoft.AspNetCore.Mvc.ActionResult Get5LatestBlogs() on controller BlogApp.Controllers.BlogController (BlogApp).
2026-06-28 00:37:06.732 +07:00 [INF] Request finished HTTP/1.1 GET http://localhost:5059/api/authen/check-valid-token - 200 null application/json; charset=utf-8 1.6898ms
2026-06-28 00:37:06.732 +07:00 [INF] Executing endpoint 'BlogApp.Controllers.BlogController.GetTop5Blogs (BlogApp)'
2026-06-28 00:37:06.732 +07:00 [INF] Route matched with {action = "GetTop5Tags", controller = "Tag"}. Executing controller action with signature Microsoft.AspNetCore.Mvc.ActionResult GetTop5Tags() on controller BlogApp.Controllers.TagController (BlogApp).
2026-06-28 00:37:06.732 +07:00 [INF] Route matched with {action = "GetTop5Blogs", controller = "Blog"}. Executing controller action with signature Microsoft.AspNetCore.Mvc.ActionResult GetTop5Blogs() on controller BlogApp.Controllers.BlogController (BlogApp).
2026-06-28 00:37:06.733 +07:00 [INF] Request starting HTTP/1.1 GET http://localhost:5059/api/authen/check-valid-token - application/json null
2026-06-28 00:37:06.733 +07:00 [INF] Executed DbCommand (1ms) [Parameters=[], CommandType='"Text"', CommandTimeout='30']
SELECT b."Id", b."AmountOfAccesses", b."AuthorId", b."Content", b."CoverImage", b."CreatedAt", b."PublishedAt", b."State", b."Tags", b."Title", b."UpdatedAt"
FROM "Blogs" AS b
ORDER BY b."CreatedAt" DESC
2026-06-28 00:37:06.733 +07:00 [INF] Executed DbCommand (1ms) [Parameters=[], CommandType='"Text"', CommandTimeout='30']
SELECT b."Id", b."AmountOfAccesses", b."AuthorId", b."Content", b."CoverImage", b."CreatedAt", b."PublishedAt", b."State", b."Tags", b."Title", b."UpdatedAt"
FROM "Blogs" AS b
ORDER BY b."CreatedAt" DESC
2026-06-28 00:37:06.733 +07:00 [INF] Executed DbCommand (2ms) [Parameters=[], CommandType='"Text"', CommandTimeout='30']
SELECT t."Name", t."CreatedAt", t."Description", t."UpdatedAt"
FROM "Tags" AS t
ORDER BY t."Name" DESC
2026-06-28 00:37:06.734 +07:00 [INF] CORS policy execution successful.
2026-06-28 00:37:06.734 +07:00 [INF] Executed DbCommand (1ms) [Parameters=[], CommandType='"Text"', CommandTimeout='30']

            SELECT tag AS Name, COUNT(*) AS blog_count
            FROM "Blogs", UNNEST("Tags") AS tag
            GROUP BY tag
            ORDER BY blog_count DESC
            LIMIT 5
2026-06-28 00:37:06.734 +07:00 [INF] Executing endpoint 'BlogApp.Controllers.AuthenController.CheckValidToken (BlogApp)'
2026-06-28 00:37:06.734 +07:00 [INF] Executing OkObjectResult, writing value of type 'BlogApp.DTOs.TagListRespDTO'.
2026-06-28 00:37:06.734 +07:00 [INF] Executing OkObjectResult, writing value of type 'BlogApp.DTOs.TagListRespDTO'.
2026-06-28 00:37:06.734 +07:00 [INF] Executing OkObjectResult, writing value of type 'BlogApp.DTOs.BlogListRespDTO'.
2026-06-28 00:37:06.734 +07:00 [INF] Executing OkObjectResult, writing value of type 'BlogApp.DTOs.BlogListRespDTO'.
2026-06-28 00:37:06.734 +07:00 [INF] Executed action BlogApp.Controllers.TagController.GetAllTags (BlogApp) in 3.667ms
2026-06-28 00:37:06.734 +07:00 [INF] Executed action BlogApp.Controllers.TagController.GetTop5Tags (BlogApp) in 2.2276ms
2026-06-28 00:37:06.734 +07:00 [INF] Route matched with {action = "CheckValidToken", controller = "Authen"}. Executing controller action with signature Microsoft.AspNetCore.Mvc.ActionResult`1[BlogApp.DTOs.ResponseBaseDTO] CheckValidToken() on controller BlogApp.Controllers.AuthenController (BlogApp).
2026-06-28 00:37:06.734 +07:00 [INF] Executed action BlogApp.Controllers.BlogController.GetTop5Blogs (BlogApp) in 2.2079ms
2026-06-28 00:37:06.734 +07:00 [INF] Executed action BlogApp.Controllers.BlogController.Get5LatestBlogs (BlogApp) in 2.5894ms
2026-06-28 00:37:06.734 +07:00 [INF] Executed endpoint 'BlogApp.Controllers.TagController.GetAllTags (BlogApp)'
2026-06-28 00:37:06.734 +07:00 [INF] Executed endpoint 'BlogApp.Controllers.TagController.GetTop5Tags (BlogApp)'
2026-06-28 00:37:06.735 +07:00 [INF] Executed endpoint 'BlogApp.Controllers.BlogController.GetTop5Blogs (BlogApp)'
2026-06-28 00:37:06.735 +07:00 [INF] Executed endpoint 'BlogApp.Controllers.BlogController.Get5LatestBlogs (BlogApp)'
2026-06-28 00:37:06.735 +07:00 [INF] Executing OkObjectResult, writing value of type 'BlogApp.DTOs.ResponseBaseDTO'.
2026-06-28 00:37:06.735 +07:00 [INF] HTTP GET /api/tags responded 200 in 4.7330 ms
2026-06-28 00:37:06.735 +07:00 [INF] HTTP GET /api/tags/topfive responded 200 in 3.3009 ms
2026-06-28 00:37:06.735 +07:00 [INF] HTTP GET /api/blog/topfive responded 200 in 3.3225 ms
2026-06-28 00:37:06.735 +07:00 [INF] HTTP GET /api/blog/fivelatest responded 200 in 3.3367 ms
2026-06-28 00:37:06.735 +07:00 [INF] Executed action BlogApp.Controllers.AuthenController.CheckValidToken (BlogApp) in 0.4617ms
2026-06-28 00:37:06.735 +07:00 [INF] Request finished HTTP/1.1 GET http://localhost:5059/api/tags - 200 null application/json; charset=utf-8 5.9316ms
2026-06-28 00:37:06.735 +07:00 [INF] Request finished HTTP/1.1 GET http://localhost:5059/api/tags/topfive - 200 null application/json; charset=utf-8 4.1799ms
2026-06-28 00:37:06.735 +07:00 [INF] Request finished HTTP/1.1 GET http://localhost:5059/api/blog/topfive - 200 null application/json; charset=utf-8 4.1134ms
2026-06-28 00:37:06.735 +07:00 [INF] Request finished HTTP/1.1 GET http://localhost:5059/api/blog/fivelatest - 200 null application/json; charset=utf-8 4.3268ms
2026-06-28 00:37:06.735 +07:00 [INF] Executed endpoint 'BlogApp.Controllers.AuthenController.CheckValidToken (BlogApp)'
2026-06-28 00:37:06.736 +07:00 [INF] HTTP GET /api/authen/check-valid-token responded 200 in 2.2160 ms
2026-06-28 00:37:06.736 +07:00 [INF] Request finished HTTP/1.1 GET http://localhost:5059/api/authen/check-valid-token - 200 null application/json; charset=utf-8 2.799ms
2026-06-28 00:37:06.737 +07:00 [INF] Request starting HTTP/1.1 GET http://localhost:5059/api/tags - application/json null
2026-06-28 00:37:06.737 +07:00 [INF] Request starting HTTP/1.1 GET http://localhost:5059/api/blog/fivelatest - application/json null
2026-06-28 00:37:06.737 +07:00 [INF] Request starting HTTP/1.1 GET http://localhost:5059/api/tags/topfive - application/json null
2026-06-28 00:37:06.737 +07:00 [INF] Request starting HTTP/1.1 GET http://localhost:5059/api/blog/topfive - application/json null
2026-06-28 00:37:06.737 +07:00 [INF] Request starting HTTP/1.1 GET http://localhost:5059/api/authen/check-valid-token - application/json null
2026-06-28 00:37:06.737 +07:00 [INF] CORS policy execution successful.
2026-06-28 00:37:06.737 +07:00 [INF] CORS policy execution successful.
2026-06-28 00:37:06.737 +07:00 [INF] CORS policy execution successful.
2026-06-28 00:37:06.737 +07:00 [INF] CORS policy execution successful.
2026-06-28 00:37:06.737 +07:00 [INF] CORS policy execution successful.
2026-06-28 00:37:06.738 +07:00 [INF] Executing endpoint 'BlogApp.Controllers.TagController.GetAllTags (BlogApp)'
2026-06-28 00:37:06.738 +07:00 [INF] Executing endpoint 'BlogApp.Controllers.BlogController.GetTop5Blogs (BlogApp)'
2026-06-28 00:37:06.738 +07:00 [INF] Executing endpoint 'BlogApp.Controllers.BlogController.Get5LatestBlogs (BlogApp)'
2026-06-28 00:37:06.738 +07:00 [INF] Executing endpoint 'BlogApp.Controllers.TagController.GetTop5Tags (BlogApp)'
2026-06-28 00:37:06.738 +07:00 [INF] Route matched with {action = "GetAllTags", controller = "Tag"}. Executing controller action with signature Microsoft.AspNetCore.Mvc.ActionResult`1[BlogApp.DTOs.TagListRespDTO] GetAllTags() on controller BlogApp.Controllers.TagController (BlogApp).
2026-06-28 00:37:06.738 +07:00 [INF] Executing endpoint 'BlogApp.Controllers.AuthenController.CheckValidToken (BlogApp)'
2026-06-28 00:37:06.738 +07:00 [INF] Route matched with {action = "GetTop5Blogs", controller = "Blog"}. Executing controller action with signature Microsoft.AspNetCore.Mvc.ActionResult GetTop5Blogs() on controller BlogApp.Controllers.BlogController (BlogApp).
2026-06-28 00:37:06.738 +07:00 [INF] Route matched with {action = "GetTop5Tags", controller = "Tag"}. Executing controller action with signature Microsoft.AspNetCore.Mvc.ActionResult GetTop5Tags() on controller BlogApp.Controllers.TagController (BlogApp).
2026-06-28 00:37:06.738 +07:00 [INF] Route matched with {action = "Get5LatestBlogs", controller = "Blog"}. Executing controller action with signature Microsoft.AspNetCore.Mvc.ActionResult Get5LatestBlogs() on controller BlogApp.Controllers.BlogController (BlogApp).
2026-06-28 00:37:06.738 +07:00 [INF] Route matched with {action = "CheckValidToken", controller = "Authen"}. Executing controller action with signature Microsoft.AspNetCore.Mvc.ActionResult`1[BlogApp.DTOs.ResponseBaseDTO] CheckValidToken() on controller BlogApp.Controllers.AuthenController (BlogApp).
2026-06-28 00:37:06.738 +07:00 [INF] Executing OkObjectResult, writing value of type 'BlogApp.DTOs.ResponseBaseDTO'.
2026-06-28 00:37:06.739 +07:00 [INF] Executed action BlogApp.Controllers.AuthenController.CheckValidToken (BlogApp) in 0.2807ms
2026-06-28 00:37:06.739 +07:00 [INF] Executed endpoint 'BlogApp.Controllers.AuthenController.CheckValidToken (BlogApp)'
2026-06-28 00:37:06.739 +07:00 [INF] HTTP GET /api/authen/check-valid-token responded 200 in 1.1229 ms
2026-06-28 00:37:06.739 +07:00 [INF] Request finished HTTP/1.1 GET http://localhost:5059/api/authen/check-valid-token - 200 null application/json; charset=utf-8 1.9006ms
2026-06-28 00:37:06.740 +07:00 [INF] Executed DbCommand (1ms) [Parameters=[], CommandType='"Text"', CommandTimeout='30']
SELECT b."Id", b."AmountOfAccesses", b."AuthorId", b."Content", b."CoverImage", b."CreatedAt", b."PublishedAt", b."State", b."Tags", b."Title", b."UpdatedAt"
FROM "Blogs" AS b
ORDER BY b."CreatedAt" DESC
2026-06-28 00:37:06.740 +07:00 [INF] Executed DbCommand (1ms) [Parameters=[], CommandType='"Text"', CommandTimeout='30']
SELECT b."Id", b."AmountOfAccesses", b."AuthorId", b."Content", b."CoverImage", b."CreatedAt", b."PublishedAt", b."State", b."Tags", b."Title", b."UpdatedAt"
FROM "Blogs" AS b
ORDER BY b."CreatedAt" DESC
2026-06-28 00:37:06.740 +07:00 [INF] Executed DbCommand (1ms) [Parameters=[], CommandType='"Text"', CommandTimeout='30']
SELECT t."Name", t."CreatedAt", t."Description", t."UpdatedAt"
FROM "Tags" AS t
ORDER BY t."Name" DESC
2026-06-28 00:37:06.740 +07:00 [INF] Executed DbCommand (1ms) [Parameters=[], CommandType='"Text"', CommandTimeout='30']

            SELECT tag AS Name, COUNT(*) AS blog_count
            FROM "Blogs", UNNEST("Tags") AS tag
            GROUP BY tag
            ORDER BY blog_count DESC
            LIMIT 5
2026-06-28 00:37:06.740 +07:00 [INF] Executing OkObjectResult, writing value of type 'BlogApp.DTOs.TagListRespDTO'.
2026-06-28 00:37:06.740 +07:00 [INF] Executing OkObjectResult, writing value of type 'BlogApp.DTOs.BlogListRespDTO'.
2026-06-28 00:37:06.740 +07:00 [INF] Executing OkObjectResult, writing value of type 'BlogApp.DTOs.BlogListRespDTO'.
2026-06-28 00:37:06.740 +07:00 [INF] Executed action BlogApp.Controllers.TagController.GetAllTags (BlogApp) in 2.4795ms
2026-06-28 00:37:06.741 +07:00 [INF] Executed action BlogApp.Controllers.BlogController.Get5LatestBlogs (BlogApp) in 2.2826ms
2026-06-28 00:37:06.740 +07:00 [INF] Executing OkObjectResult, writing value of type 'BlogApp.DTOs.TagListRespDTO'.
2026-06-28 00:37:06.741 +07:00 [INF] Executed endpoint 'BlogApp.Controllers.TagController.GetAllTags (BlogApp)'
2026-06-28 00:37:06.741 +07:00 [INF] Executed action BlogApp.Controllers.BlogController.GetTop5Blogs (BlogApp) in 2.4691ms
2026-06-28 00:37:06.741 +07:00 [INF] Executed endpoint 'BlogApp.Controllers.BlogController.Get5LatestBlogs (BlogApp)'
2026-06-28 00:37:06.741 +07:00 [INF] Executed action BlogApp.Controllers.TagController.GetTop5Tags (BlogApp) in 2.5946ms
2026-06-28 00:37:06.741 +07:00 [INF] HTTP GET /api/tags responded 200 in 3.3127 ms
2026-06-28 00:37:06.741 +07:00 [INF] Executed endpoint 'BlogApp.Controllers.BlogController.GetTop5Blogs (BlogApp)'
2026-06-28 00:37:06.741 +07:00 [INF] Request finished HTTP/1.1 GET http://localhost:5059/api/tags - 200 null application/json; charset=utf-8 4.1993ms
2026-06-28 00:37:06.741 +07:00 [INF] Executed endpoint 'BlogApp.Controllers.TagController.GetTop5Tags (BlogApp)'
2026-06-28 00:37:06.741 +07:00 [INF] HTTP GET /api/blog/fivelatest responded 200 in 3.3680 ms
2026-06-28 00:37:06.741 +07:00 [INF] HTTP GET /api/blog/topfive responded 200 in 3.4815 ms
2026-06-28 00:37:06.741 +07:00 [INF] Request finished HTTP/1.1 GET http://localhost:5059/api/blog/fivelatest - 200 null application/json; charset=utf-8 4.5319ms
2026-06-28 00:37:06.741 +07:00 [INF] HTTP GET /api/tags/topfive responded 200 in 3.6832 ms
2026-06-28 00:37:06.741 +07:00 [INF] Request finished HTTP/1.1 GET http://localhost:5059/api/blog/topfive - 200 null application/json; charset=utf-8 4.4897ms
2026-06-28 00:37:06.742 +07:00 [INF] Request finished HTTP/1.1 GET http://localhost:5059/api/tags/topfive - 200 null application/json; charset=utf-8 4.6874ms
2026-06-28 00:37:27.536 +07:00 [INF] Request starting HTTP/1.1 OPTIONS http://localhost:5059/api/authen/login - null null
2026-06-28 00:37:27.536 +07:00 [INF] CORS policy execution successful.
2026-06-28 00:37:27.537 +07:00 [INF] Request finished HTTP/1.1 OPTIONS http://localhost:5059/api/authen/login - 204 null null 0.813ms
2026-06-28 00:37:27.538 +07:00 [INF] Request starting HTTP/1.1 POST http://localhost:5059/api/authen/login - application/json 2
2026-06-28 00:37:27.538 +07:00 [INF] CORS policy execution successful.
2026-06-28 00:37:27.539 +07:00 [INF] Executing endpoint 'BlogApp.Controllers.AuthenController.LoginUser (BlogApp)'
2026-06-28 00:37:27.539 +07:00 [INF] Route matched with {action = "LoginUser", controller = "Authen"}. Executing controller action with signature Microsoft.AspNetCore.Mvc.ActionResult`1[BlogApp.DTOs.LoginRespDTO] LoginUser(BlogApp.DTOs.LoginDTO) on controller BlogApp.Controllers.AuthenController (BlogApp).
2026-06-28 00:37:27.540 +07:00 [INF] Executing BadRequestObjectResult, writing value of type 'Microsoft.AspNetCore.Mvc.ValidationProblemDetails'.
2026-06-28 00:37:27.540 +07:00 [INF] Executed action BlogApp.Controllers.AuthenController.LoginUser (BlogApp) in 1.0539ms
2026-06-28 00:37:27.540 +07:00 [INF] Executed endpoint 'BlogApp.Controllers.AuthenController.LoginUser (BlogApp)'
2026-06-28 00:37:27.540 +07:00 [INF] HTTP POST /api/authen/login responded 400 in 1.6029 ms
2026-06-28 00:37:27.540 +07:00 [INF] Request finished HTTP/1.1 POST http://localhost:5059/api/authen/login - 400 null application/problem+json; charset=utf-8 1.9771ms
2026-06-28 00:38:44.623 +07:00 [INF] User profile is available. Using '/home/kieudangkimbao2000/.aspnet/DataProtection-Keys' as key repository; keys will not be encrypted at rest.
2026-06-28 00:38:44.831 +07:00 [WRN] The ASP.NET Core developer certificate is not trusted. For information about trusting the ASP.NET Core developer certificate, see https://aka.ms/aspnet/https-trust-dev-cert
2026-06-28 00:38:44.848 +07:00 [INF] Now listening on: https://localhost:7065
2026-06-28 00:38:44.849 +07:00 [INF] Now listening on: http://localhost:5059
2026-06-28 00:38:44.851 +07:00 [INF] Application started. Press Ctrl+C to shut down.
2026-06-28 00:38:44.851 +07:00 [INF] Hosting environment: Development
2026-06-28 00:38:44.851 +07:00 [INF] Content root path: /home/kieudangkimbao2000/WorkSpace/BlogApp/backend
2026-06-28 00:38:55.324 +07:00 [INF] Request starting HTTP/1.1 OPTIONS http://localhost:5059/api/authen/login - null null
2026-06-28 00:38:55.355 +07:00 [INF] CORS policy execution successful.
2026-06-28 00:38:55.365 +07:00 [INF] Request finished HTTP/1.1 OPTIONS http://localhost:5059/api/authen/login - 204 null null 42.1205ms
2026-06-28 00:38:55.368 +07:00 [INF] Request starting HTTP/1.1 POST http://localhost:5059/api/authen/login - application/json 246
2026-06-28 00:38:55.370 +07:00 [INF] CORS policy execution successful.
2026-06-28 00:38:55.398 +07:00 [INF] Executing endpoint 'BlogApp.Controllers.AuthenController.LoginUser (BlogApp)'
2026-06-28 00:38:55.419 +07:00 [INF] Route matched with {action = "LoginUser", controller = "Authen"}. Executing controller action with signature Microsoft.AspNetCore.Mvc.ActionResult`1[BlogApp.DTOs.LoginRespDTO] LoginUser(BlogApp.DTOs.LoginDTO) on controller BlogApp.Controllers.AuthenController (BlogApp).
2026-06-28 00:38:55.530 +07:00 [INF] Executing BadRequestObjectResult, writing value of type 'Microsoft.AspNetCore.Mvc.ValidationProblemDetails'.
2026-06-28 00:38:55.557 +07:00 [INF] Executed action BlogApp.Controllers.AuthenController.LoginUser (BlogApp) in 135.7866ms
2026-06-28 00:38:55.558 +07:00 [INF] Executed endpoint 'BlogApp.Controllers.AuthenController.LoginUser (BlogApp)'
2026-06-28 00:38:55.559 +07:00 [INF] HTTP POST /api/authen/login responded 400 in 186.5373 ms
2026-06-28 00:38:55.561 +07:00 [INF] Request finished HTTP/1.1 POST http://localhost:5059/api/authen/login - 400 null application/problem+json; charset=utf-8 193.4428ms
2026-06-28 00:40:12.494 +07:00 [INF] Request starting HTTP/1.1 OPTIONS http://localhost:5059/api/authen/login - null null
2026-06-28 00:40:12.496 +07:00 [INF] CORS policy execution successful.
2026-06-28 00:40:12.496 +07:00 [INF] Request finished HTTP/1.1 OPTIONS http://localhost:5059/api/authen/login - 204 null null 2.3206ms
2026-06-28 00:40:12.497 +07:00 [INF] Request starting HTTP/1.1 POST http://localhost:5059/api/authen/login - multipart/form-data; boundary=----WebKitFormBoundaryz2ujh9YALlfTuO5Z 246
2026-06-28 00:40:12.497 +07:00 [INF] CORS policy execution successful.
2026-06-28 00:40:12.498 +07:00 [INF] Executing endpoint 'BlogApp.Controllers.AuthenController.LoginUser (BlogApp)'
2026-06-28 00:40:12.519 +07:00 [INF] Route matched with {action = "LoginUser", controller = "Authen"}. Executing controller action with signature Microsoft.AspNetCore.Mvc.ActionResult`1[BlogApp.DTOs.LoginRespDTO] LoginUser(BlogApp.DTOs.LoginDTO) on controller BlogApp.Controllers.AuthenController (BlogApp).
2026-06-28 00:40:15.159 +07:00 [INF] Executed DbCommand (41ms) [Parameters=[@username='?'], CommandType='"Text"', CommandTimeout='30']
SELECT a."Username", a."Address", a."Avatar", a."CreatedAt", a."Description", a."Email", a."FullName", a."Functions", a."OtherContact", a."Password", a."Phone", a."Role", a."State", a."UpdatedAt"
FROM "Accounts" AS a
WHERE a."Username" = @username
LIMIT 1
2026-06-28 00:40:15.535 +07:00 [INF] Executing OkObjectResult, writing value of type 'BlogApp.DTOs.LoginRespDTO'.
2026-06-28 00:40:15.540 +07:00 [INF] Executed action BlogApp.Controllers.AuthenController.LoginUser (BlogApp) in 3020.4505ms
2026-06-28 00:40:15.540 +07:00 [INF] Executed endpoint 'BlogApp.Controllers.AuthenController.LoginUser (BlogApp)'
2026-06-28 00:40:15.540 +07:00 [INF] HTTP POST /api/authen/login responded 200 in 3042.7142 ms
2026-06-28 00:40:15.546 +07:00 [INF] Request finished HTTP/1.1 POST http://localhost:5059/api/authen/login - 200 null application/json; charset=utf-8 3048.6102ms
2026-06-28 00:40:17.617 +07:00 [INF] Request starting HTTP/1.1 OPTIONS http://localhost:5059/api/blog/search - null null
2026-06-28 00:40:17.617 +07:00 [INF] CORS policy execution successful.
2026-06-28 00:40:17.617 +07:00 [INF] Request finished HTTP/1.1 OPTIONS http://localhost:5059/api/blog/search - 204 null null 0.8711ms
2026-06-28 00:40:17.618 +07:00 [INF] Request starting HTTP/1.1 OPTIONS http://localhost:5059/api/authen/check-valid-token - null null
2026-06-28 00:40:17.618 +07:00 [INF] Request starting HTTP/1.1 OPTIONS http://localhost:5059/api/tags/topfive - null null
2026-06-28 00:40:17.618 +07:00 [INF] CORS policy execution successful.
2026-06-28 00:40:17.619 +07:00 [INF] Request starting HTTP/1.1 OPTIONS http://localhost:5059/api/blog/fivelatest - null null
2026-06-28 00:40:17.619 +07:00 [INF] Request finished HTTP/1.1 OPTIONS http://localhost:5059/api/authen/check-valid-token - 204 null null 0.9609ms
2026-06-28 00:40:17.619 +07:00 [INF] Request starting HTTP/1.1 POST http://localhost:5059/api/blog/search - multipart/form-data; boundary=----WebKitFormBoundaryRbr24jhvHq9dX6WB 528
2026-06-28 00:40:17.619 +07:00 [INF] Request starting HTTP/1.1 OPTIONS http://localhost:5059/api/blog/topfive - null null
2026-06-28 00:40:17.619 +07:00 [INF] CORS policy execution successful.
2026-06-28 00:40:17.619 +07:00 [INF] Request starting HTTP/1.1 GET http://localhost:5059/api/authen/check-valid-token - application/json null
2026-06-28 00:40:17.620 +07:00 [INF] Request finished HTTP/1.1 OPTIONS http://localhost:5059/api/tags/topfive - 204 null null 1.932ms
2026-06-28 00:40:17.620 +07:00 [INF] CORS policy execution successful.
2026-06-28 00:40:17.620 +07:00 [INF] Request starting HTTP/1.1 GET http://localhost:5059/api/tags/topfive - application/json null
2026-06-28 00:40:17.620 +07:00 [INF] CORS policy execution successful.
2026-06-28 00:40:17.620 +07:00 [INF] CORS policy execution successful.
2026-06-28 00:40:17.620 +07:00 [INF] CORS policy execution successful.
2026-06-28 00:40:17.620 +07:00 [INF] CORS policy execution successful.
2026-06-28 00:40:17.620 +07:00 [INF] Request finished HTTP/1.1 OPTIONS http://localhost:5059/api/blog/topfive - 204 null null 1.1433ms
2026-06-28 00:40:17.620 +07:00 [INF] Request finished HTTP/1.1 OPTIONS http://localhost:5059/api/blog/fivelatest - 204 null null 1.9254ms
2026-06-28 00:40:17.642 +07:00 [INF] Request starting HTTP/1.1 GET http://localhost:5059/api/blog/fivelatest - application/json null
2026-06-28 00:40:17.642 +07:00 [INF] Request starting HTTP/1.1 GET http://localhost:5059/api/blog/topfive - application/json null
2026-06-28 00:40:17.642 +07:00 [INF] CORS policy execution successful.
2026-06-28 00:40:17.642 +07:00 [INF] CORS policy execution successful.
2026-06-28 00:40:17.682 +07:00 [INF] Executing endpoint 'BlogApp.Controllers.TagController.GetTop5Tags (BlogApp)'
2026-06-28 00:40:17.682 +07:00 [INF] Executing endpoint 'BlogApp.Controllers.BlogController.GetTop5Blogs (BlogApp)'
2026-06-28 00:40:17.682 +07:00 [INF] Executing endpoint 'BlogApp.Controllers.BlogController.Get5LatestBlogs (BlogApp)'
2026-06-28 00:40:17.682 +07:00 [INF] Executing endpoint 'BlogApp.Controllers.BlogController.SearchBlogs (BlogApp)'
2026-06-28 00:40:17.684 +07:00 [INF] Route matched with {action = "GetTop5Tags", controller = "Tag"}. Executing controller action with signature Microsoft.AspNetCore.Mvc.ActionResult GetTop5Tags() on controller BlogApp.Controllers.TagController (BlogApp).
2026-06-28 00:40:17.684 +07:00 [INF] Route matched with {action = "GetTop5Blogs", controller = "Blog"}. Executing controller action with signature Microsoft.AspNetCore.Mvc.ActionResult GetTop5Blogs() on controller BlogApp.Controllers.BlogController (BlogApp).
2026-06-28 00:40:17.684 +07:00 [INF] Route matched with {action = "Get5LatestBlogs", controller = "Blog"}. Executing controller action with signature Microsoft.AspNetCore.Mvc.ActionResult Get5LatestBlogs() on controller BlogApp.Controllers.BlogController (BlogApp).
2026-06-28 00:40:17.684 +07:00 [INF] Route matched with {action = "SearchBlogs", controller = "Blog"}. Executing controller action with signature Microsoft.AspNetCore.Mvc.ActionResult SearchBlogs(BlogApp.DTOs.SearchBlogReqDTO) on controller BlogApp.Controllers.BlogController (BlogApp).
2026-06-28 00:40:17.685 +07:00 [INF] Executing endpoint 'BlogApp.Controllers.AuthenController.CheckValidToken (BlogApp)'
2026-06-28 00:40:17.686 +07:00 [INF] Route matched with {action = "CheckValidToken", controller = "Authen"}. Executing controller action with signature Microsoft.AspNetCore.Mvc.ActionResult`1[BlogApp.DTOs.ResponseBaseDTO] CheckValidToken() on controller BlogApp.Controllers.AuthenController (BlogApp).
2026-06-28 00:40:17.689 +07:00 [INF] Executing OkObjectResult, writing value of type 'BlogApp.DTOs.ResponseBaseDTO'.
2026-06-28 00:40:17.691 +07:00 [INF] Executing ObjectResult, writing value of type 'Microsoft.AspNetCore.Mvc.ProblemDetails'.
2026-06-28 00:40:17.691 +07:00 [INF] Executed action BlogApp.Controllers.AuthenController.CheckValidToken (BlogApp) in 5.1178ms
2026-06-28 00:40:17.691 +07:00 [INF] Executed endpoint 'BlogApp.Controllers.AuthenController.CheckValidToken (BlogApp)'
2026-06-28 00:40:17.691 +07:00 [INF] HTTP GET /api/authen/check-valid-token responded 200 in 71.2328 ms
2026-06-28 00:40:17.691 +07:00 [INF] Request finished HTTP/1.1 GET http://localhost:5059/api/authen/check-valid-token - 200 null application/json; charset=utf-8 72.0401ms
2026-06-28 00:40:17.693 +07:00 [INF] Executed action BlogApp.Controllers.BlogController.SearchBlogs (BlogApp) in 9.0182ms
2026-06-28 00:40:17.693 +07:00 [INF] Executed endpoint 'BlogApp.Controllers.BlogController.SearchBlogs (BlogApp)'
2026-06-28 00:40:17.693 +07:00 [INF] HTTP POST /api/blog/search responded 415 in 72.7713 ms
2026-06-28 00:40:17.693 +07:00 [INF] Request finished HTTP/1.1 POST http://localhost:5059/api/blog/search - 415 null application/problem+json; charset=utf-8 74.6095ms
2026-06-28 00:40:17.706 +07:00 [INF] Executed DbCommand (3ms) [Parameters=[], CommandType='"Text"', CommandTimeout='30']
SELECT b."Id", b."AmountOfAccesses", b."AuthorId", b."Content", b."CoverImage", b."CreatedAt", b."PublishedAt", b."State", b."Tags", b."Title", b."UpdatedAt"
FROM "Blogs" AS b
ORDER BY b."CreatedAt" DESC
2026-06-28 00:40:17.710 +07:00 [INF] Executed DbCommand (2ms) [Parameters=[], CommandType='"Text"', CommandTimeout='30']
SELECT b."Id", b."AmountOfAccesses", b."AuthorId", b."Content", b."CoverImage", b."CreatedAt", b."PublishedAt", b."State", b."Tags", b."Title", b."UpdatedAt"
FROM "Blogs" AS b
ORDER BY b."CreatedAt" DESC
2026-06-28 00:40:17.722 +07:00 [INF] Executed DbCommand (2ms) [Parameters=[], CommandType='"Text"', CommandTimeout='30']

            SELECT tag AS Name, COUNT(*) AS blog_count
            FROM "Blogs", UNNEST("Tags") AS tag
            GROUP BY tag
            ORDER BY blog_count DESC
            LIMIT 5
2026-06-28 00:40:17.727 +07:00 [INF] Executing OkObjectResult, writing value of type 'BlogApp.DTOs.TagListRespDTO'.
2026-06-28 00:40:17.735 +07:00 [INF] Executed action BlogApp.Controllers.TagController.GetTop5Tags (BlogApp) in 51.0878ms
2026-06-28 00:40:17.735 +07:00 [INF] Executed endpoint 'BlogApp.Controllers.TagController.GetTop5Tags (BlogApp)'
2026-06-28 00:40:17.735 +07:00 [INF] HTTP GET /api/tags/topfive responded 200 in 114.7122 ms
2026-06-28 00:40:17.735 +07:00 [INF] Request finished HTTP/1.1 GET http://localhost:5059/api/tags/topfive - 200 null application/json; charset=utf-8 115.3057ms
2026-06-28 00:40:17.737 +07:00 [INF] Executing OkObjectResult, writing value of type 'BlogApp.DTOs.BlogListRespDTO'.
2026-06-28 00:40:17.737 +07:00 [INF] Executing OkObjectResult, writing value of type 'BlogApp.DTOs.BlogListRespDTO'.
2026-06-28 00:40:17.746 +07:00 [INF] Executed action BlogApp.Controllers.BlogController.GetTop5Blogs (BlogApp) in 62.4328ms
2026-06-28 00:40:17.746 +07:00 [INF] Executed action BlogApp.Controllers.BlogController.Get5LatestBlogs (BlogApp) in 62.3249ms
2026-06-28 00:40:17.747 +07:00 [INF] Executed endpoint 'BlogApp.Controllers.BlogController.Get5LatestBlogs (BlogApp)'
2026-06-28 00:40:17.747 +07:00 [INF] Executed endpoint 'BlogApp.Controllers.BlogController.GetTop5Blogs (BlogApp)'
2026-06-28 00:40:17.747 +07:00 [INF] HTTP GET /api/blog/fivelatest responded 200 in 104.6693 ms
2026-06-28 00:40:17.747 +07:00 [INF] HTTP GET /api/blog/topfive responded 200 in 104.6602 ms
2026-06-28 00:40:17.747 +07:00 [INF] Request finished HTTP/1.1 GET http://localhost:5059/api/blog/fivelatest - 200 null application/json; charset=utf-8 105.307ms
2026-06-28 00:40:17.747 +07:00 [INF] Request finished HTTP/1.1 GET http://localhost:5059/api/blog/topfive - 200 null application/json; charset=utf-8 105.3753ms
2026-06-28 00:40:18.698 +07:00 [INF] Request starting HTTP/1.1 POST http://localhost:5059/api/blog/search - multipart/form-data; boundary=----WebKitFormBoundaryV5dPbMucdJXy8j8y 528
2026-06-28 00:40:18.699 +07:00 [INF] CORS policy execution successful.
2026-06-28 00:40:18.699 +07:00 [INF] Request starting HTTP/1.1 GET http://localhost:5059/api/authen/check-valid-token - application/json null
2026-06-28 00:40:18.700 +07:00 [INF] CORS policy execution successful.
2026-06-28 00:40:18.700 +07:00 [INF] Request starting HTTP/1.1 GET http://localhost:5059/api/tags/topfive - application/json null
2026-06-28 00:40:18.701 +07:00 [INF] CORS policy execution successful.
2026-06-28 00:40:18.701 +07:00 [INF] Request starting HTTP/1.1 GET http://localhost:5059/api/blog/fivelatest - application/json null
2026-06-28 00:40:18.702 +07:00 [INF] CORS policy execution successful.
2026-06-28 00:40:18.702 +07:00 [INF] Request starting HTTP/1.1 GET http://localhost:5059/api/blog/topfive - application/json null
2026-06-28 00:40:18.703 +07:00 [INF] CORS policy execution successful.
2026-06-28 00:40:18.703 +07:00 [INF] Executing endpoint 'BlogApp.Controllers.BlogController.SearchBlogs (BlogApp)'
2026-06-28 00:40:18.703 +07:00 [INF] Executing endpoint 'BlogApp.Controllers.BlogController.Get5LatestBlogs (BlogApp)'
2026-06-28 00:40:18.703 +07:00 [INF] Executing endpoint 'BlogApp.Controllers.BlogController.GetTop5Blogs (BlogApp)'
2026-06-28 00:40:18.704 +07:00 [INF] Executing endpoint 'BlogApp.Controllers.AuthenController.CheckValidToken (BlogApp)'
2026-06-28 00:40:18.703 +07:00 [INF] Executing endpoint 'BlogApp.Controllers.TagController.GetTop5Tags (BlogApp)'
2026-06-28 00:40:18.704 +07:00 [INF] Route matched with {action = "CheckValidToken", controller = "Authen"}. Executing controller action with signature Microsoft.AspNetCore.Mvc.ActionResult`1[BlogApp.DTOs.ResponseBaseDTO] CheckValidToken() on controller BlogApp.Controllers.AuthenController (BlogApp).
2026-06-28 00:40:18.705 +07:00 [INF] Route matched with {action = "GetTop5Tags", controller = "Tag"}. Executing controller action with signature Microsoft.AspNetCore.Mvc.ActionResult GetTop5Tags() on controller BlogApp.Controllers.TagController (BlogApp).
2026-06-28 00:40:18.704 +07:00 [INF] Route matched with {action = "GetTop5Blogs", controller = "Blog"}. Executing controller action with signature Microsoft.AspNetCore.Mvc.ActionResult GetTop5Blogs() on controller BlogApp.Controllers.BlogController (BlogApp).
2026-06-28 00:40:18.704 +07:00 [INF] Route matched with {action = "SearchBlogs", controller = "Blog"}. Executing controller action with signature Microsoft.AspNetCore.Mvc.ActionResult SearchBlogs(BlogApp.DTOs.SearchBlogReqDTO) on controller BlogApp.Controllers.BlogController (BlogApp).
2026-06-28 00:40:18.706 +07:00 [INF] Executing OkObjectResult, writing value of type 'BlogApp.DTOs.ResponseBaseDTO'.
2026-06-28 00:40:18.704 +07:00 [INF] Route matched with {action = "Get5LatestBlogs", controller = "Blog"}. Executing controller action with signature Microsoft.AspNetCore.Mvc.ActionResult Get5LatestBlogs() on controller BlogApp.Controllers.BlogController (BlogApp).
2026-06-28 00:40:18.706 +07:00 [INF] Executed action BlogApp.Controllers.AuthenController.CheckValidToken (BlogApp) in 1.2643ms
2026-06-28 00:40:18.706 +07:00 [INF] Executed endpoint 'BlogApp.Controllers.AuthenController.CheckValidToken (BlogApp)'
2026-06-28 00:40:18.706 +07:00 [INF] HTTP GET /api/authen/check-valid-token responded 200 in 6.4339 ms
2026-06-28 00:40:18.707 +07:00 [INF] Request finished HTTP/1.1 GET http://localhost:5059/api/authen/check-valid-token - 200 null application/json; charset=utf-8 7.6085ms
2026-06-28 00:40:18.709 +07:00 [INF] Executing ObjectResult, writing value of type 'Microsoft.AspNetCore.Mvc.ProblemDetails'.
2026-06-28 00:40:18.709 +07:00 [INF] Executed action BlogApp.Controllers.BlogController.SearchBlogs (BlogApp) in 3.3062ms
2026-06-28 00:40:18.709 +07:00 [INF] Executed endpoint 'BlogApp.Controllers.BlogController.SearchBlogs (BlogApp)'
2026-06-28 00:40:18.709 +07:00 [INF] HTTP POST /api/blog/search responded 415 in 10.0109 ms
2026-06-28 00:40:18.709 +07:00 [INF] Request finished HTTP/1.1 POST http://localhost:5059/api/blog/search - 415 null application/problem+json; charset=utf-8 11.2794ms
2026-06-28 00:40:18.764 +07:00 [INF] Executed DbCommand (1ms) [Parameters=[], CommandType='"Text"', CommandTimeout='30']
SELECT b."Id", b."AmountOfAccesses", b."AuthorId", b."Content", b."CoverImage", b."CreatedAt", b."PublishedAt", b."State", b."Tags", b."Title", b."UpdatedAt"
FROM "Blogs" AS b
ORDER BY b."CreatedAt" DESC
2026-06-28 00:40:18.764 +07:00 [INF] Executed DbCommand (2ms) [Parameters=[], CommandType='"Text"', CommandTimeout='30']
SELECT b."Id", b."AmountOfAccesses", b."AuthorId", b."Content", b."CoverImage", b."CreatedAt", b."PublishedAt", b."State", b."Tags", b."Title", b."UpdatedAt"
FROM "Blogs" AS b
ORDER BY b."CreatedAt" DESC
2026-06-28 00:40:18.765 +07:00 [INF] Executed DbCommand (2ms) [Parameters=[], CommandType='"Text"', CommandTimeout='30']

            SELECT tag AS Name, COUNT(*) AS blog_count
            FROM "Blogs", UNNEST("Tags") AS tag
            GROUP BY tag
            ORDER BY blog_count DESC
            LIMIT 5
2026-06-28 00:40:18.765 +07:00 [INF] Executing OkObjectResult, writing value of type 'BlogApp.DTOs.TagListRespDTO'.
2026-06-28 00:40:18.765 +07:00 [INF] Executing OkObjectResult, writing value of type 'BlogApp.DTOs.BlogListRespDTO'.
2026-06-28 00:40:18.765 +07:00 [INF] Executing OkObjectResult, writing value of type 'BlogApp.DTOs.BlogListRespDTO'.
2026-06-28 00:40:18.766 +07:00 [INF] Executed action BlogApp.Controllers.TagController.GetTop5Tags (BlogApp) in 60.6175ms
2026-06-28 00:40:18.766 +07:00 [INF] Executed action BlogApp.Controllers.BlogController.GetTop5Blogs (BlogApp) in 60.3208ms
2026-06-28 00:40:18.766 +07:00 [INF] Executed endpoint 'BlogApp.Controllers.TagController.GetTop5Tags (BlogApp)'
2026-06-28 00:40:18.766 +07:00 [INF] Executed endpoint 'BlogApp.Controllers.BlogController.GetTop5Blogs (BlogApp)'
2026-06-28 00:40:18.766 +07:00 [INF] Executed action BlogApp.Controllers.BlogController.Get5LatestBlogs (BlogApp) in 59.8039ms
2026-06-28 00:40:18.766 +07:00 [INF] HTTP GET /api/tags/topfive responded 200 in 64.6857 ms
2026-06-28 00:40:18.766 +07:00 [INF] HTTP GET /api/blog/topfive responded 200 in 63.0953 ms
2026-06-28 00:40:18.766 +07:00 [INF] Executed endpoint 'BlogApp.Controllers.BlogController.Get5LatestBlogs (BlogApp)'
2026-06-28 00:40:18.766 +07:00 [INF] HTTP GET /api/blog/fivelatest responded 200 in 64.4398 ms
2026-06-28 00:40:18.766 +07:00 [INF] Request finished HTTP/1.1 GET http://localhost:5059/api/blog/topfive - 200 null application/json; charset=utf-8 64.3763ms
2026-06-28 00:40:18.766 +07:00 [INF] Request finished HTTP/1.1 GET http://localhost:5059/api/tags/topfive - 200 null application/json; charset=utf-8 65.9828ms
2026-06-28 00:40:18.767 +07:00 [INF] Request finished HTTP/1.1 GET http://localhost:5059/api/blog/fivelatest - 200 null application/json; charset=utf-8 65.3748ms
2026-06-28 14:04:50.756 +07:00 [INF] User profile is available. Using '/home/kieudangkimbao2000/.aspnet/DataProtection-Keys' as key repository; keys will not be encrypted at rest.
2026-06-28 14:04:50.971 +07:00 [WRN] The ASP.NET Core developer certificate is not trusted. For information about trusting the ASP.NET Core developer certificate, see https://aka.ms/aspnet/https-trust-dev-cert
2026-06-28 14:04:50.985 +07:00 [INF] Now listening on: https://localhost:7065
2026-06-28 14:04:50.986 +07:00 [INF] Now listening on: http://localhost:5059
2026-06-28 14:04:50.987 +07:00 [INF] Application started. Press Ctrl+C to shut down.
2026-06-28 14:04:50.987 +07:00 [INF] Hosting environment: Development
2026-06-28 14:04:50.987 +07:00 [INF] Content root path: /home/kieudangkimbao2000/WorkSpace/BlogApp/backend
2026-06-28 14:05:04.417 +07:00 [INF] Request starting HTTP/1.1 OPTIONS http://localhost:5059/api/authen/check-valid-token - null null
2026-06-28 14:05:04.417 +07:00 [INF] Request starting HTTP/1.1 OPTIONS http://localhost:5059/api/tags - null null
2026-06-28 14:05:04.417 +07:00 [INF] Request starting HTTP/1.1 OPTIONS http://localhost:5059/api/blog/fivelatest - null null
2026-06-28 14:05:04.417 +07:00 [INF] Request starting HTTP/1.1 OPTIONS http://localhost:5059/api/tags/topfive - null null
2026-06-28 14:05:04.417 +07:00 [INF] Request starting HTTP/1.1 OPTIONS http://localhost:5059/api/blog/topfive - null null
2026-06-28 14:05:04.417 +07:00 [INF] Request starting HTTP/1.1 OPTIONS http://localhost:5059/api/authen/check-valid-token - null null
2026-06-28 14:05:04.445 +07:00 [INF] CORS policy execution successful.
2026-06-28 14:05:04.445 +07:00 [INF] CORS policy execution successful.
2026-06-28 14:05:04.445 +07:00 [INF] CORS policy execution successful.
2026-06-28 14:05:04.445 +07:00 [INF] CORS policy execution successful.
2026-06-28 14:05:04.445 +07:00 [INF] CORS policy execution successful.
2026-06-28 14:05:04.445 +07:00 [INF] CORS policy execution successful.
2026-06-28 14:05:04.451 +07:00 [INF] Request finished HTTP/1.1 OPTIONS http://localhost:5059/api/authen/check-valid-token - 204 null null 35.5071ms
2026-06-28 14:05:04.451 +07:00 [INF] Request finished HTTP/1.1 OPTIONS http://localhost:5059/api/tags/topfive - 204 null null 35.3379ms
2026-06-28 14:05:04.451 +07:00 [INF] Request finished HTTP/1.1 OPTIONS http://localhost:5059/api/tags - 204 null null 35.5109ms
2026-06-28 14:05:04.451 +07:00 [INF] Request finished HTTP/1.1 OPTIONS http://localhost:5059/api/blog/fivelatest - 204 null null 35.5157ms
2026-06-28 14:05:04.451 +07:00 [INF] Request finished HTTP/1.1 OPTIONS http://localhost:5059/api/blog/topfive - 204 null null 35.3397ms
2026-06-28 14:05:04.451 +07:00 [INF] Request finished HTTP/1.1 OPTIONS http://localhost:5059/api/authen/check-valid-token - 204 null null 35.5026ms
2026-06-28 14:05:04.454 +07:00 [INF] Request starting HTTP/1.1 OPTIONS http://localhost:5059/api/authen/check-valid-token - null null
2026-06-28 14:05:04.454 +07:00 [INF] Request starting HTTP/1.1 OPTIONS http://localhost:5059/api/blog/topfive - null null
2026-06-28 14:05:04.455 +07:00 [INF] Request starting HTTP/1.1 OPTIONS http://localhost:5059/api/authen/check-valid-token - null null
2026-06-28 14:05:04.455 +07:00 [INF] Request starting HTTP/1.1 OPTIONS http://localhost:5059/api/tags/topfive - null null
2026-06-28 14:05:04.455 +07:00 [INF] Request starting HTTP/1.1 OPTIONS http://localhost:5059/api/tags - null null
2026-06-28 14:05:04.455 +07:00 [INF] Request starting HTTP/1.1 OPTIONS http://localhost:5059/api/blog/fivelatest - null null
2026-06-28 14:05:04.456 +07:00 [INF] CORS policy execution successful.
2026-06-28 14:05:04.456 +07:00 [INF] CORS policy execution successful.
2026-06-28 14:05:04.456 +07:00 [INF] CORS policy execution successful.
2026-06-28 14:05:04.456 +07:00 [INF] CORS policy execution successful.
2026-06-28 14:05:04.456 +07:00 [INF] Request finished HTTP/1.1 OPTIONS http://localhost:5059/api/authen/check-valid-token - 204 null null 1.4474ms
2026-06-28 14:05:04.456 +07:00 [INF] CORS policy execution successful.
2026-06-28 14:05:04.456 +07:00 [INF] Request finished HTTP/1.1 OPTIONS http://localhost:5059/api/tags/topfive - 204 null null 1.499ms
2026-06-28 14:05:04.456 +07:00 [INF] Request finished HTTP/1.1 OPTIONS http://localhost:5059/api/authen/check-valid-token - 204 null null 1.9602ms
2026-06-28 14:05:04.456 +07:00 [INF] CORS policy execution successful.
2026-06-28 14:05:04.456 +07:00 [INF] Request finished HTTP/1.1 OPTIONS http://localhost:5059/api/tags - 204 null null 1.4289ms
2026-06-28 14:05:04.457 +07:00 [INF] Request finished HTTP/1.1 OPTIONS http://localhost:5059/api/blog/topfive - 204 null null 2.2728ms
2026-06-28 14:05:04.457 +07:00 [INF] Request finished HTTP/1.1 OPTIONS http://localhost:5059/api/blog/fivelatest - 204 null null 2.2398ms
2026-06-28 14:05:04.459 +07:00 [INF] Request starting HTTP/1.1 GET http://localhost:5059/api/blog/fivelatest - null null
2026-06-28 14:05:04.459 +07:00 [INF] Request starting HTTP/1.1 GET http://localhost:5059/api/tags - null null
2026-06-28 14:05:04.459 +07:00 [INF] Request starting HTTP/1.1 GET http://localhost:5059/api/authen/check-valid-token - null null
2026-06-28 14:05:04.459 +07:00 [INF] Request starting HTTP/1.1 GET http://localhost:5059/api/tags/topfive - null null
2026-06-28 14:05:04.459 +07:00 [INF] Request starting HTTP/1.1 GET http://localhost:5059/api/blog/topfive - null null
2026-06-28 14:05:04.460 +07:00 [INF] CORS policy execution successful.
2026-06-28 14:05:04.460 +07:00 [INF] CORS policy execution successful.
2026-06-28 14:05:04.460 +07:00 [INF] CORS policy execution successful.
2026-06-28 14:05:04.460 +07:00 [INF] CORS policy execution successful.
2026-06-28 14:05:04.460 +07:00 [INF] CORS policy execution successful.
2026-06-28 14:05:04.529 +07:00 [INF] Failed to validate the token.
Microsoft.IdentityModel.Tokens.SecurityTokenExpiredException: IDX10223: Lifetime validation failed. The token is expired. ValidTo (UTC): '6/27/2026 6:40:15 PM', Current time (UTC): '6/28/2026 7:05:04 AM'.
   at Microsoft.IdentityModel.Tokens.ValidatorUtilities.ValidateLifetime(Nullable`1 notBefore, Nullable`1 expires, SecurityToken securityToken, TokenValidationParameters validationParameters)
   at Microsoft.IdentityModel.Tokens.Validators.ValidateLifetime(Nullable`1 notBefore, Nullable`1 expires, SecurityToken securityToken, TokenValidationParameters validationParameters)
   at Microsoft.IdentityModel.JsonWebTokens.JsonWebTokenHandler.ValidateTokenPayloadAsync(JsonWebToken jsonWebToken, TokenValidationParameters validationParameters, BaseConfiguration configuration)
   at Microsoft.IdentityModel.JsonWebTokens.JsonWebTokenHandler.ValidateJWSAsync(JsonWebToken jsonWebToken, TokenValidationParameters validationParameters, BaseConfiguration configuration)
2026-06-28 14:05:04.529 +07:00 [INF] Failed to validate the token.
Microsoft.IdentityModel.Tokens.SecurityTokenExpiredException: IDX10223: Lifetime validation failed. The token is expired. ValidTo (UTC): '6/27/2026 6:40:15 PM', Current time (UTC): '6/28/2026 7:05:04 AM'.
   at Microsoft.IdentityModel.Tokens.ValidatorUtilities.ValidateLifetime(Nullable`1 notBefore, Nullable`1 expires, SecurityToken securityToken, TokenValidationParameters validationParameters)
   at Microsoft.IdentityModel.Tokens.Validators.ValidateLifetime(Nullable`1 notBefore, Nullable`1 expires, SecurityToken securityToken, TokenValidationParameters validationParameters)
   at Microsoft.IdentityModel.JsonWebTokens.JsonWebTokenHandler.ValidateTokenPayloadAsync(JsonWebToken jsonWebToken, TokenValidationParameters validationParameters, BaseConfiguration configuration)
   at Microsoft.IdentityModel.JsonWebTokens.JsonWebTokenHandler.ValidateJWSAsync(JsonWebToken jsonWebToken, TokenValidationParameters validationParameters, BaseConfiguration configuration)
2026-06-28 14:05:04.529 +07:00 [INF] Failed to validate the token.
Microsoft.IdentityModel.Tokens.SecurityTokenExpiredException: IDX10223: Lifetime validation failed. The token is expired. ValidTo (UTC): '6/27/2026 6:40:15 PM', Current time (UTC): '6/28/2026 7:05:04 AM'.
   at Microsoft.IdentityModel.Tokens.ValidatorUtilities.ValidateLifetime(Nullable`1 notBefore, Nullable`1 expires, SecurityToken securityToken, TokenValidationParameters validationParameters)
   at Microsoft.IdentityModel.Tokens.Validators.ValidateLifetime(Nullable`1 notBefore, Nullable`1 expires, SecurityToken securityToken, TokenValidationParameters validationParameters)
   at Microsoft.IdentityModel.JsonWebTokens.JsonWebTokenHandler.ValidateTokenPayloadAsync(JsonWebToken jsonWebToken, TokenValidationParameters validationParameters, BaseConfiguration configuration)
   at Microsoft.IdentityModel.JsonWebTokens.JsonWebTokenHandler.ValidateJWSAsync(JsonWebToken jsonWebToken, TokenValidationParameters validationParameters, BaseConfiguration configuration)
2026-06-28 14:05:04.529 +07:00 [INF] Failed to validate the token.
Microsoft.IdentityModel.Tokens.SecurityTokenExpiredException: IDX10223: Lifetime validation failed. The token is expired. ValidTo (UTC): '6/27/2026 6:40:15 PM', Current time (UTC): '6/28/2026 7:05:04 AM'.
   at Microsoft.IdentityModel.Tokens.ValidatorUtilities.ValidateLifetime(Nullable`1 notBefore, Nullable`1 expires, SecurityToken securityToken, TokenValidationParameters validationParameters)
   at Microsoft.IdentityModel.Tokens.Validators.ValidateLifetime(Nullable`1 notBefore, Nullable`1 expires, SecurityToken securityToken, TokenValidationParameters validationParameters)
   at Microsoft.IdentityModel.JsonWebTokens.JsonWebTokenHandler.ValidateTokenPayloadAsync(JsonWebToken jsonWebToken, TokenValidationParameters validationParameters, BaseConfiguration configuration)
   at Microsoft.IdentityModel.JsonWebTokens.JsonWebTokenHandler.ValidateJWSAsync(JsonWebToken jsonWebToken, TokenValidationParameters validationParameters, BaseConfiguration configuration)
2026-06-28 14:05:04.529 +07:00 [INF] Failed to validate the token.
Microsoft.IdentityModel.Tokens.SecurityTokenExpiredException: IDX10223: Lifetime validation failed. The token is expired. ValidTo (UTC): '6/27/2026 6:40:15 PM', Current time (UTC): '6/28/2026 7:05:04 AM'.
   at Microsoft.IdentityModel.Tokens.ValidatorUtilities.ValidateLifetime(Nullable`1 notBefore, Nullable`1 expires, SecurityToken securityToken, TokenValidationParameters validationParameters)
   at Microsoft.IdentityModel.Tokens.Validators.ValidateLifetime(Nullable`1 notBefore, Nullable`1 expires, SecurityToken securityToken, TokenValidationParameters validationParameters)
   at Microsoft.IdentityModel.JsonWebTokens.JsonWebTokenHandler.ValidateTokenPayloadAsync(JsonWebToken jsonWebToken, TokenValidationParameters validationParameters, BaseConfiguration configuration)
   at Microsoft.IdentityModel.JsonWebTokens.JsonWebTokenHandler.ValidateJWSAsync(JsonWebToken jsonWebToken, TokenValidationParameters validationParameters, BaseConfiguration configuration)
2026-06-28 14:05:04.537 +07:00 [INF] Bearer was not authenticated. Failure message: IDX10223: Lifetime validation failed. The token is expired. ValidTo (UTC): '6/27/2026 6:40:15 PM', Current time (UTC): '6/28/2026 7:05:04 AM'.
2026-06-28 14:05:04.537 +07:00 [INF] Bearer was not authenticated. Failure message: IDX10223: Lifetime validation failed. The token is expired. ValidTo (UTC): '6/27/2026 6:40:15 PM', Current time (UTC): '6/28/2026 7:05:04 AM'.
2026-06-28 14:05:04.537 +07:00 [INF] Bearer was not authenticated. Failure message: IDX10223: Lifetime validation failed. The token is expired. ValidTo (UTC): '6/27/2026 6:40:15 PM', Current time (UTC): '6/28/2026 7:05:04 AM'.
2026-06-28 14:05:04.537 +07:00 [INF] Bearer was not authenticated. Failure message: IDX10223: Lifetime validation failed. The token is expired. ValidTo (UTC): '6/27/2026 6:40:15 PM', Current time (UTC): '6/28/2026 7:05:04 AM'.
2026-06-28 14:05:04.537 +07:00 [INF] Bearer was not authenticated. Failure message: IDX10223: Lifetime validation failed. The token is expired. ValidTo (UTC): '6/27/2026 6:40:15 PM', Current time (UTC): '6/28/2026 7:05:04 AM'.
2026-06-28 14:05:04.541 +07:00 [INF] Executing endpoint 'BlogApp.Controllers.TagController.GetTop5Tags (BlogApp)'
2026-06-28 14:05:04.541 +07:00 [INF] Executing endpoint 'BlogApp.Controllers.BlogController.GetTop5Blogs (BlogApp)'
2026-06-28 14:05:04.541 +07:00 [INF] Executing endpoint 'BlogApp.Controllers.BlogController.Get5LatestBlogs (BlogApp)'
2026-06-28 14:05:04.541 +07:00 [INF] Executing endpoint 'BlogApp.Controllers.TagController.GetAllTags (BlogApp)'
2026-06-28 14:05:04.542 +07:00 [INF] Authorization failed. These requirements were not met:
DenyAnonymousAuthorizationRequirement: Requires an authenticated user.
2026-06-28 14:05:04.547 +07:00 [INF] AuthenticationScheme: Bearer was challenged.
2026-06-28 14:05:04.549 +07:00 [INF] HTTP GET /api/authen/check-valid-token responded 401 in 86.8561 ms
2026-06-28 14:05:04.550 +07:00 [INF] Request finished HTTP/1.1 GET http://localhost:5059/api/authen/check-valid-token - 401 0 null 91.6165ms
2026-06-28 14:05:04.551 +07:00 [INF] Request starting HTTP/1.1 GET http://localhost:5059/api/authen/check-valid-token - null null
2026-06-28 14:05:04.552 +07:00 [INF] CORS policy execution successful.
2026-06-28 14:05:04.552 +07:00 [INF] Route matched with {action = "GetTop5Tags", controller = "Tag"}. Executing controller action with signature Microsoft.AspNetCore.Mvc.ActionResult GetTop5Tags() on controller BlogApp.Controllers.TagController (BlogApp).
2026-06-28 14:05:04.552 +07:00 [INF] Route matched with {action = "GetTop5Blogs", controller = "Blog"}. Executing controller action with signature Microsoft.AspNetCore.Mvc.ActionResult GetTop5Blogs() on controller BlogApp.Controllers.BlogController (BlogApp).
2026-06-28 14:05:04.552 +07:00 [INF] Route matched with {action = "Get5LatestBlogs", controller = "Blog"}. Executing controller action with signature Microsoft.AspNetCore.Mvc.ActionResult Get5LatestBlogs() on controller BlogApp.Controllers.BlogController (BlogApp).
2026-06-28 14:05:04.552 +07:00 [INF] Route matched with {action = "GetAllTags", controller = "Tag"}. Executing controller action with signature Microsoft.AspNetCore.Mvc.ActionResult`1[BlogApp.DTOs.TagListRespDTO] GetAllTags() on controller BlogApp.Controllers.TagController (BlogApp).
2026-06-28 14:05:04.554 +07:00 [INF] Failed to validate the token.
Microsoft.IdentityModel.Tokens.SecurityTokenExpiredException: IDX10223: Lifetime validation failed. The token is expired. ValidTo (UTC): '6/27/2026 6:40:15 PM', Current time (UTC): '6/28/2026 7:05:04 AM'.
   at Microsoft.IdentityModel.Tokens.ValidatorUtilities.ValidateLifetime(Nullable`1 notBefore, Nullable`1 expires, SecurityToken securityToken, TokenValidationParameters validationParameters)
   at Microsoft.IdentityModel.Tokens.Validators.ValidateLifetime(Nullable`1 notBefore, Nullable`1 expires, SecurityToken securityToken, TokenValidationParameters validationParameters)
   at Microsoft.IdentityModel.JsonWebTokens.JsonWebTokenHandler.ValidateTokenPayloadAsync(JsonWebToken jsonWebToken, TokenValidationParameters validationParameters, BaseConfiguration configuration)
   at Microsoft.IdentityModel.JsonWebTokens.JsonWebTokenHandler.ValidateJWSAsync(JsonWebToken jsonWebToken, TokenValidationParameters validationParameters, BaseConfiguration configuration)
2026-06-28 14:05:04.554 +07:00 [INF] Bearer was not authenticated. Failure message: IDX10223: Lifetime validation failed. The token is expired. ValidTo (UTC): '6/27/2026 6:40:15 PM', Current time (UTC): '6/28/2026 7:05:04 AM'.
2026-06-28 14:05:04.555 +07:00 [INF] Authorization failed. These requirements were not met:
DenyAnonymousAuthorizationRequirement: Requires an authenticated user.
2026-06-28 14:05:04.555 +07:00 [INF] AuthenticationScheme: Bearer was challenged.
2026-06-28 14:05:04.555 +07:00 [INF] HTTP GET /api/authen/check-valid-token responded 401 in 3.6676 ms
2026-06-28 14:05:04.556 +07:00 [INF] Request finished HTTP/1.1 GET http://localhost:5059/api/authen/check-valid-token - 401 0 null 4.2766ms
2026-06-28 14:05:04.556 +07:00 [INF] Request starting HTTP/1.1 GET http://localhost:5059/api/authen/check-valid-token - null null
2026-06-28 14:05:04.557 +07:00 [INF] CORS policy execution successful.
2026-06-28 14:05:04.557 +07:00 [INF] Failed to validate the token.
Microsoft.IdentityModel.Tokens.SecurityTokenExpiredException: IDX10223: Lifetime validation failed. The token is expired. ValidTo (UTC): '6/27/2026 6:40:15 PM', Current time (UTC): '6/28/2026 7:05:04 AM'.
   at Microsoft.IdentityModel.Tokens.ValidatorUtilities.ValidateLifetime(Nullable`1 notBefore, Nullable`1 expires, SecurityToken securityToken, TokenValidationParameters validationParameters)
   at Microsoft.IdentityModel.Tokens.Validators.ValidateLifetime(Nullable`1 notBefore, Nullable`1 expires, SecurityToken securityToken, TokenValidationParameters validationParameters)
   at Microsoft.IdentityModel.JsonWebTokens.JsonWebTokenHandler.ValidateTokenPayloadAsync(JsonWebToken jsonWebToken, TokenValidationParameters validationParameters, BaseConfiguration configuration)
   at Microsoft.IdentityModel.JsonWebTokens.JsonWebTokenHandler.ValidateJWSAsync(JsonWebToken jsonWebToken, TokenValidationParameters validationParameters, BaseConfiguration configuration)
2026-06-28 14:05:04.558 +07:00 [INF] Bearer was not authenticated. Failure message: IDX10223: Lifetime validation failed. The token is expired. ValidTo (UTC): '6/27/2026 6:40:15 PM', Current time (UTC): '6/28/2026 7:05:04 AM'.
2026-06-28 14:05:04.558 +07:00 [INF] Authorization failed. These requirements were not met:
DenyAnonymousAuthorizationRequirement: Requires an authenticated user.
2026-06-28 14:05:04.558 +07:00 [INF] AuthenticationScheme: Bearer was challenged.
2026-06-28 14:05:04.558 +07:00 [INF] HTTP GET /api/authen/check-valid-token responded 401 in 1.7573 ms
2026-06-28 14:05:04.559 +07:00 [INF] Request finished HTTP/1.1 GET http://localhost:5059/api/authen/check-valid-token - 401 0 null 2.3851ms
2026-06-28 14:05:04.560 +07:00 [INF] Request starting HTTP/1.1 GET http://localhost:5059/api/authen/check-valid-token - null null
2026-06-28 14:05:04.560 +07:00 [INF] CORS policy execution successful.
2026-06-28 14:05:04.560 +07:00 [INF] Failed to validate the token.
Microsoft.IdentityModel.Tokens.SecurityTokenExpiredException: IDX10223: Lifetime validation failed. The token is expired. ValidTo (UTC): '6/27/2026 6:40:15 PM', Current time (UTC): '6/28/2026 7:05:04 AM'.
   at Microsoft.IdentityModel.Tokens.ValidatorUtilities.ValidateLifetime(Nullable`1 notBefore, Nullable`1 expires, SecurityToken securityToken, TokenValidationParameters validationParameters)
   at Microsoft.IdentityModel.Tokens.Validators.ValidateLifetime(Nullable`1 notBefore, Nullable`1 expires, SecurityToken securityToken, TokenValidationParameters validationParameters)
   at Microsoft.IdentityModel.JsonWebTokens.JsonWebTokenHandler.ValidateTokenPayloadAsync(JsonWebToken jsonWebToken, TokenValidationParameters validationParameters, BaseConfiguration configuration)
   at Microsoft.IdentityModel.JsonWebTokens.JsonWebTokenHandler.ValidateJWSAsync(JsonWebToken jsonWebToken, TokenValidationParameters validationParameters, BaseConfiguration configuration)
2026-06-28 14:05:04.561 +07:00 [INF] Bearer was not authenticated. Failure message: IDX10223: Lifetime validation failed. The token is expired. ValidTo (UTC): '6/27/2026 6:40:15 PM', Current time (UTC): '6/28/2026 7:05:04 AM'.
2026-06-28 14:05:04.561 +07:00 [INF] Authorization failed. These requirements were not met:
DenyAnonymousAuthorizationRequirement: Requires an authenticated user.
2026-06-28 14:05:04.561 +07:00 [INF] AuthenticationScheme: Bearer was challenged.
2026-06-28 14:05:04.561 +07:00 [INF] HTTP GET /api/authen/check-valid-token responded 401 in 1.3586 ms
2026-06-28 14:05:04.562 +07:00 [INF] Request finished HTTP/1.1 GET http://localhost:5059/api/authen/check-valid-token - 401 0 null 1.8854ms
2026-06-28 14:05:04.592 +07:00 [INF] Request starting HTTP/1.1 GET http://localhost:5059/api/tags - null null
2026-06-28 14:05:04.593 +07:00 [INF] CORS policy execution successful.
2026-06-28 14:05:04.594 +07:00 [INF] Failed to validate the token.
Microsoft.IdentityModel.Tokens.SecurityTokenExpiredException: IDX10223: Lifetime validation failed. The token is expired. ValidTo (UTC): '6/27/2026 6:40:15 PM', Current time (UTC): '6/28/2026 7:05:04 AM'.
   at Microsoft.IdentityModel.Tokens.ValidatorUtilities.ValidateLifetime(Nullable`1 notBefore, Nullable`1 expires, SecurityToken securityToken, TokenValidationParameters validationParameters)
   at Microsoft.IdentityModel.Tokens.Validators.ValidateLifetime(Nullable`1 notBefore, Nullable`1 expires, SecurityToken securityToken, TokenValidationParameters validationParameters)
   at Microsoft.IdentityModel.JsonWebTokens.JsonWebTokenHandler.ValidateTokenPayloadAsync(JsonWebToken jsonWebToken, TokenValidationParameters validationParameters, BaseConfiguration configuration)
   at Microsoft.IdentityModel.JsonWebTokens.JsonWebTokenHandler.ValidateJWSAsync(JsonWebToken jsonWebToken, TokenValidationParameters validationParameters, BaseConfiguration configuration)
2026-06-28 14:05:04.595 +07:00 [INF] Bearer was not authenticated. Failure message: IDX10223: Lifetime validation failed. The token is expired. ValidTo (UTC): '6/27/2026 6:40:15 PM', Current time (UTC): '6/28/2026 7:05:04 AM'.
2026-06-28 14:05:04.595 +07:00 [INF] Executing endpoint 'BlogApp.Controllers.TagController.GetAllTags (BlogApp)'
2026-06-28 14:05:04.595 +07:00 [INF] Route matched with {action = "GetAllTags", controller = "Tag"}. Executing controller action with signature Microsoft.AspNetCore.Mvc.ActionResult`1[BlogApp.DTOs.TagListRespDTO] GetAllTags() on controller BlogApp.Controllers.TagController (BlogApp).
2026-06-28 14:05:05.448 +07:00 [INF] Executed DbCommand (18ms) [Parameters=[], CommandType='"Text"', CommandTimeout='30']
SELECT t."Name", t."CreatedAt", t."Description", t."UpdatedAt"
FROM "Tags" AS t
ORDER BY t."Name" DESC
2026-06-28 14:05:05.448 +07:00 [INF] Executed DbCommand (18ms) [Parameters=[], CommandType='"Text"', CommandTimeout='30']
SELECT b."Id", b."AmountOfAccesses", b."AuthorId", b."Content", b."CoverImage", b."CreatedAt", b."PublishedAt", b."State", b."Tags", b."Title", b."UpdatedAt"
FROM "Blogs" AS b
ORDER BY b."CreatedAt" DESC
2026-06-28 14:05:05.448 +07:00 [INF] Executed DbCommand (18ms) [Parameters=[], CommandType='"Text"', CommandTimeout='30']

            SELECT tag AS Name, COUNT(*) AS blog_count
            FROM "Blogs", UNNEST("Tags") AS tag
            GROUP BY tag
            ORDER BY blog_count DESC
            LIMIT 5
2026-06-28 14:05:05.448 +07:00 [INF] Executed DbCommand (18ms) [Parameters=[], CommandType='"Text"', CommandTimeout='30']
SELECT b."Id", b."AmountOfAccesses", b."AuthorId", b."Content", b."CoverImage", b."CreatedAt", b."PublishedAt", b."State", b."Tags", b."Title", b."UpdatedAt"
FROM "Blogs" AS b
ORDER BY b."CreatedAt" DESC
2026-06-28 14:05:05.448 +07:00 [INF] Executed DbCommand (18ms) [Parameters=[], CommandType='"Text"', CommandTimeout='30']
SELECT t."Name", t."CreatedAt", t."Description", t."UpdatedAt"
FROM "Tags" AS t
ORDER BY t."Name" DESC
2026-06-28 14:05:05.499 +07:00 [INF] Executing OkObjectResult, writing value of type 'BlogApp.DTOs.TagListRespDTO'.
2026-06-28 14:05:05.522 +07:00 [INF] Executing OkObjectResult, writing value of type 'BlogApp.DTOs.TagListRespDTO'.
2026-06-28 14:05:05.522 +07:00 [INF] Executing OkObjectResult, writing value of type 'BlogApp.DTOs.TagListRespDTO'.
2026-06-28 14:05:05.527 +07:00 [INF] Executed action BlogApp.Controllers.TagController.GetAllTags (BlogApp) in 971.234ms
2026-06-28 14:05:05.527 +07:00 [INF] Executed action BlogApp.Controllers.TagController.GetTop5Tags (BlogApp) in 971.5402ms
2026-06-28 14:05:05.527 +07:00 [INF] Executed action BlogApp.Controllers.TagController.GetAllTags (BlogApp) in 929.2048ms
2026-06-28 14:05:05.527 +07:00 [INF] Executed endpoint 'BlogApp.Controllers.TagController.GetAllTags (BlogApp)'
2026-06-28 14:05:05.527 +07:00 [INF] Executed endpoint 'BlogApp.Controllers.TagController.GetTop5Tags (BlogApp)'
2026-06-28 14:05:05.527 +07:00 [INF] HTTP GET /api/tags responded 200 in 1066.8247 ms
2026-06-28 14:05:05.527 +07:00 [INF] Executed endpoint 'BlogApp.Controllers.TagController.GetAllTags (BlogApp)'
2026-06-28 14:05:05.527 +07:00 [INF] HTTP GET /api/tags/topfive responded 200 in 1066.8741 ms
2026-06-28 14:05:05.528 +07:00 [INF] HTTP GET /api/tags responded 200 in 934.6387 ms
2026-06-28 14:05:05.533 +07:00 [INF] Request finished HTTP/1.1 GET http://localhost:5059/api/tags - 499 null application/json; charset=utf-8 1074.7022ms
2026-06-28 14:05:05.533 +07:00 [INF] Request finished HTTP/1.1 GET http://localhost:5059/api/tags - 499 null application/json; charset=utf-8 941.0683ms
2026-06-28 14:05:05.533 +07:00 [INF] Request finished HTTP/1.1 GET http://localhost:5059/api/tags/topfive - 499 null application/json; charset=utf-8 1074.7016ms
2026-06-28 14:05:05.576 +07:00 [INF] Executing OkObjectResult, writing value of type 'BlogApp.DTOs.BlogListRespDTO'.
2026-06-28 14:05:05.576 +07:00 [INF] Executing OkObjectResult, writing value of type 'BlogApp.DTOs.BlogListRespDTO'.
2026-06-28 14:05:05.585 +07:00 [INF] Executed action BlogApp.Controllers.BlogController.GetTop5Blogs (BlogApp) in 1031.7187ms
2026-06-28 14:05:05.585 +07:00 [INF] Executed action BlogApp.Controllers.BlogController.Get5LatestBlogs (BlogApp) in 1031.585ms
2026-06-28 14:05:05.585 +07:00 [INF] Executed endpoint 'BlogApp.Controllers.BlogController.GetTop5Blogs (BlogApp)'
2026-06-28 14:05:05.585 +07:00 [INF] Executed endpoint 'BlogApp.Controllers.BlogController.Get5LatestBlogs (BlogApp)'
2026-06-28 14:05:05.585 +07:00 [INF] HTTP GET /api/blog/topfive responded 200 in 1124.3678 ms
2026-06-28 14:05:05.585 +07:00 [INF] HTTP GET /api/blog/fivelatest responded 200 in 1124.4541 ms
2026-06-28 14:05:05.585 +07:00 [INF] Request finished HTTP/1.1 GET http://localhost:5059/api/blog/topfive - 499 null application/json; charset=utf-8 1126.5196ms
2026-06-28 14:05:05.585 +07:00 [INF] Request finished HTTP/1.1 GET http://localhost:5059/api/blog/fivelatest - 499 null application/json; charset=utf-8 1126.6378ms
2026-06-28 14:05:20.306 +07:00 [INF] Request starting HTTP/1.1 OPTIONS http://localhost:5059/api/authen/login - null null
2026-06-28 14:05:20.307 +07:00 [INF] CORS policy execution successful.
2026-06-28 14:05:20.307 +07:00 [INF] Request finished HTTP/1.1 OPTIONS http://localhost:5059/api/authen/login - 204 null null 0.9595ms
2026-06-28 14:05:20.308 +07:00 [INF] Request starting HTTP/1.1 POST http://localhost:5059/api/authen/login - multipart/form-data; boundary=----WebKitFormBoundaryvjAEWTKkT5P7swKR 246
2026-06-28 14:05:20.308 +07:00 [INF] CORS policy execution successful.
2026-06-28 14:05:20.309 +07:00 [INF] Failed to validate the token.
Microsoft.IdentityModel.Tokens.SecurityTokenMalformedException: IDX14100: JWT is not well formed, there are no dots (.).
The token needs to be in JWS or JWE Compact Serialization Format. (JWS): 'EncodedHeader.EncodedPayload.EncodedSignature'. (JWE): 'EncodedProtectedHeader.EncodedEncryptedKey.EncodedInitializationVector.EncodedCiphertext.EncodedAuthenticationTag'.
   at Microsoft.IdentityModel.JsonWebTokens.JsonWebToken.ReadToken(ReadOnlyMemory`1 encodedTokenMemory)
   at Microsoft.IdentityModel.JsonWebTokens.JsonWebToken..ctor(String jwtEncodedString)
   at Microsoft.IdentityModel.JsonWebTokens.JsonWebTokenHandler.ReadToken(String token, TokenValidationParameters validationParameters)
2026-06-28 14:05:20.309 +07:00 [INF] Bearer was not authenticated. Failure message: IDX14100: JWT is not well formed, there are no dots (.).
The token needs to be in JWS or JWE Compact Serialization Format. (JWS): 'EncodedHeader.EncodedPayload.EncodedSignature'. (JWE): 'EncodedProtectedHeader.EncodedEncryptedKey.EncodedInitializationVector.EncodedCiphertext.EncodedAuthenticationTag'.
2026-06-28 14:05:20.310 +07:00 [INF] Executing endpoint 'BlogApp.Controllers.AuthenController.LoginUser (BlogApp)'
2026-06-28 14:05:20.319 +07:00 [INF] Route matched with {action = "LoginUser", controller = "Authen"}. Executing controller action with signature Microsoft.AspNetCore.Mvc.ActionResult`1[BlogApp.DTOs.LoginRespDTO] LoginUser(BlogApp.DTOs.LoginDTO) on controller BlogApp.Controllers.AuthenController (BlogApp).
2026-06-28 14:05:22.970 +07:00 [INF] Executed DbCommand (19ms) [Parameters=[@username='?'], CommandType='"Text"', CommandTimeout='30']
SELECT a."Username", a."Address", a."Avatar", a."CreatedAt", a."Description", a."Email", a."FullName", a."Functions", a."OtherContact", a."Password", a."Phone", a."Role", a."State", a."UpdatedAt"
FROM "Accounts" AS a
WHERE a."Username" = @username
LIMIT 1
2026-06-28 14:05:23.268 +07:00 [INF] Executing OkObjectResult, writing value of type 'BlogApp.DTOs.LoginRespDTO'.
2026-06-28 14:05:23.270 +07:00 [INF] Executed action BlogApp.Controllers.AuthenController.LoginUser (BlogApp) in 2950.8515ms
2026-06-28 14:05:23.270 +07:00 [INF] Executed endpoint 'BlogApp.Controllers.AuthenController.LoginUser (BlogApp)'
2026-06-28 14:05:23.271 +07:00 [INF] HTTP POST /api/authen/login responded 200 in 2962.0338 ms
2026-06-28 14:05:23.271 +07:00 [INF] Request finished HTTP/1.1 POST http://localhost:5059/api/authen/login - 200 null application/json; charset=utf-8 2962.6542ms
2026-06-28 14:05:23.287 +07:00 [INF] Request starting HTTP/1.1 OPTIONS http://localhost:5059/api/blog/search - null null
2026-06-28 14:05:23.288 +07:00 [INF] CORS policy execution successful.
2026-06-28 14:05:23.288 +07:00 [INF] Request starting HTTP/1.1 OPTIONS http://localhost:5059/api/authen/check-valid-token - null null
2026-06-28 14:05:23.288 +07:00 [INF] Request finished HTTP/1.1 OPTIONS http://localhost:5059/api/blog/search - 204 null null 0.5101ms
2026-06-28 14:05:23.288 +07:00 [INF] CORS policy execution successful.
2026-06-28 14:05:23.288 +07:00 [INF] Request finished HTTP/1.1 OPTIONS http://localhost:5059/api/authen/check-valid-token - 204 null null 0.4092ms
2026-06-28 14:05:23.289 +07:00 [INF] Request starting HTTP/1.1 POST http://localhost:5059/api/blog/search - multipart/form-data; boundary=----WebKitFormBoundarygGg6sL3nAJbbUFaI 528
2026-06-28 14:05:23.289 +07:00 [INF] CORS policy execution successful.
2026-06-28 14:05:23.290 +07:00 [INF] Request starting HTTP/1.1 GET http://localhost:5059/api/authen/check-valid-token - null null
2026-06-28 14:05:23.290 +07:00 [INF] Request starting HTTP/1.1 OPTIONS http://localhost:5059/api/tags/topfive - null null
2026-06-28 14:05:23.290 +07:00 [INF] Request starting HTTP/1.1 OPTIONS http://localhost:5059/api/blog/fivelatest - null null
2026-06-28 14:05:23.290 +07:00 [INF] Request starting HTTP/1.1 OPTIONS http://localhost:5059/api/blog/topfive - null null
2026-06-28 14:05:23.290 +07:00 [INF] CORS policy execution successful.
2026-06-28 14:05:23.290 +07:00 [INF] CORS policy execution successful.
2026-06-28 14:05:23.290 +07:00 [INF] CORS policy execution successful.
2026-06-28 14:05:23.290 +07:00 [INF] Request finished HTTP/1.1 OPTIONS http://localhost:5059/api/blog/fivelatest - 204 null null 0.4314ms
2026-06-28 14:05:23.290 +07:00 [INF] CORS policy execution successful.
2026-06-28 14:05:23.290 +07:00 [INF] Request starting HTTP/1.1 POST http://localhost:5059/api/blog/search - multipart/form-data; boundary=----WebKitFormBoundaryT0O8nVAfkooiL5o1 528
2026-06-28 14:05:23.290 +07:00 [INF] Request finished HTTP/1.1 OPTIONS http://localhost:5059/api/blog/topfive - 204 null null 0.3447ms
2026-06-28 14:05:23.291 +07:00 [INF] Request finished HTTP/1.1 OPTIONS http://localhost:5059/api/tags/topfive - 204 null null 0.8659ms
2026-06-28 14:05:23.291 +07:00 [INF] CORS policy execution successful.
2026-06-28 14:05:23.292 +07:00 [INF] Request starting HTTP/1.1 OPTIONS http://localhost:5059/api/tags/topfive - null null
2026-06-28 14:05:23.292 +07:00 [INF] CORS policy execution successful.
2026-06-28 14:05:23.293 +07:00 [INF] Request finished HTTP/1.1 OPTIONS http://localhost:5059/api/tags/topfive - 204 null null 0.5304ms
2026-06-28 14:05:23.293 +07:00 [INF] Request starting HTTP/1.1 OPTIONS http://localhost:5059/api/blog/topfive - null null
2026-06-28 14:05:23.293 +07:00 [INF] Request starting HTTP/1.1 OPTIONS http://localhost:5059/api/blog/fivelatest - null null
2026-06-28 14:05:23.293 +07:00 [INF] CORS policy execution successful.
2026-06-28 14:05:23.293 +07:00 [INF] CORS policy execution successful.
2026-06-28 14:05:23.293 +07:00 [INF] Request finished HTTP/1.1 OPTIONS http://localhost:5059/api/blog/topfive - 204 null null 0.3632ms
2026-06-28 14:05:23.294 +07:00 [INF] Request finished HTTP/1.1 OPTIONS http://localhost:5059/api/blog/fivelatest - 204 null null 0.4057ms
2026-06-28 14:05:23.294 +07:00 [INF] Request starting HTTP/1.1 GET http://localhost:5059/api/blog/fivelatest - null null
2026-06-28 14:05:23.294 +07:00 [INF] CORS policy execution successful.
2026-06-28 14:05:23.295 +07:00 [INF] Request starting HTTP/1.1 GET http://localhost:5059/api/blog/topfive - null null
2026-06-28 14:05:23.295 +07:00 [INF] Request starting HTTP/1.1 GET http://localhost:5059/api/tags/topfive - null null
2026-06-28 14:05:23.295 +07:00 [INF] CORS policy execution successful.
2026-06-28 14:05:23.295 +07:00 [INF] CORS policy execution successful.
2026-06-28 14:05:23.300 +07:00 [INF] Executing endpoint 'BlogApp.Controllers.BlogController.Get5LatestBlogs (BlogApp)'
2026-06-28 14:05:23.300 +07:00 [INF] Executing endpoint 'BlogApp.Controllers.TagController.GetTop5Tags (BlogApp)'
2026-06-28 14:05:23.300 +07:00 [INF] Executing endpoint 'BlogApp.Controllers.BlogController.GetTop5Blogs (BlogApp)'
2026-06-28 14:05:23.300 +07:00 [INF] Executing endpoint 'BlogApp.Controllers.BlogController.SearchBlogs (BlogApp)'
2026-06-28 14:05:23.300 +07:00 [INF] Executing endpoint 'BlogApp.Controllers.AuthenController.CheckValidToken (BlogApp)'
2026-06-28 14:05:23.300 +07:00 [INF] Executing endpoint 'BlogApp.Controllers.BlogController.SearchBlogs (BlogApp)'
2026-06-28 14:05:23.300 +07:00 [INF] Route matched with {action = "Get5LatestBlogs", controller = "Blog"}. Executing controller action with signature Microsoft.AspNetCore.Mvc.ActionResult Get5LatestBlogs() on controller BlogApp.Controllers.BlogController (BlogApp).
2026-06-28 14:05:23.300 +07:00 [INF] Route matched with {action = "GetTop5Tags", controller = "Tag"}. Executing controller action with signature Microsoft.AspNetCore.Mvc.ActionResult GetTop5Tags() on controller BlogApp.Controllers.TagController (BlogApp).
2026-06-28 14:05:23.300 +07:00 [INF] Route matched with {action = "GetTop5Blogs", controller = "Blog"}. Executing controller action with signature Microsoft.AspNetCore.Mvc.ActionResult GetTop5Blogs() on controller BlogApp.Controllers.BlogController (BlogApp).
2026-06-28 14:05:23.301 +07:00 [INF] Route matched with {action = "CheckValidToken", controller = "Authen"}. Executing controller action with signature Microsoft.AspNetCore.Mvc.ActionResult`1[BlogApp.DTOs.ResponseBaseDTO] CheckValidToken() on controller BlogApp.Controllers.AuthenController (BlogApp).
2026-06-28 14:05:23.301 +07:00 [INF] Route matched with {action = "SearchBlogs", controller = "Blog"}. Executing controller action with signature Microsoft.AspNetCore.Mvc.ActionResult SearchBlogs(BlogApp.DTOs.SearchBlogReqDTO) on controller BlogApp.Controllers.BlogController (BlogApp).
2026-06-28 14:05:23.302 +07:00 [INF] Route matched with {action = "SearchBlogs", controller = "Blog"}. Executing controller action with signature Microsoft.AspNetCore.Mvc.ActionResult SearchBlogs(BlogApp.DTOs.SearchBlogReqDTO) on controller BlogApp.Controllers.BlogController (BlogApp).
2026-06-28 14:05:23.302 +07:00 [INF] Executing OkObjectResult, writing value of type 'BlogApp.DTOs.ResponseBaseDTO'.
2026-06-28 14:05:23.318 +07:00 [INF] Executed action BlogApp.Controllers.AuthenController.CheckValidToken (BlogApp) in 16.6603ms
2026-06-28 14:05:23.318 +07:00 [INF] Executed endpoint 'BlogApp.Controllers.AuthenController.CheckValidToken (BlogApp)'
2026-06-28 14:05:23.318 +07:00 [INF] HTTP GET /api/authen/check-valid-token responded 200 in 28.0655 ms
2026-06-28 14:05:23.319 +07:00 [INF] Request finished HTTP/1.1 GET http://localhost:5059/api/authen/check-valid-token - 200 null application/json; charset=utf-8 28.8397ms
2026-06-28 14:05:23.319 +07:00 [INF] Request starting HTTP/1.1 GET http://localhost:5059/api/authen/check-valid-token - null null
2026-06-28 14:05:23.320 +07:00 [INF] CORS policy execution successful.
2026-06-28 14:05:23.320 +07:00 [INF] Executing endpoint 'BlogApp.Controllers.AuthenController.CheckValidToken (BlogApp)'
2026-06-28 14:05:23.320 +07:00 [INF] Executed DbCommand (2ms) [Parameters=[], CommandType='"Text"', CommandTimeout='30']
SELECT b."Id", b."AmountOfAccesses", b."AuthorId", b."Content", b."CoverImage", b."CreatedAt", b."PublishedAt", b."State", b."Tags", b."Title", b."UpdatedAt"
FROM "Blogs" AS b
ORDER BY b."CreatedAt" DESC
2026-06-28 14:05:23.320 +07:00 [INF] Route matched with {action = "CheckValidToken", controller = "Authen"}. Executing controller action with signature Microsoft.AspNetCore.Mvc.ActionResult`1[BlogApp.DTOs.ResponseBaseDTO] CheckValidToken() on controller BlogApp.Controllers.AuthenController (BlogApp).
2026-06-28 14:05:23.320 +07:00 [INF] Executed DbCommand (2ms) [Parameters=[], CommandType='"Text"', CommandTimeout='30']
SELECT b."Id", b."AmountOfAccesses", b."AuthorId", b."Content", b."CoverImage", b."CreatedAt", b."PublishedAt", b."State", b."Tags", b."Title", b."UpdatedAt"
FROM "Blogs" AS b
ORDER BY b."CreatedAt" DESC
2026-06-28 14:05:23.320 +07:00 [INF] Executed DbCommand (1ms) [Parameters=[], CommandType='"Text"', CommandTimeout='30']

            SELECT tag AS Name, COUNT(*) AS blog_count
            FROM "Blogs", UNNEST("Tags") AS tag
            GROUP BY tag
            ORDER BY blog_count DESC
            LIMIT 5
2026-06-28 14:05:23.321 +07:00 [INF] Executing OkObjectResult, writing value of type 'BlogApp.DTOs.TagListRespDTO'.
2026-06-28 14:05:23.321 +07:00 [INF] Executed action BlogApp.Controllers.TagController.GetTop5Tags (BlogApp) in 20.387ms
2026-06-28 14:05:23.321 +07:00 [INF] Executed endpoint 'BlogApp.Controllers.TagController.GetTop5Tags (BlogApp)'
2026-06-28 14:05:23.321 +07:00 [INF] Executing OkObjectResult, writing value of type 'BlogApp.DTOs.BlogListRespDTO'.
2026-06-28 14:05:23.321 +07:00 [INF] Executing OkObjectResult, writing value of type 'BlogApp.DTOs.BlogListRespDTO'.
2026-06-28 14:05:23.321 +07:00 [INF] HTTP GET /api/tags/topfive responded 200 in 26.2485 ms
2026-06-28 14:05:23.321 +07:00 [INF] Executed action BlogApp.Controllers.BlogController.GetTop5Blogs (BlogApp) in 20.6467ms
2026-06-28 14:05:23.321 +07:00 [INF] Executed action BlogApp.Controllers.BlogController.Get5LatestBlogs (BlogApp) in 20.8331ms
2026-06-28 14:05:23.321 +07:00 [INF] Request finished HTTP/1.1 GET http://localhost:5059/api/tags/topfive - 200 null application/json; charset=utf-8 26.8385ms
2026-06-28 14:05:23.321 +07:00 [INF] Executed endpoint 'BlogApp.Controllers.BlogController.GetTop5Blogs (BlogApp)'
2026-06-28 14:05:23.322 +07:00 [INF] Executed endpoint 'BlogApp.Controllers.BlogController.Get5LatestBlogs (BlogApp)'
2026-06-28 14:05:23.322 +07:00 [INF] HTTP GET /api/blog/topfive responded 200 in 26.9341 ms
2026-06-28 14:05:23.322 +07:00 [INF] HTTP GET /api/blog/fivelatest responded 200 in 27.8367 ms
2026-06-28 14:05:23.322 +07:00 [INF] Request finished HTTP/1.1 GET http://localhost:5059/api/blog/topfive - 200 null application/json; charset=utf-8 27.3906ms
2026-06-28 14:05:23.322 +07:00 [INF] Request finished HTTP/1.1 GET http://localhost:5059/api/blog/fivelatest - 200 null application/json; charset=utf-8 28.4612ms
2026-06-28 14:05:23.322 +07:00 [INF] Executing OkObjectResult, writing value of type 'BlogApp.DTOs.ResponseBaseDTO'.
2026-06-28 14:05:23.322 +07:00 [INF] Executed action BlogApp.Controllers.AuthenController.CheckValidToken (BlogApp) in 2.0559ms
2026-06-28 14:05:23.323 +07:00 [INF] Executed endpoint 'BlogApp.Controllers.AuthenController.CheckValidToken (BlogApp)'
2026-06-28 14:05:23.323 +07:00 [INF] Executing ObjectResult, writing value of type 'Microsoft.AspNetCore.Mvc.ProblemDetails'.
2026-06-28 14:05:23.323 +07:00 [INF] Executing ObjectResult, writing value of type 'Microsoft.AspNetCore.Mvc.ProblemDetails'.
2026-06-28 14:05:23.323 +07:00 [INF] HTTP GET /api/authen/check-valid-token responded 200 in 2.9893 ms
2026-06-28 14:05:23.323 +07:00 [INF] Request finished HTTP/1.1 GET http://localhost:5059/api/authen/check-valid-token - 200 null application/json; charset=utf-8 3.6085ms
2026-06-28 14:05:23.323 +07:00 [INF] Request starting HTTP/1.1 GET http://localhost:5059/api/blog/fivelatest - null null
2026-06-28 14:05:23.323 +07:00 [INF] Request starting HTTP/1.1 GET http://localhost:5059/api/tags/topfive - null null
2026-06-28 14:05:23.323 +07:00 [INF] Request starting HTTP/1.1 GET http://localhost:5059/api/blog/topfive - null null
2026-06-28 14:05:23.323 +07:00 [INF] CORS policy execution successful.
2026-06-28 14:05:23.323 +07:00 [INF] CORS policy execution successful.
2026-06-28 14:05:23.324 +07:00 [INF] CORS policy execution successful.
2026-06-28 14:05:23.324 +07:00 [INF] Executing endpoint 'BlogApp.Controllers.TagController.GetTop5Tags (BlogApp)'
2026-06-28 14:05:23.324 +07:00 [INF] Executing endpoint 'BlogApp.Controllers.BlogController.Get5LatestBlogs (BlogApp)'
2026-06-28 14:05:23.324 +07:00 [INF] Executing endpoint 'BlogApp.Controllers.BlogController.GetTop5Blogs (BlogApp)'
2026-06-28 14:05:23.324 +07:00 [INF] Route matched with {action = "Get5LatestBlogs", controller = "Blog"}. Executing controller action with signature Microsoft.AspNetCore.Mvc.ActionResult Get5LatestBlogs() on controller BlogApp.Controllers.BlogController (BlogApp).
2026-06-28 14:05:23.324 +07:00 [INF] Route matched with {action = "GetTop5Tags", controller = "Tag"}. Executing controller action with signature Microsoft.AspNetCore.Mvc.ActionResult GetTop5Tags() on controller BlogApp.Controllers.TagController (BlogApp).
2026-06-28 14:05:23.324 +07:00 [INF] Route matched with {action = "GetTop5Blogs", controller = "Blog"}. Executing controller action with signature Microsoft.AspNetCore.Mvc.ActionResult GetTop5Blogs() on controller BlogApp.Controllers.BlogController (BlogApp).
2026-06-28 14:05:23.326 +07:00 [INF] Executed DbCommand (1ms) [Parameters=[], CommandType='"Text"', CommandTimeout='30']
SELECT b."Id", b."AmountOfAccesses", b."AuthorId", b."Content", b."CoverImage", b."CreatedAt", b."PublishedAt", b."State", b."Tags", b."Title", b."UpdatedAt"
FROM "Blogs" AS b
ORDER BY b."CreatedAt" DESC
2026-06-28 14:05:23.326 +07:00 [INF] Executed DbCommand (1ms) [Parameters=[], CommandType='"Text"', CommandTimeout='30']
SELECT b."Id", b."AmountOfAccesses", b."AuthorId", b."Content", b."CoverImage", b."CreatedAt", b."PublishedAt", b."State", b."Tags", b."Title", b."UpdatedAt"
FROM "Blogs" AS b
ORDER BY b."CreatedAt" DESC
2026-06-28 14:05:23.327 +07:00 [INF] Executing OkObjectResult, writing value of type 'BlogApp.DTOs.BlogListRespDTO'.
2026-06-28 14:05:23.327 +07:00 [INF] Executing OkObjectResult, writing value of type 'BlogApp.DTOs.BlogListRespDTO'.
2026-06-28 14:05:23.327 +07:00 [INF] Executed action BlogApp.Controllers.BlogController.Get5LatestBlogs (BlogApp) in 3.159ms
2026-06-28 14:05:23.327 +07:00 [INF] Executed endpoint 'BlogApp.Controllers.BlogController.Get5LatestBlogs (BlogApp)'
2026-06-28 14:05:23.328 +07:00 [INF] Executed action BlogApp.Controllers.BlogController.GetTop5Blogs (BlogApp) in 3.1527ms
2026-06-28 14:05:23.328 +07:00 [INF] HTTP GET /api/blog/fivelatest responded 200 in 3.9032 ms
2026-06-28 14:05:23.328 +07:00 [INF] Executed endpoint 'BlogApp.Controllers.BlogController.GetTop5Blogs (BlogApp)'
2026-06-28 14:05:23.328 +07:00 [INF] Request finished HTTP/1.1 GET http://localhost:5059/api/blog/fivelatest - 200 null application/json; charset=utf-8 4.6007ms
2026-06-28 14:05:23.328 +07:00 [INF] HTTP GET /api/blog/topfive responded 200 in 4.1103 ms
2026-06-28 14:05:23.328 +07:00 [INF] Request finished HTTP/1.1 GET http://localhost:5059/api/blog/topfive - 200 null application/json; charset=utf-8 4.9308ms
2026-06-28 14:05:23.335 +07:00 [INF] Executed DbCommand (1ms) [Parameters=[], CommandType='"Text"', CommandTimeout='30']

            SELECT tag AS Name, COUNT(*) AS blog_count
            FROM "Blogs", UNNEST("Tags") AS tag
            GROUP BY tag
            ORDER BY blog_count DESC
            LIMIT 5
2026-06-28 14:05:23.335 +07:00 [INF] Executing OkObjectResult, writing value of type 'BlogApp.DTOs.TagListRespDTO'.
2026-06-28 14:05:23.336 +07:00 [INF] Executed action BlogApp.Controllers.TagController.GetTop5Tags (BlogApp) in 11.3352ms
2026-06-28 14:05:23.336 +07:00 [INF] Executed endpoint 'BlogApp.Controllers.TagController.GetTop5Tags (BlogApp)'
2026-06-28 14:05:23.336 +07:00 [INF] HTTP GET /api/tags/topfive responded 200 in 12.1431 ms
2026-06-28 14:05:23.336 +07:00 [INF] Request finished HTTP/1.1 GET http://localhost:5059/api/tags/topfive - 200 null application/json; charset=utf-8 12.8061ms
2026-06-28 14:05:23.338 +07:00 [INF] Executed action BlogApp.Controllers.BlogController.SearchBlogs (BlogApp) in 36.5225ms
2026-06-28 14:05:23.338 +07:00 [INF] Executed action BlogApp.Controllers.BlogController.SearchBlogs (BlogApp) in 36.6679ms
2026-06-28 14:05:23.338 +07:00 [INF] Executed endpoint 'BlogApp.Controllers.BlogController.SearchBlogs (BlogApp)'
2026-06-28 14:05:23.338 +07:00 [INF] Executed endpoint 'BlogApp.Controllers.BlogController.SearchBlogs (BlogApp)'
2026-06-28 14:05:23.338 +07:00 [INF] HTTP POST /api/blog/search responded 415 in 47.3821 ms
2026-06-28 14:05:23.338 +07:00 [INF] HTTP POST /api/blog/search responded 415 in 48.9932 ms
2026-06-28 14:05:23.339 +07:00 [INF] Request finished HTTP/1.1 POST http://localhost:5059/api/blog/search - 415 null application/problem+json; charset=utf-8 48.3113ms
2026-06-28 14:05:23.339 +07:00 [INF] Request finished HTTP/1.1 POST http://localhost:5059/api/blog/search - 415 null application/problem+json; charset=utf-8 49.4933ms
2026-06-28 14:05:28.587 +07:00 [INF] Request starting HTTP/1.1 OPTIONS http://localhost:5059/api/authen/check-valid-token - null null
2026-06-28 14:05:28.588 +07:00 [INF] CORS policy execution successful.
2026-06-28 14:05:28.588 +07:00 [INF] Request finished HTTP/1.1 OPTIONS http://localhost:5059/api/authen/check-valid-token - 204 null null 0.4899ms
2026-06-28 14:05:28.589 +07:00 [INF] Request starting HTTP/1.1 OPTIONS http://localhost:5059/api/tags - null null
2026-06-28 14:05:28.589 +07:00 [INF] Request starting HTTP/1.1 GET http://localhost:5059/api/authen/check-valid-token - null null
2026-06-28 14:05:28.589 +07:00 [INF] CORS policy execution successful.
2026-06-28 14:05:28.589 +07:00 [INF] CORS policy execution successful.
2026-06-28 14:05:28.589 +07:00 [INF] Request finished HTTP/1.1 OPTIONS http://localhost:5059/api/tags - 204 null null 0.3154ms
2026-06-28 14:05:28.589 +07:00 [INF] Request starting HTTP/1.1 OPTIONS http://localhost:5059/api/tags/topfive - null null
2026-06-28 14:05:28.589 +07:00 [INF] CORS policy execution successful.
2026-06-28 14:05:28.589 +07:00 [INF] Request finished HTTP/1.1 OPTIONS http://localhost:5059/api/tags/topfive - 204 null null 0.2956ms
2026-06-28 14:05:28.590 +07:00 [INF] Executing endpoint 'BlogApp.Controllers.AuthenController.CheckValidToken (BlogApp)'
2026-06-28 14:05:28.590 +07:00 [INF] Route matched with {action = "CheckValidToken", controller = "Authen"}. Executing controller action with signature Microsoft.AspNetCore.Mvc.ActionResult`1[BlogApp.DTOs.ResponseBaseDTO] CheckValidToken() on controller BlogApp.Controllers.AuthenController (BlogApp).
2026-06-28 14:05:28.590 +07:00 [INF] Request starting HTTP/1.1 GET http://localhost:5059/api/tags - null null
2026-06-28 14:05:28.590 +07:00 [INF] Request starting HTTP/1.1 OPTIONS http://localhost:5059/api/blog/fivelatest - null null
2026-06-28 14:05:28.590 +07:00 [INF] Request starting HTTP/1.1 OPTIONS http://localhost:5059/api/blog/topfive - null null
2026-06-28 14:05:28.590 +07:00 [INF] CORS policy execution successful.
2026-06-28 14:05:28.590 +07:00 [INF] CORS policy execution successful.
2026-06-28 14:05:28.590 +07:00 [INF] CORS policy execution successful.
2026-06-28 14:05:28.590 +07:00 [INF] Request starting HTTP/1.1 GET http://localhost:5059/api/tags/topfive - null null
2026-06-28 14:05:28.590 +07:00 [INF] Executing OkObjectResult, writing value of type 'BlogApp.DTOs.ResponseBaseDTO'.
2026-06-28 14:05:28.591 +07:00 [INF] CORS policy execution successful.
2026-06-28 14:05:28.590 +07:00 [INF] Request finished HTTP/1.1 OPTIONS http://localhost:5059/api/blog/topfive - 204 null null 0.388ms
2026-06-28 14:05:28.590 +07:00 [INF] Request finished HTTP/1.1 OPTIONS http://localhost:5059/api/blog/fivelatest - 204 null null 0.4462ms
2026-06-28 14:05:28.591 +07:00 [INF] Executing endpoint 'BlogApp.Controllers.TagController.GetAllTags (BlogApp)'
2026-06-28 14:05:28.591 +07:00 [INF] Executed action BlogApp.Controllers.AuthenController.CheckValidToken (BlogApp) in 0.9652ms
2026-06-28 14:05:28.591 +07:00 [INF] Executing endpoint 'BlogApp.Controllers.TagController.GetTop5Tags (BlogApp)'
2026-06-28 14:05:28.591 +07:00 [INF] Route matched with {action = "GetAllTags", controller = "Tag"}. Executing controller action with signature Microsoft.AspNetCore.Mvc.ActionResult`1[BlogApp.DTOs.TagListRespDTO] GetAllTags() on controller BlogApp.Controllers.TagController (BlogApp).
2026-06-28 14:05:28.591 +07:00 [INF] Executed endpoint 'BlogApp.Controllers.AuthenController.CheckValidToken (BlogApp)'
2026-06-28 14:05:28.591 +07:00 [INF] Route matched with {action = "GetTop5Tags", controller = "Tag"}. Executing controller action with signature Microsoft.AspNetCore.Mvc.ActionResult GetTop5Tags() on controller BlogApp.Controllers.TagController (BlogApp).
2026-06-28 14:05:28.591 +07:00 [INF] HTTP GET /api/authen/check-valid-token responded 200 in 2.0624 ms
2026-06-28 14:05:28.591 +07:00 [INF] Request finished HTTP/1.1 GET http://localhost:5059/api/authen/check-valid-token - 200 null application/json; charset=utf-8 2.6018ms
2026-06-28 14:05:28.591 +07:00 [INF] Request starting HTTP/1.1 GET http://localhost:5059/api/blog/topfive - null null
2026-06-28 14:05:28.592 +07:00 [INF] CORS policy execution successful.
2026-06-28 14:05:28.592 +07:00 [INF] Executing endpoint 'BlogApp.Controllers.BlogController.GetTop5Blogs (BlogApp)'
2026-06-28 14:05:28.592 +07:00 [INF] Request starting HTTP/1.1 GET http://localhost:5059/api/blog/fivelatest - null null
2026-06-28 14:05:28.592 +07:00 [INF] Request starting HTTP/1.1 GET http://localhost:5059/api/authen/check-valid-token - null null
2026-06-28 14:05:28.592 +07:00 [INF] Route matched with {action = "GetTop5Blogs", controller = "Blog"}. Executing controller action with signature Microsoft.AspNetCore.Mvc.ActionResult GetTop5Blogs() on controller BlogApp.Controllers.BlogController (BlogApp).
2026-06-28 14:05:28.592 +07:00 [INF] CORS policy execution successful.
2026-06-28 14:05:28.592 +07:00 [INF] CORS policy execution successful.
2026-06-28 14:05:28.592 +07:00 [INF] Executing endpoint 'BlogApp.Controllers.BlogController.Get5LatestBlogs (BlogApp)'
2026-06-28 14:05:28.592 +07:00 [INF] Executing endpoint 'BlogApp.Controllers.AuthenController.CheckValidToken (BlogApp)'
2026-06-28 14:05:28.592 +07:00 [INF] Route matched with {action = "Get5LatestBlogs", controller = "Blog"}. Executing controller action with signature Microsoft.AspNetCore.Mvc.ActionResult Get5LatestBlogs() on controller BlogApp.Controllers.BlogController (BlogApp).
2026-06-28 14:05:28.593 +07:00 [INF] Route matched with {action = "CheckValidToken", controller = "Authen"}. Executing controller action with signature Microsoft.AspNetCore.Mvc.ActionResult`1[BlogApp.DTOs.ResponseBaseDTO] CheckValidToken() on controller BlogApp.Controllers.AuthenController (BlogApp).
2026-06-28 14:05:28.593 +07:00 [INF] Executing OkObjectResult, writing value of type 'BlogApp.DTOs.ResponseBaseDTO'.
2026-06-28 14:05:28.593 +07:00 [INF] Executed action BlogApp.Controllers.AuthenController.CheckValidToken (BlogApp) in 0.6497ms
2026-06-28 14:05:28.593 +07:00 [INF] Executed endpoint 'BlogApp.Controllers.AuthenController.CheckValidToken (BlogApp)'
2026-06-28 14:05:28.593 +07:00 [INF] HTTP GET /api/authen/check-valid-token responded 200 in 1.2637 ms
2026-06-28 14:05:28.594 +07:00 [INF] Request finished HTTP/1.1 GET http://localhost:5059/api/authen/check-valid-token - 200 null application/json; charset=utf-8 1.9746ms
2026-06-28 14:05:28.595 +07:00 [INF] Executed DbCommand (2ms) [Parameters=[], CommandType='"Text"', CommandTimeout='30']
SELECT b."Id", b."AmountOfAccesses", b."AuthorId", b."Content", b."CoverImage", b."CreatedAt", b."PublishedAt", b."State", b."Tags", b."Title", b."UpdatedAt"
FROM "Blogs" AS b
ORDER BY b."CreatedAt" DESC
2026-06-28 14:05:28.595 +07:00 [INF] Request starting HTTP/1.1 GET http://localhost:5059/api/authen/check-valid-token - null null
2026-06-28 14:05:28.595 +07:00 [INF] CORS policy execution successful.
2026-06-28 14:05:28.596 +07:00 [INF] Executing endpoint 'BlogApp.Controllers.AuthenController.CheckValidToken (BlogApp)'
2026-06-28 14:05:28.596 +07:00 [INF] Executed DbCommand (2ms) [Parameters=[], CommandType='"Text"', CommandTimeout='30']
SELECT b."Id", b."AmountOfAccesses", b."AuthorId", b."Content", b."CoverImage", b."CreatedAt", b."PublishedAt", b."State", b."Tags", b."Title", b."UpdatedAt"
FROM "Blogs" AS b
ORDER BY b."CreatedAt" DESC
2026-06-28 14:05:28.596 +07:00 [INF] Route matched with {action = "CheckValidToken", controller = "Authen"}. Executing controller action with signature Microsoft.AspNetCore.Mvc.ActionResult`1[BlogApp.DTOs.ResponseBaseDTO] CheckValidToken() on controller BlogApp.Controllers.AuthenController (BlogApp).
2026-06-28 14:05:28.596 +07:00 [INF] Executed DbCommand (3ms) [Parameters=[], CommandType='"Text"', CommandTimeout='30']

            SELECT tag AS Name, COUNT(*) AS blog_count
            FROM "Blogs", UNNEST("Tags") AS tag
            GROUP BY tag
            ORDER BY blog_count DESC
            LIMIT 5
2026-06-28 14:05:28.596 +07:00 [INF] Executed DbCommand (3ms) [Parameters=[], CommandType='"Text"', CommandTimeout='30']
SELECT t."Name", t."CreatedAt", t."Description", t."UpdatedAt"
FROM "Tags" AS t
ORDER BY t."Name" DESC
2026-06-28 14:05:28.596 +07:00 [INF] Executing OkObjectResult, writing value of type 'BlogApp.DTOs.BlogListRespDTO'.
2026-06-28 14:05:28.596 +07:00 [INF] Executing OkObjectResult, writing value of type 'BlogApp.DTOs.TagListRespDTO'.
2026-06-28 14:05:28.596 +07:00 [INF] Executing OkObjectResult, writing value of type 'BlogApp.DTOs.ResponseBaseDTO'.
2026-06-28 14:05:28.596 +07:00 [INF] Executed action BlogApp.Controllers.TagController.GetTop5Tags (BlogApp) in 5.1276ms
2026-06-28 14:05:28.596 +07:00 [INF] Executed action BlogApp.Controllers.BlogController.GetTop5Blogs (BlogApp) in 4.2073ms
2026-06-28 14:05:28.596 +07:00 [INF] Executed action BlogApp.Controllers.AuthenController.CheckValidToken (BlogApp) in 0.5645ms
2026-06-28 14:05:28.596 +07:00 [INF] Executed endpoint 'BlogApp.Controllers.TagController.GetTop5Tags (BlogApp)'
2026-06-28 14:05:28.597 +07:00 [INF] Executed endpoint 'BlogApp.Controllers.BlogController.GetTop5Blogs (BlogApp)'
2026-06-28 14:05:28.597 +07:00 [INF] Executing OkObjectResult, writing value of type 'BlogApp.DTOs.BlogListRespDTO'.
2026-06-28 14:05:28.597 +07:00 [INF] Executed endpoint 'BlogApp.Controllers.AuthenController.CheckValidToken (BlogApp)'
2026-06-28 14:05:28.597 +07:00 [INF] HTTP GET /api/tags/topfive responded 200 in 6.0321 ms
2026-06-28 14:05:28.597 +07:00 [INF] Executing OkObjectResult, writing value of type 'BlogApp.DTOs.TagListRespDTO'.
2026-06-28 14:05:28.597 +07:00 [INF] HTTP GET /api/blog/topfive responded 200 in 5.1007 ms
2026-06-28 14:05:28.597 +07:00 [INF] HTTP GET /api/authen/check-valid-token responded 200 in 1.5029 ms
2026-06-28 14:05:28.597 +07:00 [INF] Executed action BlogApp.Controllers.BlogController.Get5LatestBlogs (BlogApp) in 4.2852ms
2026-06-28 14:05:28.597 +07:00 [INF] Request finished HTTP/1.1 GET http://localhost:5059/api/authen/check-valid-token - 200 null application/json; charset=utf-8 2.1274ms
2026-06-28 14:05:28.597 +07:00 [INF] Executed action BlogApp.Controllers.TagController.GetAllTags (BlogApp) in 5.9219ms
2026-06-28 14:05:28.597 +07:00 [INF] Request finished HTTP/1.1 GET http://localhost:5059/api/blog/topfive - 200 null application/json; charset=utf-8 5.6616ms
2026-06-28 14:05:28.597 +07:00 [INF] Request finished HTTP/1.1 GET http://localhost:5059/api/tags/topfive - 200 null application/json; charset=utf-8 6.5954ms
2026-06-28 14:05:28.597 +07:00 [INF] Executed endpoint 'BlogApp.Controllers.BlogController.Get5LatestBlogs (BlogApp)'
2026-06-28 14:05:28.597 +07:00 [INF] Executed endpoint 'BlogApp.Controllers.TagController.GetAllTags (BlogApp)'
2026-06-28 14:05:28.598 +07:00 [INF] HTTP GET /api/blog/fivelatest responded 200 in 5.4245 ms
2026-06-28 14:05:28.598 +07:00 [INF] HTTP GET /api/tags responded 200 in 7.2748 ms
2026-06-28 14:05:28.598 +07:00 [INF] Request finished HTTP/1.1 GET http://localhost:5059/api/blog/fivelatest - 200 null application/json; charset=utf-8 5.8875ms
2026-06-28 14:05:28.598 +07:00 [INF] Request finished HTTP/1.1 GET http://localhost:5059/api/tags - 200 null application/json; charset=utf-8 7.8498ms
2026-06-28 14:05:28.599 +07:00 [INF] Request starting HTTP/1.1 GET http://localhost:5059/api/authen/check-valid-token - null null
2026-06-28 14:05:28.599 +07:00 [INF] Request starting HTTP/1.1 GET http://localhost:5059/api/tags - null null
2026-06-28 14:05:28.599 +07:00 [INF] Request starting HTTP/1.1 GET http://localhost:5059/api/blog/topfive - null null
2026-06-28 14:05:28.599 +07:00 [INF] Request starting HTTP/1.1 GET http://localhost:5059/api/tags/topfive - null null
2026-06-28 14:05:28.599 +07:00 [INF] CORS policy execution successful.
2026-06-28 14:05:28.599 +07:00 [INF] Request starting HTTP/1.1 GET http://localhost:5059/api/blog/fivelatest - null null
2026-06-28 14:05:28.599 +07:00 [INF] CORS policy execution successful.
2026-06-28 14:05:28.599 +07:00 [INF] CORS policy execution successful.
2026-06-28 14:05:28.599 +07:00 [INF] CORS policy execution successful.
2026-06-28 14:05:28.599 +07:00 [INF] CORS policy execution successful.
2026-06-28 14:05:28.600 +07:00 [INF] Executing endpoint 'BlogApp.Controllers.AuthenController.CheckValidToken (BlogApp)'
2026-06-28 14:05:28.600 +07:00 [INF] Executing endpoint 'BlogApp.Controllers.TagController.GetAllTags (BlogApp)'
2026-06-28 14:05:28.600 +07:00 [INF] Route matched with {action = "CheckValidToken", controller = "Authen"}. Executing controller action with signature Microsoft.AspNetCore.Mvc.ActionResult`1[BlogApp.DTOs.ResponseBaseDTO] CheckValidToken() on controller BlogApp.Controllers.AuthenController (BlogApp).
2026-06-28 14:05:28.600 +07:00 [INF] Route matched with {action = "GetAllTags", controller = "Tag"}. Executing controller action with signature Microsoft.AspNetCore.Mvc.ActionResult`1[BlogApp.DTOs.TagListRespDTO] GetAllTags() on controller BlogApp.Controllers.TagController (BlogApp).
2026-06-28 14:05:28.600 +07:00 [INF] Executing endpoint 'BlogApp.Controllers.TagController.GetTop5Tags (BlogApp)'
2026-06-28 14:05:28.600 +07:00 [INF] Executing endpoint 'BlogApp.Controllers.BlogController.GetTop5Blogs (BlogApp)'
2026-06-28 14:05:28.600 +07:00 [INF] Executing endpoint 'BlogApp.Controllers.BlogController.Get5LatestBlogs (BlogApp)'
2026-06-28 14:05:28.600 +07:00 [INF] Route matched with {action = "GetTop5Tags", controller = "Tag"}. Executing controller action with signature Microsoft.AspNetCore.Mvc.ActionResult GetTop5Tags() on controller BlogApp.Controllers.TagController (BlogApp).
2026-06-28 14:05:28.600 +07:00 [INF] Route matched with {action = "GetTop5Blogs", controller = "Blog"}. Executing controller action with signature Microsoft.AspNetCore.Mvc.ActionResult GetTop5Blogs() on controller BlogApp.Controllers.BlogController (BlogApp).
2026-06-28 14:05:28.600 +07:00 [INF] Route matched with {action = "Get5LatestBlogs", controller = "Blog"}. Executing controller action with signature Microsoft.AspNetCore.Mvc.ActionResult Get5LatestBlogs() on controller BlogApp.Controllers.BlogController (BlogApp).
2026-06-28 14:05:28.600 +07:00 [INF] Executing OkObjectResult, writing value of type 'BlogApp.DTOs.ResponseBaseDTO'.
2026-06-28 14:05:28.600 +07:00 [INF] Executed action BlogApp.Controllers.AuthenController.CheckValidToken (BlogApp) in 0.545ms
2026-06-28 14:05:28.600 +07:00 [INF] Executed endpoint 'BlogApp.Controllers.AuthenController.CheckValidToken (BlogApp)'
2026-06-28 14:05:28.600 +07:00 [INF] HTTP GET /api/authen/check-valid-token responded 200 in 1.1169 ms
2026-06-28 14:05:28.601 +07:00 [INF] Request finished HTTP/1.1 GET http://localhost:5059/api/authen/check-valid-token - 200 null application/json; charset=utf-8 1.8475ms
2026-06-28 14:05:28.602 +07:00 [INF] Executed DbCommand (1ms) [Parameters=[], CommandType='"Text"', CommandTimeout='30']
SELECT b."Id", b."AmountOfAccesses", b."AuthorId", b."Content", b."CoverImage", b."CreatedAt", b."PublishedAt", b."State", b."Tags", b."Title", b."UpdatedAt"
FROM "Blogs" AS b
ORDER BY b."CreatedAt" DESC
2026-06-28 14:05:28.602 +07:00 [INF] Executed DbCommand (1ms) [Parameters=[], CommandType='"Text"', CommandTimeout='30']

            SELECT tag AS Name, COUNT(*) AS blog_count
            FROM "Blogs", UNNEST("Tags") AS tag
            GROUP BY tag
            ORDER BY blog_count DESC
            LIMIT 5
2026-06-28 14:05:28.602 +07:00 [INF] Executed DbCommand (1ms) [Parameters=[], CommandType='"Text"', CommandTimeout='30']
SELECT b."Id", b."AmountOfAccesses", b."AuthorId", b."Content", b."CoverImage", b."CreatedAt", b."PublishedAt", b."State", b."Tags", b."Title", b."UpdatedAt"
FROM "Blogs" AS b
ORDER BY b."CreatedAt" DESC
2026-06-28 14:05:28.602 +07:00 [INF] Executed DbCommand (1ms) [Parameters=[], CommandType='"Text"', CommandTimeout='30']
SELECT t."Name", t."CreatedAt", t."Description", t."UpdatedAt"
FROM "Tags" AS t
ORDER BY t."Name" DESC
2026-06-28 14:05:28.603 +07:00 [INF] Executing OkObjectResult, writing value of type 'BlogApp.DTOs.TagListRespDTO'.
2026-06-28 14:05:28.603 +07:00 [INF] Executed action BlogApp.Controllers.TagController.GetTop5Tags (BlogApp) in 2.8194ms
2026-06-28 14:05:28.603 +07:00 [INF] Executed endpoint 'BlogApp.Controllers.TagController.GetTop5Tags (BlogApp)'
2026-06-28 14:05:28.603 +07:00 [INF] HTTP GET /api/tags/topfive responded 200 in 3.4463 ms
2026-06-28 14:05:28.603 +07:00 [INF] Executing OkObjectResult, writing value of type 'BlogApp.DTOs.BlogListRespDTO'.
2026-06-28 14:05:28.603 +07:00 [INF] Executing OkObjectResult, writing value of type 'BlogApp.DTOs.TagListRespDTO'.
2026-06-28 14:05:28.604 +07:00 [INF] Request finished HTTP/1.1 GET http://localhost:5059/api/tags/topfive - 200 null application/json; charset=utf-8 5.1941ms
2026-06-28 14:05:28.603 +07:00 [INF] Executing OkObjectResult, writing value of type 'BlogApp.DTOs.BlogListRespDTO'.
2026-06-28 14:05:28.604 +07:00 [INF] Executed action BlogApp.Controllers.BlogController.GetTop5Blogs (BlogApp) in 4.2261ms
2026-06-28 14:05:28.604 +07:00 [INF] Executed action BlogApp.Controllers.TagController.GetAllTags (BlogApp) in 4.5117ms
2026-06-28 14:05:28.605 +07:00 [INF] Executed endpoint 'BlogApp.Controllers.BlogController.GetTop5Blogs (BlogApp)'
2026-06-28 14:05:28.605 +07:00 [INF] Executed action BlogApp.Controllers.BlogController.Get5LatestBlogs (BlogApp) in 4.3387ms
2026-06-28 14:05:28.605 +07:00 [INF] Executed endpoint 'BlogApp.Controllers.TagController.GetAllTags (BlogApp)'
2026-06-28 14:05:28.605 +07:00 [INF] HTTP GET /api/blog/topfive responded 200 in 5.1157 ms
2026-06-28 14:05:28.605 +07:00 [INF] Executed endpoint 'BlogApp.Controllers.BlogController.Get5LatestBlogs (BlogApp)'
2026-06-28 14:05:28.605 +07:00 [INF] HTTP GET /api/tags responded 200 in 5.2751 ms
2026-06-28 14:05:28.605 +07:00 [INF] HTTP GET /api/blog/fivelatest responded 200 in 5.2757 ms
2026-06-28 14:05:28.605 +07:00 [INF] Request finished HTTP/1.1 GET http://localhost:5059/api/tags - 200 null application/json; charset=utf-8 6.0937ms
2026-06-28 14:05:28.605 +07:00 [INF] Request finished HTTP/1.1 GET http://localhost:5059/api/blog/topfive - 200 null application/json; charset=utf-8 5.838ms
2026-06-28 14:05:28.605 +07:00 [INF] Request finished HTTP/1.1 GET http://localhost:5059/api/blog/fivelatest - 200 null application/json; charset=utf-8 5.9515ms
2026-06-28 14:05:41.730 +07:00 [INF] Request starting HTTP/1.1 OPTIONS http://localhost:5059/api/blog/create - null null
2026-06-28 14:05:41.730 +07:00 [INF] CORS policy execution successful.
2026-06-28 14:05:41.730 +07:00 [INF] Request finished HTTP/1.1 OPTIONS http://localhost:5059/api/blog/create - 204 null null 0.4944ms
2026-06-28 14:05:41.732 +07:00 [INF] Request starting HTTP/1.1 POST http://localhost:5059/api/blog/create - multipart/form-data; boundary=----WebKitFormBoundaryPnp8vOFGqvW2tyuT 242
2026-06-28 14:05:41.733 +07:00 [INF] CORS policy execution successful.
2026-06-28 14:05:41.733 +07:00 [INF] Executing endpoint '405 HTTP Method Not Supported'
2026-06-28 14:05:41.733 +07:00 [INF] Executed endpoint '405 HTTP Method Not Supported'
2026-06-28 14:05:41.733 +07:00 [INF] HTTP POST /api/blog/create responded 405 in 0.5497 ms
2026-06-28 14:05:41.733 +07:00 [INF] Request finished HTTP/1.1 POST http://localhost:5059/api/blog/create - 405 0 null 0.8525ms
2026-06-28 14:06:29.823 +07:00 [INF] User profile is available. Using '/home/kieudangkimbao2000/.aspnet/DataProtection-Keys' as key repository; keys will not be encrypted at rest.
2026-06-28 14:06:30.041 +07:00 [WRN] The ASP.NET Core developer certificate is not trusted. For information about trusting the ASP.NET Core developer certificate, see https://aka.ms/aspnet/https-trust-dev-cert
2026-06-28 14:06:30.054 +07:00 [INF] Now listening on: https://localhost:7065
2026-06-28 14:06:30.055 +07:00 [INF] Now listening on: http://localhost:5059
2026-06-28 14:06:30.056 +07:00 [INF] Application started. Press Ctrl+C to shut down.
2026-06-28 14:06:30.057 +07:00 [INF] Hosting environment: Development
2026-06-28 14:06:30.057 +07:00 [INF] Content root path: /home/kieudangkimbao2000/WorkSpace/BlogApp/backend
2026-06-28 14:06:32.309 +07:00 [INF] Request starting HTTP/1.1 OPTIONS http://localhost:5059/api/blog/create - null null
2026-06-28 14:06:32.335 +07:00 [INF] CORS policy execution successful.
2026-06-28 14:06:32.340 +07:00 [INF] Request finished HTTP/1.1 OPTIONS http://localhost:5059/api/blog/create - 204 null null 31.5613ms
2026-06-28 14:06:32.343 +07:00 [INF] Request starting HTTP/1.1 POST http://localhost:5059/api/blog/create - multipart/form-data; boundary=----WebKitFormBoundaryNBBcuiZyocfBrbll 242
2026-06-28 14:06:32.344 +07:00 [INF] CORS policy execution successful.
2026-06-28 14:06:32.410 +07:00 [INF] Executing endpoint '405 HTTP Method Not Supported'
2026-06-28 14:06:32.410 +07:00 [INF] Executed endpoint '405 HTTP Method Not Supported'
2026-06-28 14:06:32.412 +07:00 [INF] HTTP POST /api/blog/create responded 405 in 65.0587 ms
2026-06-28 14:06:32.413 +07:00 [INF] Request finished HTTP/1.1 POST http://localhost:5059/api/blog/create - 405 0 null 70.2675ms
2026-06-28 14:06:39.020 +07:00 [INF] Request starting HTTP/1.1 OPTIONS http://localhost:5059/api/blog/create - null null
2026-06-28 14:06:39.021 +07:00 [INF] CORS policy execution successful.
2026-06-28 14:06:39.022 +07:00 [INF] Request finished HTTP/1.1 OPTIONS http://localhost:5059/api/blog/create - 204 null null 2.2259ms
2026-06-28 14:06:39.024 +07:00 [INF] Request starting HTTP/1.1 POST http://localhost:5059/api/blog/create - multipart/form-data; boundary=----WebKitFormBoundaryZ5TQkyFg6CAFHHyr 242
2026-06-28 14:06:39.025 +07:00 [INF] CORS policy execution successful.
2026-06-28 14:06:39.026 +07:00 [INF] Executing endpoint '405 HTTP Method Not Supported'
2026-06-28 14:06:39.026 +07:00 [INF] Executed endpoint '405 HTTP Method Not Supported'
2026-06-28 14:06:39.026 +07:00 [INF] HTTP POST /api/blog/create responded 405 in 1.2721 ms
2026-06-28 14:06:39.026 +07:00 [INF] Request finished HTTP/1.1 POST http://localhost:5059/api/blog/create - 405 0 null 2.4568ms
2026-06-28 14:07:09.098 +07:00 [INF] Request starting HTTP/1.1 OPTIONS http://localhost:5059/api/blog/create - null null
2026-06-28 14:07:09.100 +07:00 [INF] CORS policy execution successful.
2026-06-28 14:07:09.102 +07:00 [INF] Request finished HTTP/1.1 OPTIONS http://localhost:5059/api/blog/create - 204 null null 2.2373ms
2026-06-28 14:07:09.103 +07:00 [INF] Request starting HTTP/1.1 POST http://localhost:5059/api/blog/create - multipart/form-data; boundary=----WebKitFormBoundaryZ17pgaakMOcTT6zc 242
2026-06-28 14:07:09.104 +07:00 [INF] CORS policy execution successful.
2026-06-28 14:07:09.108 +07:00 [INF] Executing endpoint '405 HTTP Method Not Supported'
2026-06-28 14:07:09.108 +07:00 [INF] Executed endpoint '405 HTTP Method Not Supported'
2026-06-28 14:07:09.108 +07:00 [INF] HTTP POST /api/blog/create responded 405 in 3.2944 ms
2026-06-28 14:07:09.108 +07:00 [INF] Request finished HTTP/1.1 POST http://localhost:5059/api/blog/create - 405 0 null 4.7993ms
2026-06-28 14:07:34.481 +07:00 [INF] Request starting HTTP/1.1 OPTIONS http://localhost:5059/api/blog/create - null null
2026-06-28 14:07:34.481 +07:00 [INF] CORS policy execution successful.
2026-06-28 14:07:34.481 +07:00 [INF] Request finished HTTP/1.1 OPTIONS http://localhost:5059/api/blog/create - 204 null null 0.5219ms
2026-06-28 14:07:34.482 +07:00 [INF] Request starting HTTP/1.1 POST http://localhost:5059/api/blog/create - multipart/form-data; boundary=----WebKitFormBoundary2DCnJwWtFRkgz21Z 242
2026-06-28 14:07:34.482 +07:00 [INF] CORS policy execution successful.
2026-06-28 14:07:34.483 +07:00 [INF] Executing endpoint '405 HTTP Method Not Supported'
2026-06-28 14:07:34.483 +07:00 [INF] Executed endpoint '405 HTTP Method Not Supported'
2026-06-28 14:07:34.483 +07:00 [INF] HTTP POST /api/blog/create responded 405 in 0.4358 ms
2026-06-28 14:07:34.483 +07:00 [INF] Request finished HTTP/1.1 POST http://localhost:5059/api/blog/create - 405 0 null 0.8507ms
2026-06-28 14:08:23.541 +07:00 [INF] Request starting HTTP/1.1 OPTIONS http://localhost:5059/api/blog/create - null null
2026-06-28 14:08:23.542 +07:00 [INF] CORS policy execution successful.
2026-06-28 14:08:23.542 +07:00 [INF] Request finished HTTP/1.1 OPTIONS http://localhost:5059/api/blog/create - 204 null null 1.7509ms
2026-06-28 14:08:23.545 +07:00 [INF] Request starting HTTP/1.1 POST http://localhost:5059/api/blog/create - multipart/form-data; boundary=----WebKitFormBoundaryuAED12efBIkehhiD 242
2026-06-28 14:08:23.545 +07:00 [INF] CORS policy execution successful.
2026-06-28 14:08:23.546 +07:00 [INF] Executing endpoint '405 HTTP Method Not Supported'
2026-06-28 14:08:23.546 +07:00 [INF] Executed endpoint '405 HTTP Method Not Supported'
2026-06-28 14:08:23.547 +07:00 [INF] HTTP POST /api/blog/create responded 405 in 1.0822 ms
2026-06-28 14:08:23.547 +07:00 [INF] Request finished HTTP/1.1 POST http://localhost:5059/api/blog/create - 405 0 null 2.0187ms
2026-06-28 14:09:06.851 +07:00 [INF] Request starting HTTP/1.1 OPTIONS http://localhost:5059/api/blog/create - null null
2026-06-28 14:09:06.851 +07:00 [INF] CORS policy execution successful.
2026-06-28 14:09:06.852 +07:00 [INF] Request finished HTTP/1.1 OPTIONS http://localhost:5059/api/blog/create - 204 null null 0.5714ms
2026-06-28 14:09:06.853 +07:00 [INF] Request starting HTTP/1.1 POST http://localhost:5059/api/blog/create - multipart/form-data; boundary=----WebKitFormBoundarywgPJoApvYWGHU01O 242
2026-06-28 14:09:06.853 +07:00 [INF] CORS policy execution successful.
2026-06-28 14:09:06.853 +07:00 [INF] Executing endpoint '405 HTTP Method Not Supported'
2026-06-28 14:09:06.853 +07:00 [INF] Executed endpoint '405 HTTP Method Not Supported'
2026-06-28 14:09:06.853 +07:00 [INF] HTTP POST /api/blog/create responded 405 in 0.4107 ms
2026-06-28 14:09:06.853 +07:00 [INF] Request finished HTTP/1.1 POST http://localhost:5059/api/blog/create - 405 0 null 0.8224ms
2026-06-28 14:09:33.511 +07:00 [INF] Request starting HTTP/1.1 OPTIONS http://localhost:5059/api/blog/create - null null
2026-06-28 14:09:33.511 +07:00 [INF] CORS policy execution successful.
2026-06-28 14:09:33.511 +07:00 [INF] Request finished HTTP/1.1 OPTIONS http://localhost:5059/api/blog/create - 204 null null 0.6036ms
2026-06-28 14:09:33.512 +07:00 [INF] Request starting HTTP/1.1 POST http://localhost:5059/api/blog/create - multipart/form-data; boundary=----WebKitFormBoundarylRhAUz5zyvEb3AYQ 242
2026-06-28 14:09:33.512 +07:00 [INF] CORS policy execution successful.
2026-06-28 14:09:33.513 +07:00 [INF] Executing endpoint '405 HTTP Method Not Supported'
2026-06-28 14:09:33.513 +07:00 [INF] Executed endpoint '405 HTTP Method Not Supported'
2026-06-28 14:09:33.513 +07:00 [INF] HTTP POST /api/blog/create responded 405 in 0.3986 ms
2026-06-28 14:09:33.513 +07:00 [INF] Request finished HTTP/1.1 POST http://localhost:5059/api/blog/create - 405 0 null 0.7798ms
2026-06-28 14:10:49.601 +07:00 [INF] User profile is available. Using '/home/kieudangkimbao2000/.aspnet/DataProtection-Keys' as key repository; keys will not be encrypted at rest.
2026-06-28 14:10:49.879 +07:00 [WRN] The ASP.NET Core developer certificate is not trusted. For information about trusting the ASP.NET Core developer certificate, see https://aka.ms/aspnet/https-trust-dev-cert
2026-06-28 14:10:49.901 +07:00 [INF] Now listening on: https://localhost:7065
2026-06-28 14:10:49.902 +07:00 [INF] Now listening on: http://localhost:5059
2026-06-28 14:10:49.905 +07:00 [INF] Application started. Press Ctrl+C to shut down.
2026-06-28 14:10:49.906 +07:00 [INF] Hosting environment: Development
2026-06-28 14:10:49.906 +07:00 [INF] Content root path: /home/kieudangkimbao2000/WorkSpace/BlogApp/backend
2026-06-28 14:10:49.948 +07:00 [INF] Request starting HTTP/1.1 OPTIONS http://localhost:5059/api/blog/fivelatest - null null
2026-06-28 14:10:49.948 +07:00 [INF] Request starting HTTP/1.1 OPTIONS http://localhost:5059/api/tags - null null
2026-06-28 14:10:49.948 +07:00 [INF] Request starting HTTP/1.1 OPTIONS http://localhost:5059/api/authen/check-valid-token - null null
2026-06-28 14:10:49.948 +07:00 [INF] Request starting HTTP/1.1 OPTIONS http://localhost:5059/api/blog/topfive - null null
2026-06-28 14:10:49.948 +07:00 [INF] Request starting HTTP/1.1 OPTIONS http://localhost:5059/api/tags/topfive - null null
2026-06-28 14:10:49.948 +07:00 [INF] Request starting HTTP/1.1 OPTIONS http://localhost:5059/api/authen/check-valid-token - null null
2026-06-28 14:10:49.991 +07:00 [INF] CORS policy execution successful.
2026-06-28 14:10:49.991 +07:00 [INF] CORS policy execution successful.
2026-06-28 14:10:49.991 +07:00 [INF] CORS policy execution successful.
2026-06-28 14:10:49.991 +07:00 [INF] CORS policy execution successful.
2026-06-28 14:10:49.991 +07:00 [INF] CORS policy execution successful.
2026-06-28 14:10:49.991 +07:00 [INF] CORS policy execution successful.
2026-06-28 14:10:50.000 +07:00 [INF] Request finished HTTP/1.1 OPTIONS http://localhost:5059/api/authen/check-valid-token - 204 null null 52.8943ms
2026-06-28 14:10:50.000 +07:00 [INF] Request finished HTTP/1.1 OPTIONS http://localhost:5059/api/blog/fivelatest - 204 null null 52.896ms
2026-06-28 14:10:50.000 +07:00 [INF] Request finished HTTP/1.1 OPTIONS http://localhost:5059/api/tags - 204 null null 52.7915ms
2026-06-28 14:10:50.000 +07:00 [INF] Request finished HTTP/1.1 OPTIONS http://localhost:5059/api/authen/check-valid-token - 204 null null 53.1116ms
2026-06-28 14:10:50.000 +07:00 [INF] Request finished HTTP/1.1 OPTIONS http://localhost:5059/api/blog/topfive - 204 null null 52.763ms
2026-06-28 14:10:50.000 +07:00 [INF] Request finished HTTP/1.1 OPTIONS http://localhost:5059/api/tags/topfive - 204 null null 52.7938ms
2026-06-28 14:11:00.852 +07:00 [INF] Request starting HTTP/1.1 OPTIONS http://localhost:5059/api/authen/check-valid-token - null null
2026-06-28 14:11:00.853 +07:00 [INF] Request starting HTTP/1.1 OPTIONS http://localhost:5059/api/authen/check-valid-token - null null
2026-06-28 14:11:00.855 +07:00 [INF] CORS policy execution successful.
2026-06-28 14:11:00.855 +07:00 [INF] CORS policy execution successful.
2026-06-28 14:11:00.855 +07:00 [INF] Request finished HTTP/1.1 OPTIONS http://localhost:5059/api/authen/check-valid-token - 204 null null 3.3332ms
2026-06-28 14:11:00.855 +07:00 [INF] Request finished HTTP/1.1 OPTIONS http://localhost:5059/api/authen/check-valid-token - 204 null null 2.3759ms
2026-06-28 14:11:00.857 +07:00 [INF] Request starting HTTP/1.1 OPTIONS http://localhost:5059/api/authen/check-valid-token - null null
2026-06-28 14:11:00.857 +07:00 [INF] CORS policy execution successful.
2026-06-28 14:11:00.857 +07:00 [INF] Request finished HTTP/1.1 OPTIONS http://localhost:5059/api/authen/check-valid-token - 204 null null 0.447ms
2026-06-28 14:11:00.857 +07:00 [INF] Request starting HTTP/1.1 OPTIONS http://localhost:5059/api/authen/check-valid-token - null null
2026-06-28 14:11:00.858 +07:00 [INF] CORS policy execution successful.
2026-06-28 14:11:00.858 +07:00 [INF] Request finished HTTP/1.1 OPTIONS http://localhost:5059/api/authen/check-valid-token - 204 null null 0.6153ms
2026-06-28 14:11:00.858 +07:00 [INF] Request starting HTTP/1.1 GET http://localhost:5059/api/authen/check-valid-token - null null
2026-06-28 14:11:00.859 +07:00 [INF] CORS policy execution successful.
2026-06-28 14:11:00.901 +07:00 [INF] Failed to validate the token.
Microsoft.IdentityModel.Tokens.SecurityTokenMalformedException: IDX14100: JWT is not well formed, there are no dots (.).
The token needs to be in JWS or JWE Compact Serialization Format. (JWS): 'EncodedHeader.EncodedPayload.EncodedSignature'. (JWE): 'EncodedProtectedHeader.EncodedEncryptedKey.EncodedInitializationVector.EncodedCiphertext.EncodedAuthenticationTag'.
   at Microsoft.IdentityModel.JsonWebTokens.JsonWebToken.ReadToken(ReadOnlyMemory`1 encodedTokenMemory)
   at Microsoft.IdentityModel.JsonWebTokens.JsonWebToken..ctor(String jwtEncodedString)
   at Microsoft.IdentityModel.JsonWebTokens.JsonWebTokenHandler.ReadToken(String token, TokenValidationParameters validationParameters)
2026-06-28 14:11:00.910 +07:00 [INF] Bearer was not authenticated. Failure message: IDX14100: JWT is not well formed, there are no dots (.).
The token needs to be in JWS or JWE Compact Serialization Format. (JWS): 'EncodedHeader.EncodedPayload.EncodedSignature'. (JWE): 'EncodedProtectedHeader.EncodedEncryptedKey.EncodedInitializationVector.EncodedCiphertext.EncodedAuthenticationTag'.
2026-06-28 14:11:00.918 +07:00 [INF] Authorization failed. These requirements were not met:
DenyAnonymousAuthorizationRequirement: Requires an authenticated user.
2026-06-28 14:11:00.923 +07:00 [INF] AuthenticationScheme: Bearer was challenged.
2026-06-28 14:11:00.925 +07:00 [INF] HTTP GET /api/authen/check-valid-token responded 401 in 63.2524 ms
2026-06-28 14:11:00.927 +07:00 [INF] Request finished HTTP/1.1 GET http://localhost:5059/api/authen/check-valid-token - 401 0 null 68.9249ms
2026-06-28 14:11:00.928 +07:00 [INF] Request starting HTTP/1.1 GET http://localhost:5059/api/authen/check-valid-token - null null
2026-06-28 14:11:00.929 +07:00 [INF] CORS policy execution successful.
2026-06-28 14:11:00.932 +07:00 [INF] Failed to validate the token.
Microsoft.IdentityModel.Tokens.SecurityTokenMalformedException: IDX14100: JWT is not well formed, there are no dots (.).
The token needs to be in JWS or JWE Compact Serialization Format. (JWS): 'EncodedHeader.EncodedPayload.EncodedSignature'. (JWE): 'EncodedProtectedHeader.EncodedEncryptedKey.EncodedInitializationVector.EncodedCiphertext.EncodedAuthenticationTag'.
   at Microsoft.IdentityModel.JsonWebTokens.JsonWebToken.ReadToken(ReadOnlyMemory`1 encodedTokenMemory)
   at Microsoft.IdentityModel.JsonWebTokens.JsonWebToken..ctor(String jwtEncodedString)
   at Microsoft.IdentityModel.JsonWebTokens.JsonWebTokenHandler.ReadToken(String token, TokenValidationParameters validationParameters)
2026-06-28 14:11:00.932 +07:00 [INF] Bearer was not authenticated. Failure message: IDX14100: JWT is not well formed, there are no dots (.).
The token needs to be in JWS or JWE Compact Serialization Format. (JWS): 'EncodedHeader.EncodedPayload.EncodedSignature'. (JWE): 'EncodedProtectedHeader.EncodedEncryptedKey.EncodedInitializationVector.EncodedCiphertext.EncodedAuthenticationTag'.
2026-06-28 14:11:00.932 +07:00 [INF] Authorization failed. These requirements were not met:
DenyAnonymousAuthorizationRequirement: Requires an authenticated user.
2026-06-28 14:11:00.933 +07:00 [INF] AuthenticationScheme: Bearer was challenged.
2026-06-28 14:11:00.933 +07:00 [INF] HTTP GET /api/authen/check-valid-token responded 401 in 3.5845 ms
2026-06-28 14:11:00.933 +07:00 [INF] Request finished HTTP/1.1 GET http://localhost:5059/api/authen/check-valid-token - 401 0 null 4.8058ms
2026-06-28 14:11:00.934 +07:00 [INF] Request starting HTTP/1.1 GET http://localhost:5059/api/authen/check-valid-token - null null
2026-06-28 14:11:00.934 +07:00 [INF] CORS policy execution successful.
2026-06-28 14:11:00.935 +07:00 [INF] Failed to validate the token.
Microsoft.IdentityModel.Tokens.SecurityTokenMalformedException: IDX14100: JWT is not well formed, there are no dots (.).
The token needs to be in JWS or JWE Compact Serialization Format. (JWS): 'EncodedHeader.EncodedPayload.EncodedSignature'. (JWE): 'EncodedProtectedHeader.EncodedEncryptedKey.EncodedInitializationVector.EncodedCiphertext.EncodedAuthenticationTag'.
   at Microsoft.IdentityModel.JsonWebTokens.JsonWebToken.ReadToken(ReadOnlyMemory`1 encodedTokenMemory)
   at Microsoft.IdentityModel.JsonWebTokens.JsonWebToken..ctor(String jwtEncodedString)
   at Microsoft.IdentityModel.JsonWebTokens.JsonWebTokenHandler.ReadToken(String token, TokenValidationParameters validationParameters)
2026-06-28 14:11:00.936 +07:00 [INF] Bearer was not authenticated. Failure message: IDX14100: JWT is not well formed, there are no dots (.).
The token needs to be in JWS or JWE Compact Serialization Format. (JWS): 'EncodedHeader.EncodedPayload.EncodedSignature'. (JWE): 'EncodedProtectedHeader.EncodedEncryptedKey.EncodedInitializationVector.EncodedCiphertext.EncodedAuthenticationTag'.
2026-06-28 14:11:00.937 +07:00 [INF] Authorization failed. These requirements were not met:
DenyAnonymousAuthorizationRequirement: Requires an authenticated user.
2026-06-28 14:11:00.937 +07:00 [INF] AuthenticationScheme: Bearer was challenged.
2026-06-28 14:11:00.937 +07:00 [INF] HTTP GET /api/authen/check-valid-token responded 401 in 3.1791 ms
2026-06-28 14:11:00.938 +07:00 [INF] Request finished HTTP/1.1 GET http://localhost:5059/api/authen/check-valid-token - 401 0 null 3.9658ms
2026-06-28 14:11:00.939 +07:00 [INF] Request starting HTTP/1.1 GET http://localhost:5059/api/authen/check-valid-token - null null
2026-06-28 14:11:00.939 +07:00 [INF] CORS policy execution successful.
2026-06-28 14:11:00.939 +07:00 [INF] Failed to validate the token.
Microsoft.IdentityModel.Tokens.SecurityTokenMalformedException: IDX14100: JWT is not well formed, there are no dots (.).
The token needs to be in JWS or JWE Compact Serialization Format. (JWS): 'EncodedHeader.EncodedPayload.EncodedSignature'. (JWE): 'EncodedProtectedHeader.EncodedEncryptedKey.EncodedInitializationVector.EncodedCiphertext.EncodedAuthenticationTag'.
   at Microsoft.IdentityModel.JsonWebTokens.JsonWebToken.ReadToken(ReadOnlyMemory`1 encodedTokenMemory)
   at Microsoft.IdentityModel.JsonWebTokens.JsonWebToken..ctor(String jwtEncodedString)
   at Microsoft.IdentityModel.JsonWebTokens.JsonWebTokenHandler.ReadToken(String token, TokenValidationParameters validationParameters)
2026-06-28 14:11:00.939 +07:00 [INF] Bearer was not authenticated. Failure message: IDX14100: JWT is not well formed, there are no dots (.).
The token needs to be in JWS or JWE Compact Serialization Format. (JWS): 'EncodedHeader.EncodedPayload.EncodedSignature'. (JWE): 'EncodedProtectedHeader.EncodedEncryptedKey.EncodedInitializationVector.EncodedCiphertext.EncodedAuthenticationTag'.
2026-06-28 14:11:00.940 +07:00 [INF] Authorization failed. These requirements were not met:
DenyAnonymousAuthorizationRequirement: Requires an authenticated user.
2026-06-28 14:11:00.940 +07:00 [INF] AuthenticationScheme: Bearer was challenged.
2026-06-28 14:11:00.940 +07:00 [INF] HTTP GET /api/authen/check-valid-token responded 401 in 0.8008 ms
2026-06-28 14:11:00.940 +07:00 [INF] Request finished HTTP/1.1 GET http://localhost:5059/api/authen/check-valid-token - 401 0 null 1.4484ms
2026-06-28 14:11:16.400 +07:00 [INF] Request starting HTTP/1.1 OPTIONS http://localhost:5059/api/authen/login - null null
2026-06-28 14:11:16.402 +07:00 [INF] CORS policy execution successful.
2026-06-28 14:11:16.403 +07:00 [INF] Request finished HTTP/1.1 OPTIONS http://localhost:5059/api/authen/login - 204 null null 2.4835ms
2026-06-28 14:11:16.405 +07:00 [INF] Request starting HTTP/1.1 POST http://localhost:5059/api/authen/login - multipart/form-data; boundary=----WebKitFormBoundary9rcTLRnc3Z1Gl1BR 246
2026-06-28 14:11:16.406 +07:00 [INF] CORS policy execution successful.
2026-06-28 14:11:16.406 +07:00 [INF] Failed to validate the token.
Microsoft.IdentityModel.Tokens.SecurityTokenMalformedException: IDX14100: JWT is not well formed, there are no dots (.).
The token needs to be in JWS or JWE Compact Serialization Format. (JWS): 'EncodedHeader.EncodedPayload.EncodedSignature'. (JWE): 'EncodedProtectedHeader.EncodedEncryptedKey.EncodedInitializationVector.EncodedCiphertext.EncodedAuthenticationTag'.
   at Microsoft.IdentityModel.JsonWebTokens.JsonWebToken.ReadToken(ReadOnlyMemory`1 encodedTokenMemory)
   at Microsoft.IdentityModel.JsonWebTokens.JsonWebToken..ctor(String jwtEncodedString)
   at Microsoft.IdentityModel.JsonWebTokens.JsonWebTokenHandler.ReadToken(String token, TokenValidationParameters validationParameters)
2026-06-28 14:11:16.406 +07:00 [INF] Bearer was not authenticated. Failure message: IDX14100: JWT is not well formed, there are no dots (.).
The token needs to be in JWS or JWE Compact Serialization Format. (JWS): 'EncodedHeader.EncodedPayload.EncodedSignature'. (JWE): 'EncodedProtectedHeader.EncodedEncryptedKey.EncodedInitializationVector.EncodedCiphertext.EncodedAuthenticationTag'.
2026-06-28 14:11:16.409 +07:00 [INF] Executing endpoint 'BlogApp.Controllers.AuthenController.LoginUser (BlogApp)'
2026-06-28 14:11:16.428 +07:00 [INF] Route matched with {action = "LoginUser", controller = "Authen"}. Executing controller action with signature Microsoft.AspNetCore.Mvc.ActionResult`1[BlogApp.DTOs.LoginRespDTO] LoginUser(BlogApp.DTOs.LoginDTO) on controller BlogApp.Controllers.AuthenController (BlogApp).
2026-06-28 14:11:17.421 +07:00 [INF] Executed DbCommand (44ms) [Parameters=[@username='?'], CommandType='"Text"', CommandTimeout='30']
SELECT a."Username", a."Address", a."Avatar", a."CreatedAt", a."Description", a."Email", a."FullName", a."Functions", a."OtherContact", a."Password", a."Phone", a."Role", a."State", a."UpdatedAt"
FROM "Accounts" AS a
WHERE a."Username" = @username
LIMIT 1
2026-06-28 14:11:17.831 +07:00 [INF] Executing OkObjectResult, writing value of type 'BlogApp.DTOs.LoginRespDTO'.
2026-06-28 14:11:17.850 +07:00 [INF] Executed action BlogApp.Controllers.AuthenController.LoginUser (BlogApp) in 1418.4135ms
2026-06-28 14:11:17.850 +07:00 [INF] Executed endpoint 'BlogApp.Controllers.AuthenController.LoginUser (BlogApp)'
2026-06-28 14:11:17.850 +07:00 [INF] HTTP POST /api/authen/login responded 200 in 1444.4056 ms
2026-06-28 14:11:17.856 +07:00 [INF] Request finished HTTP/1.1 POST http://localhost:5059/api/authen/login - 200 null application/json; charset=utf-8 1450.7643ms
2026-06-28 14:11:19.561 +07:00 [INF] Request starting HTTP/1.1 OPTIONS http://localhost:5059/api/blog/search - null null
2026-06-28 14:11:19.561 +07:00 [INF] Request starting HTTP/1.1 OPTIONS http://localhost:5059/api/authen/check-valid-token - null null
2026-06-28 14:11:19.562 +07:00 [INF] CORS policy execution successful.
2026-06-28 14:11:19.562 +07:00 [INF] Request finished HTTP/1.1 OPTIONS http://localhost:5059/api/authen/check-valid-token - 204 null null 0.6975ms
2026-06-28 14:11:19.562 +07:00 [INF] Request starting HTTP/1.1 OPTIONS http://localhost:5059/api/tags/topfive - null null
2026-06-28 14:11:19.562 +07:00 [INF] CORS policy execution successful.
2026-06-28 14:11:19.562 +07:00 [INF] Request starting HTTP/1.1 OPTIONS http://localhost:5059/api/blog/fivelatest - null null
2026-06-28 14:11:19.562 +07:00 [INF] CORS policy execution successful.
2026-06-28 14:11:19.562 +07:00 [INF] Request finished HTTP/1.1 OPTIONS http://localhost:5059/api/blog/search - 204 null null 1.7669ms
2026-06-28 14:11:19.563 +07:00 [INF] Request finished HTTP/1.1 OPTIONS http://localhost:5059/api/tags/topfive - 204 null null 0.5046ms
2026-06-28 14:11:19.563 +07:00 [INF] CORS policy execution successful.
2026-06-28 14:11:19.563 +07:00 [INF] Request finished HTTP/1.1 OPTIONS http://localhost:5059/api/blog/fivelatest - 204 null null 0.4846ms
2026-06-28 14:11:19.564 +07:00 [INF] Request starting HTTP/1.1 GET http://localhost:5059/api/authen/check-valid-token - null null
2026-06-28 14:11:19.564 +07:00 [INF] Request starting HTTP/1.1 OPTIONS http://localhost:5059/api/blog/topfive - null null
2026-06-28 14:11:19.564 +07:00 [INF] CORS policy execution successful.
2026-06-28 14:11:19.564 +07:00 [INF] CORS policy execution successful.
2026-06-28 14:11:19.564 +07:00 [INF] Request finished HTTP/1.1 OPTIONS http://localhost:5059/api/blog/topfive - 204 null null 0.4185ms
2026-06-28 14:11:19.564 +07:00 [INF] Request starting HTTP/1.1 POST http://localhost:5059/api/blog/search - multipart/form-data; boundary=----WebKitFormBoundary7OQfXAGIHrzbWnFy 528
2026-06-28 14:11:19.564 +07:00 [INF] Request starting HTTP/1.1 GET http://localhost:5059/api/tags/topfive - null null
2026-06-28 14:11:19.565 +07:00 [INF] CORS policy execution successful.
2026-06-28 14:11:19.565 +07:00 [INF] Request starting HTTP/1.1 GET http://localhost:5059/api/blog/fivelatest - null null
2026-06-28 14:11:19.565 +07:00 [INF] CORS policy execution successful.
2026-06-28 14:11:19.565 +07:00 [INF] CORS policy execution successful.
2026-06-28 14:11:19.565 +07:00 [INF] Request starting HTTP/1.1 GET http://localhost:5059/api/blog/topfive - null null
2026-06-28 14:11:19.565 +07:00 [INF] CORS policy execution successful.
2026-06-28 14:11:19.591 +07:00 [INF] Executing endpoint 'BlogApp.Controllers.BlogController.Get5LatestBlogs (BlogApp)'
2026-06-28 14:11:19.591 +07:00 [INF] Executing endpoint 'BlogApp.Controllers.AuthenController.CheckValidToken (BlogApp)'
2026-06-28 14:11:19.591 +07:00 [INF] Executing endpoint 'BlogApp.Controllers.BlogController.GetTop5Blogs (BlogApp)'
2026-06-28 14:11:19.591 +07:00 [INF] Executing endpoint 'BlogApp.Controllers.TagController.GetTop5Tags (BlogApp)'
2026-06-28 14:11:19.591 +07:00 [INF] Executing endpoint 'BlogApp.Controllers.BlogController.SearchBlogs (BlogApp)'
2026-06-28 14:11:19.593 +07:00 [INF] Route matched with {action = "Get5LatestBlogs", controller = "Blog"}. Executing controller action with signature Microsoft.AspNetCore.Mvc.ActionResult Get5LatestBlogs() on controller BlogApp.Controllers.BlogController (BlogApp).
2026-06-28 14:11:19.593 +07:00 [INF] Route matched with {action = "SearchBlogs", controller = "Blog"}. Executing controller action with signature Microsoft.AspNetCore.Mvc.ActionResult SearchBlogs(BlogApp.DTOs.SearchBlogReqDTO) on controller BlogApp.Controllers.BlogController (BlogApp).
2026-06-28 14:11:19.593 +07:00 [INF] Route matched with {action = "GetTop5Tags", controller = "Tag"}. Executing controller action with signature Microsoft.AspNetCore.Mvc.ActionResult GetTop5Tags() on controller BlogApp.Controllers.TagController (BlogApp).
2026-06-28 14:11:19.593 +07:00 [INF] Route matched with {action = "CheckValidToken", controller = "Authen"}. Executing controller action with signature Microsoft.AspNetCore.Mvc.ActionResult`1[BlogApp.DTOs.ResponseBaseDTO] CheckValidToken() on controller BlogApp.Controllers.AuthenController (BlogApp).
2026-06-28 14:11:19.593 +07:00 [INF] Route matched with {action = "GetTop5Blogs", controller = "Blog"}. Executing controller action with signature Microsoft.AspNetCore.Mvc.ActionResult GetTop5Blogs() on controller BlogApp.Controllers.BlogController (BlogApp).
2026-06-28 14:11:19.596 +07:00 [INF] Executing OkObjectResult, writing value of type 'BlogApp.DTOs.ResponseBaseDTO'.
2026-06-28 14:11:19.598 +07:00 [INF] Executed action BlogApp.Controllers.AuthenController.CheckValidToken (BlogApp) in 4.7778ms
2026-06-28 14:11:19.598 +07:00 [INF] Executed endpoint 'BlogApp.Controllers.AuthenController.CheckValidToken (BlogApp)'
2026-06-28 14:11:19.599 +07:00 [INF] HTTP GET /api/authen/check-valid-token responded 200 in 34.4444 ms
2026-06-28 14:11:19.599 +07:00 [INF] Request finished HTTP/1.1 GET http://localhost:5059/api/authen/check-valid-token - 200 null application/json; charset=utf-8 35.0424ms
2026-06-28 14:11:19.601 +07:00 [INF] Executing ObjectResult, writing value of type 'Microsoft.AspNetCore.Mvc.ProblemDetails'.
2026-06-28 14:11:19.612 +07:00 [INF] Executed DbCommand (2ms) [Parameters=[], CommandType='"Text"', CommandTimeout='30']
SELECT b."Id", b."AmountOfAccesses", b."AuthorId", b."Content", b."CoverImage", b."CreatedAt", b."PublishedAt", b."State", b."Tags", b."Title", b."UpdatedAt"
FROM "Blogs" AS b
ORDER BY b."CreatedAt" DESC
2026-06-28 14:11:19.615 +07:00 [INF] Executed DbCommand (1ms) [Parameters=[], CommandType='"Text"', CommandTimeout='30']
SELECT b."Id", b."AmountOfAccesses", b."AuthorId", b."Content", b."CoverImage", b."CreatedAt", b."PublishedAt", b."State", b."Tags", b."Title", b."UpdatedAt"
FROM "Blogs" AS b
ORDER BY b."CreatedAt" DESC
2026-06-28 14:11:19.620 +07:00 [INF] Executed action BlogApp.Controllers.BlogController.SearchBlogs (BlogApp) in 26.6353ms
2026-06-28 14:11:19.620 +07:00 [INF] Executed endpoint 'BlogApp.Controllers.BlogController.SearchBlogs (BlogApp)'
2026-06-28 14:11:19.620 +07:00 [INF] HTTP POST /api/blog/search responded 415 in 55.5909 ms
2026-06-28 14:11:19.620 +07:00 [INF] Request finished HTTP/1.1 POST http://localhost:5059/api/blog/search - 415 null application/problem+json; charset=utf-8 56.1115ms
2026-06-28 14:11:19.622 +07:00 [INF] Executed DbCommand (1ms) [Parameters=[], CommandType='"Text"', CommandTimeout='30']

            SELECT tag AS Name, COUNT(*) AS blog_count
            FROM "Blogs", UNNEST("Tags") AS tag
            GROUP BY tag
            ORDER BY blog_count DESC
            LIMIT 5
2026-06-28 14:11:19.626 +07:00 [INF] Executing OkObjectResult, writing value of type 'BlogApp.DTOs.TagListRespDTO'.
2026-06-28 14:11:19.635 +07:00 [INF] Executing OkObjectResult, writing value of type 'BlogApp.DTOs.BlogListRespDTO'.
2026-06-28 14:11:19.635 +07:00 [INF] Executing OkObjectResult, writing value of type 'BlogApp.DTOs.BlogListRespDTO'.
2026-06-28 14:11:19.636 +07:00 [INF] Executed action BlogApp.Controllers.TagController.GetTop5Tags (BlogApp) in 42.1636ms
2026-06-28 14:11:19.636 +07:00 [INF] Executed endpoint 'BlogApp.Controllers.TagController.GetTop5Tags (BlogApp)'
2026-06-28 14:11:19.636 +07:00 [INF] HTTP GET /api/tags/topfive responded 200 in 71.0417 ms
2026-06-28 14:11:19.636 +07:00 [INF] Request finished HTTP/1.1 GET http://localhost:5059/api/tags/topfive - 200 null application/json; charset=utf-8 71.795ms
2026-06-28 14:11:19.643 +07:00 [INF] Executed action BlogApp.Controllers.BlogController.GetTop5Blogs (BlogApp) in 49.246ms
2026-06-28 14:11:19.643 +07:00 [INF] Executed action BlogApp.Controllers.BlogController.Get5LatestBlogs (BlogApp) in 49.5563ms
2026-06-28 14:11:19.643 +07:00 [INF] Executed endpoint 'BlogApp.Controllers.BlogController.GetTop5Blogs (BlogApp)'
2026-06-28 14:11:19.643 +07:00 [INF] Executed endpoint 'BlogApp.Controllers.BlogController.Get5LatestBlogs (BlogApp)'
2026-06-28 14:11:19.643 +07:00 [INF] HTTP GET /api/blog/topfive responded 200 in 78.0880 ms
2026-06-28 14:11:19.643 +07:00 [INF] HTTP GET /api/blog/fivelatest responded 200 in 78.3454 ms
2026-06-28 14:11:19.643 +07:00 [INF] Request finished HTTP/1.1 GET http://localhost:5059/api/blog/topfive - 200 null application/json; charset=utf-8 78.5404ms
2026-06-28 14:11:19.643 +07:00 [INF] Request finished HTTP/1.1 GET http://localhost:5059/api/blog/fivelatest - 200 null application/json; charset=utf-8 78.8213ms
2026-06-28 14:11:20.657 +07:00 [INF] Request starting HTTP/1.1 GET http://localhost:5059/api/tags/topfive - null null
2026-06-28 14:11:20.657 +07:00 [INF] Request starting HTTP/1.1 GET http://localhost:5059/api/blog/topfive - null null
2026-06-28 14:11:20.657 +07:00 [INF] Request starting HTTP/1.1 POST http://localhost:5059/api/blog/search - multipart/form-data; boundary=----WebKitFormBoundarybxeExkNFgtD6zN7g 528
2026-06-28 14:11:20.657 +07:00 [INF] Request starting HTTP/1.1 GET http://localhost:5059/api/blog/fivelatest - null null
2026-06-28 14:11:20.657 +07:00 [INF] Request starting HTTP/1.1 GET http://localhost:5059/api/authen/check-valid-token - null null
2026-06-28 14:11:20.657 +07:00 [INF] CORS policy execution successful.
2026-06-28 14:11:20.657 +07:00 [INF] CORS policy execution successful.
2026-06-28 14:11:20.657 +07:00 [INF] CORS policy execution successful.
2026-06-28 14:11:20.657 +07:00 [INF] CORS policy execution successful.
2026-06-28 14:11:20.657 +07:00 [INF] CORS policy execution successful.
2026-06-28 14:11:20.658 +07:00 [INF] Executing endpoint 'BlogApp.Controllers.TagController.GetTop5Tags (BlogApp)'
2026-06-28 14:11:20.658 +07:00 [INF] Executing endpoint 'BlogApp.Controllers.BlogController.Get5LatestBlogs (BlogApp)'
2026-06-28 14:11:20.658 +07:00 [INF] Executing endpoint 'BlogApp.Controllers.AuthenController.CheckValidToken (BlogApp)'
2026-06-28 14:11:20.658 +07:00 [INF] Executing endpoint 'BlogApp.Controllers.BlogController.GetTop5Blogs (BlogApp)'
2026-06-28 14:11:20.658 +07:00 [INF] Route matched with {action = "CheckValidToken", controller = "Authen"}. Executing controller action with signature Microsoft.AspNetCore.Mvc.ActionResult`1[BlogApp.DTOs.ResponseBaseDTO] CheckValidToken() on controller BlogApp.Controllers.AuthenController (BlogApp).
2026-06-28 14:11:20.658 +07:00 [INF] Route matched with {action = "Get5LatestBlogs", controller = "Blog"}. Executing controller action with signature Microsoft.AspNetCore.Mvc.ActionResult Get5LatestBlogs() on controller BlogApp.Controllers.BlogController (BlogApp).
2026-06-28 14:11:20.658 +07:00 [INF] Route matched with {action = "GetTop5Tags", controller = "Tag"}. Executing controller action with signature Microsoft.AspNetCore.Mvc.ActionResult GetTop5Tags() on controller BlogApp.Controllers.TagController (BlogApp).
2026-06-28 14:11:20.658 +07:00 [INF] Executing endpoint 'BlogApp.Controllers.BlogController.SearchBlogs (BlogApp)'
2026-06-28 14:11:20.658 +07:00 [INF] Route matched with {action = "GetTop5Blogs", controller = "Blog"}. Executing controller action with signature Microsoft.AspNetCore.Mvc.ActionResult GetTop5Blogs() on controller BlogApp.Controllers.BlogController (BlogApp).
2026-06-28 14:11:20.658 +07:00 [INF] Route matched with {action = "SearchBlogs", controller = "Blog"}. Executing controller action with signature Microsoft.AspNetCore.Mvc.ActionResult SearchBlogs(BlogApp.DTOs.SearchBlogReqDTO) on controller BlogApp.Controllers.BlogController (BlogApp).
2026-06-28 14:11:20.662 +07:00 [INF] Executing OkObjectResult, writing value of type 'BlogApp.DTOs.ResponseBaseDTO'.
2026-06-28 14:11:20.663 +07:00 [INF] Executed action BlogApp.Controllers.AuthenController.CheckValidToken (BlogApp) in 4.9199ms
2026-06-28 14:11:20.663 +07:00 [INF] Executed endpoint 'BlogApp.Controllers.AuthenController.CheckValidToken (BlogApp)'
2026-06-28 14:11:20.663 +07:00 [INF] HTTP GET /api/authen/check-valid-token responded 200 in 5.8600 ms
2026-06-28 14:11:20.663 +07:00 [INF] Executing ObjectResult, writing value of type 'Microsoft.AspNetCore.Mvc.ProblemDetails'.
2026-06-28 14:11:20.664 +07:00 [INF] Executed action BlogApp.Controllers.BlogController.SearchBlogs (BlogApp) in 5.0177ms
2026-06-28 14:11:20.664 +07:00 [INF] Request finished HTTP/1.1 GET http://localhost:5059/api/authen/check-valid-token - 200 null application/json; charset=utf-8 6.9577ms
2026-06-28 14:11:20.664 +07:00 [INF] Executed endpoint 'BlogApp.Controllers.BlogController.SearchBlogs (BlogApp)'
2026-06-28 14:11:20.664 +07:00 [INF] HTTP POST /api/blog/search responded 415 in 6.5190 ms
2026-06-28 14:11:20.664 +07:00 [INF] Request finished HTTP/1.1 POST http://localhost:5059/api/blog/search - 415 null application/problem+json; charset=utf-8 7.4817ms
2026-06-28 14:11:20.712 +07:00 [INF] Executed DbCommand (1ms) [Parameters=[], CommandType='"Text"', CommandTimeout='30']
SELECT b."Id", b."AmountOfAccesses", b."AuthorId", b."Content", b."CoverImage", b."CreatedAt", b."PublishedAt", b."State", b."Tags", b."Title", b."UpdatedAt"
FROM "Blogs" AS b
ORDER BY b."CreatedAt" DESC
2026-06-28 14:11:20.712 +07:00 [INF] Executed DbCommand (1ms) [Parameters=[], CommandType='"Text"', CommandTimeout='30']
SELECT b."Id", b."AmountOfAccesses", b."AuthorId", b."Content", b."CoverImage", b."CreatedAt", b."PublishedAt", b."State", b."Tags", b."Title", b."UpdatedAt"
FROM "Blogs" AS b
ORDER BY b."CreatedAt" DESC
2026-06-28 14:11:20.712 +07:00 [INF] Executed DbCommand (1ms) [Parameters=[], CommandType='"Text"', CommandTimeout='30']

            SELECT tag AS Name, COUNT(*) AS blog_count
            FROM "Blogs", UNNEST("Tags") AS tag
            GROUP BY tag
            ORDER BY blog_count DESC
            LIMIT 5
2026-06-28 14:11:20.712 +07:00 [INF] Executing OkObjectResult, writing value of type 'BlogApp.DTOs.TagListRespDTO'.
2026-06-28 14:11:20.713 +07:00 [INF] Executed action BlogApp.Controllers.TagController.GetTop5Tags (BlogApp) in 54.3164ms
2026-06-28 14:11:20.713 +07:00 [INF] Executed endpoint 'BlogApp.Controllers.TagController.GetTop5Tags (BlogApp)'
2026-06-28 14:11:20.713 +07:00 [INF] HTTP GET /api/tags/topfive responded 200 in 55.5624 ms
2026-06-28 14:11:20.713 +07:00 [INF] Executing OkObjectResult, writing value of type 'BlogApp.DTOs.BlogListRespDTO'.
2026-06-28 14:11:20.713 +07:00 [INF] Executing OkObjectResult, writing value of type 'BlogApp.DTOs.BlogListRespDTO'.
2026-06-28 14:11:20.713 +07:00 [INF] Request finished HTTP/1.1 GET http://localhost:5059/api/tags/topfive - 200 null application/json; charset=utf-8 56.4684ms
2026-06-28 14:11:20.713 +07:00 [INF] Executed action BlogApp.Controllers.BlogController.Get5LatestBlogs (BlogApp) in 54.8731ms
2026-06-28 14:11:20.713 +07:00 [INF] Executed action BlogApp.Controllers.BlogController.GetTop5Blogs (BlogApp) in 54.6339ms
2026-06-28 14:11:20.713 +07:00 [INF] Executed endpoint 'BlogApp.Controllers.BlogController.Get5LatestBlogs (BlogApp)'
2026-06-28 14:11:20.713 +07:00 [INF] Executed endpoint 'BlogApp.Controllers.BlogController.GetTop5Blogs (BlogApp)'
2026-06-28 14:11:20.713 +07:00 [INF] HTTP GET /api/blog/fivelatest responded 200 in 55.9558 ms
2026-06-28 14:11:20.713 +07:00 [INF] HTTP GET /api/blog/topfive responded 200 in 56.1230 ms
2026-06-28 14:11:20.714 +07:00 [INF] Request finished HTTP/1.1 GET http://localhost:5059/api/blog/fivelatest - 200 null application/json; charset=utf-8 57.0064ms
2026-06-28 14:11:20.714 +07:00 [INF] Request finished HTTP/1.1 GET http://localhost:5059/api/blog/topfive - 200 null application/json; charset=utf-8 57.0856ms
2026-06-28 14:11:25.882 +07:00 [INF] Request starting HTTP/1.1 OPTIONS http://localhost:5059/api/authen/check-valid-token - null null
2026-06-28 14:11:25.882 +07:00 [INF] CORS policy execution successful.
2026-06-28 14:11:25.882 +07:00 [INF] Request finished HTTP/1.1 OPTIONS http://localhost:5059/api/authen/check-valid-token - 204 null null 0.8657ms
2026-06-28 14:11:25.884 +07:00 [INF] Request starting HTTP/1.1 OPTIONS http://localhost:5059/api/tags - null null
2026-06-28 14:11:25.884 +07:00 [INF] Request starting HTTP/1.1 GET http://localhost:5059/api/authen/check-valid-token - null null
2026-06-28 14:11:25.884 +07:00 [INF] CORS policy execution successful.
2026-06-28 14:11:25.884 +07:00 [INF] CORS policy execution successful.
2026-06-28 14:11:25.884 +07:00 [INF] Request starting HTTP/1.1 OPTIONS http://localhost:5059/api/tags/topfive - null null
2026-06-28 14:11:25.884 +07:00 [INF] CORS policy execution successful.
2026-06-28 14:11:25.884 +07:00 [INF] Request starting HTTP/1.1 OPTIONS http://localhost:5059/api/blog/fivelatest - null null
2026-06-28 14:11:25.885 +07:00 [INF] Request finished HTTP/1.1 OPTIONS http://localhost:5059/api/tags/topfive - 204 null null 0.4135ms
2026-06-28 14:11:25.885 +07:00 [INF] Request finished HTTP/1.1 OPTIONS http://localhost:5059/api/tags - 204 null null 0.9042ms
2026-06-28 14:11:25.885 +07:00 [INF] CORS policy execution successful.
2026-06-28 14:11:25.885 +07:00 [INF] Executing endpoint 'BlogApp.Controllers.AuthenController.CheckValidToken (BlogApp)'
2026-06-28 14:11:25.885 +07:00 [INF] Request starting HTTP/1.1 OPTIONS http://localhost:5059/api/blog/topfive - null null
2026-06-28 14:11:25.886 +07:00 [INF] Route matched with {action = "CheckValidToken", controller = "Authen"}. Executing controller action with signature Microsoft.AspNetCore.Mvc.ActionResult`1[BlogApp.DTOs.ResponseBaseDTO] CheckValidToken() on controller BlogApp.Controllers.AuthenController (BlogApp).
2026-06-28 14:11:25.886 +07:00 [INF] Request finished HTTP/1.1 OPTIONS http://localhost:5059/api/blog/fivelatest - 204 null null 1.3633ms
2026-06-28 14:11:25.887 +07:00 [INF] Request starting HTTP/1.1 GET http://localhost:5059/api/tags/topfive - null null
2026-06-28 14:11:25.887 +07:00 [INF] CORS policy execution successful.
2026-06-28 14:11:25.887 +07:00 [INF] Request starting HTTP/1.1 GET http://localhost:5059/api/blog/fivelatest - null null
2026-06-28 14:11:25.887 +07:00 [INF] CORS policy execution successful.
2026-06-28 14:11:25.887 +07:00 [INF] Executing endpoint 'BlogApp.Controllers.TagController.GetTop5Tags (BlogApp)'
2026-06-28 14:11:25.886 +07:00 [INF] Request starting HTTP/1.1 GET http://localhost:5059/api/tags - null null
2026-06-28 14:11:25.886 +07:00 [INF] CORS policy execution successful.
2026-06-28 14:11:25.887 +07:00 [INF] Executing OkObjectResult, writing value of type 'BlogApp.DTOs.ResponseBaseDTO'.
2026-06-28 14:11:25.887 +07:00 [INF] Route matched with {action = "GetTop5Tags", controller = "Tag"}. Executing controller action with signature Microsoft.AspNetCore.Mvc.ActionResult GetTop5Tags() on controller BlogApp.Controllers.TagController (BlogApp).
2026-06-28 14:11:25.887 +07:00 [INF] Executing endpoint 'BlogApp.Controllers.BlogController.Get5LatestBlogs (BlogApp)'
2026-06-28 14:11:25.887 +07:00 [INF] CORS policy execution successful.
2026-06-28 14:11:25.888 +07:00 [INF] Request finished HTTP/1.1 OPTIONS http://localhost:5059/api/blog/topfive - 204 null null 2.4458ms
2026-06-28 14:11:25.888 +07:00 [INF] Route matched with {action = "Get5LatestBlogs", controller = "Blog"}. Executing controller action with signature Microsoft.AspNetCore.Mvc.ActionResult Get5LatestBlogs() on controller BlogApp.Controllers.BlogController (BlogApp).
2026-06-28 14:11:25.888 +07:00 [INF] Executed action BlogApp.Controllers.AuthenController.CheckValidToken (BlogApp) in 1.1905ms
2026-06-28 14:11:25.888 +07:00 [INF] Executing endpoint 'BlogApp.Controllers.TagController.GetAllTags (BlogApp)'
2026-06-28 14:11:25.888 +07:00 [INF] Executed endpoint 'BlogApp.Controllers.AuthenController.CheckValidToken (BlogApp)'
2026-06-28 14:11:25.888 +07:00 [INF] HTTP GET /api/authen/check-valid-token responded 200 in 3.9120 ms
2026-06-28 14:11:25.888 +07:00 [INF] Request finished HTTP/1.1 GET http://localhost:5059/api/authen/check-valid-token - 200 null application/json; charset=utf-8 4.7326ms
2026-06-28 14:11:25.889 +07:00 [INF] Request starting HTTP/1.1 GET http://localhost:5059/api/blog/topfive - null null
2026-06-28 14:11:25.889 +07:00 [INF] CORS policy execution successful.
2026-06-28 14:11:25.890 +07:00 [INF] Executing endpoint 'BlogApp.Controllers.BlogController.GetTop5Blogs (BlogApp)'
2026-06-28 14:11:25.890 +07:00 [INF] Route matched with {action = "GetTop5Blogs", controller = "Blog"}. Executing controller action with signature Microsoft.AspNetCore.Mvc.ActionResult GetTop5Blogs() on controller BlogApp.Controllers.BlogController (BlogApp).
2026-06-28 14:11:25.890 +07:00 [INF] Request starting HTTP/1.1 GET http://localhost:5059/api/authen/check-valid-token - null null
2026-06-28 14:11:25.891 +07:00 [INF] CORS policy execution successful.
2026-06-28 14:11:25.891 +07:00 [INF] Executing endpoint 'BlogApp.Controllers.AuthenController.CheckValidToken (BlogApp)'
2026-06-28 14:11:25.891 +07:00 [INF] Route matched with {action = "CheckValidToken", controller = "Authen"}. Executing controller action with signature Microsoft.AspNetCore.Mvc.ActionResult`1[BlogApp.DTOs.ResponseBaseDTO] CheckValidToken() on controller BlogApp.Controllers.AuthenController (BlogApp).
2026-06-28 14:11:25.891 +07:00 [INF] Route matched with {action = "GetAllTags", controller = "Tag"}. Executing controller action with signature Microsoft.AspNetCore.Mvc.ActionResult`1[BlogApp.DTOs.TagListRespDTO] GetAllTags() on controller BlogApp.Controllers.TagController (BlogApp).
2026-06-28 14:11:25.891 +07:00 [INF] Executing OkObjectResult, writing value of type 'BlogApp.DTOs.ResponseBaseDTO'.
2026-06-28 14:11:25.892 +07:00 [INF] Executed DbCommand (2ms) [Parameters=[], CommandType='"Text"', CommandTimeout='30']
SELECT b."Id", b."AmountOfAccesses", b."AuthorId", b."Content", b."CoverImage", b."CreatedAt", b."PublishedAt", b."State", b."Tags", b."Title", b."UpdatedAt"
FROM "Blogs" AS b
ORDER BY b."CreatedAt" DESC
2026-06-28 14:11:25.892 +07:00 [INF] Executed action BlogApp.Controllers.AuthenController.CheckValidToken (BlogApp) in 0.4814ms
2026-06-28 14:11:25.892 +07:00 [INF] Executed endpoint 'BlogApp.Controllers.AuthenController.CheckValidToken (BlogApp)'
2026-06-28 14:11:25.892 +07:00 [INF] HTTP GET /api/authen/check-valid-token responded 200 in 1.2363 ms
2026-06-28 14:11:25.892 +07:00 [INF] Request finished HTTP/1.1 GET http://localhost:5059/api/authen/check-valid-token - 200 null application/json; charset=utf-8 1.719ms
2026-06-28 14:11:25.892 +07:00 [INF] Executing OkObjectResult, writing value of type 'BlogApp.DTOs.BlogListRespDTO'.
2026-06-28 14:11:25.893 +07:00 [INF] Executed action BlogApp.Controllers.BlogController.Get5LatestBlogs (BlogApp) in 4.6162ms
2026-06-28 14:11:25.893 +07:00 [INF] Executed endpoint 'BlogApp.Controllers.BlogController.Get5LatestBlogs (BlogApp)'
2026-06-28 14:11:25.893 +07:00 [INF] Request starting HTTP/1.1 GET http://localhost:5059/api/authen/check-valid-token - null null
2026-06-28 14:11:25.893 +07:00 [INF] HTTP GET /api/blog/fivelatest responded 200 in 5.5028 ms
2026-06-28 14:11:25.893 +07:00 [INF] CORS policy execution successful.
2026-06-28 14:11:25.893 +07:00 [INF] Request finished HTTP/1.1 GET http://localhost:5059/api/blog/fivelatest - 200 null application/json; charset=utf-8 5.9776ms
2026-06-28 14:11:25.893 +07:00 [INF] Executing endpoint 'BlogApp.Controllers.AuthenController.CheckValidToken (BlogApp)'
2026-06-28 14:11:25.893 +07:00 [INF] Request starting HTTP/1.1 GET http://localhost:5059/api/blog/fivelatest - null null
2026-06-28 14:11:25.894 +07:00 [INF] Route matched with {action = "CheckValidToken", controller = "Authen"}. Executing controller action with signature Microsoft.AspNetCore.Mvc.ActionResult`1[BlogApp.DTOs.ResponseBaseDTO] CheckValidToken() on controller BlogApp.Controllers.AuthenController (BlogApp).
2026-06-28 14:11:25.894 +07:00 [INF] CORS policy execution successful.
2026-06-28 14:11:25.894 +07:00 [INF] Executing OkObjectResult, writing value of type 'BlogApp.DTOs.ResponseBaseDTO'.
2026-06-28 14:11:25.894 +07:00 [INF] Executing endpoint 'BlogApp.Controllers.BlogController.Get5LatestBlogs (BlogApp)'
2026-06-28 14:11:25.894 +07:00 [INF] Executed action BlogApp.Controllers.AuthenController.CheckValidToken (BlogApp) in 0.3461ms
2026-06-28 14:11:25.894 +07:00 [INF] Route matched with {action = "Get5LatestBlogs", controller = "Blog"}. Executing controller action with signature Microsoft.AspNetCore.Mvc.ActionResult Get5LatestBlogs() on controller BlogApp.Controllers.BlogController (BlogApp).
2026-06-28 14:11:25.894 +07:00 [INF] Executed endpoint 'BlogApp.Controllers.AuthenController.CheckValidToken (BlogApp)'
2026-06-28 14:11:25.894 +07:00 [INF] HTTP GET /api/authen/check-valid-token responded 200 in 1.1206 ms
2026-06-28 14:11:25.894 +07:00 [INF] Request finished HTTP/1.1 GET http://localhost:5059/api/authen/check-valid-token - 200 null application/json; charset=utf-8 1.5407ms
2026-06-28 14:11:25.895 +07:00 [INF] Request starting HTTP/1.1 GET http://localhost:5059/api/authen/check-valid-token - null null
2026-06-28 14:11:25.895 +07:00 [INF] CORS policy execution successful.
2026-06-28 14:11:25.895 +07:00 [INF] Executing endpoint 'BlogApp.Controllers.AuthenController.CheckValidToken (BlogApp)'
2026-06-28 14:11:25.895 +07:00 [INF] Route matched with {action = "CheckValidToken", controller = "Authen"}. Executing controller action with signature Microsoft.AspNetCore.Mvc.ActionResult`1[BlogApp.DTOs.ResponseBaseDTO] CheckValidToken() on controller BlogApp.Controllers.AuthenController (BlogApp).
2026-06-28 14:11:25.895 +07:00 [INF] Executing OkObjectResult, writing value of type 'BlogApp.DTOs.ResponseBaseDTO'.
2026-06-28 14:11:25.896 +07:00 [INF] Executed action BlogApp.Controllers.AuthenController.CheckValidToken (BlogApp) in 0.2788ms
2026-06-28 14:11:25.896 +07:00 [INF] Executed DbCommand (4ms) [Parameters=[], CommandType='"Text"', CommandTimeout='30']
SELECT b."Id", b."AmountOfAccesses", b."AuthorId", b."Content", b."CoverImage", b."CreatedAt", b."PublishedAt", b."State", b."Tags", b."Title", b."UpdatedAt"
FROM "Blogs" AS b
ORDER BY b."CreatedAt" DESC
2026-06-28 14:11:25.896 +07:00 [INF] Executed endpoint 'BlogApp.Controllers.AuthenController.CheckValidToken (BlogApp)'
2026-06-28 14:11:25.896 +07:00 [INF] HTTP GET /api/authen/check-valid-token responded 200 in 0.9015 ms
2026-06-28 14:11:25.896 +07:00 [INF] Executed DbCommand (1ms) [Parameters=[], CommandType='"Text"', CommandTimeout='30']
SELECT b."Id", b."AmountOfAccesses", b."AuthorId", b."Content", b."CoverImage", b."CreatedAt", b."PublishedAt", b."State", b."Tags", b."Title", b."UpdatedAt"
FROM "Blogs" AS b
ORDER BY b."CreatedAt" DESC
2026-06-28 14:11:25.896 +07:00 [INF] Request finished HTTP/1.1 GET http://localhost:5059/api/authen/check-valid-token - 200 null application/json; charset=utf-8 1.2762ms
2026-06-28 14:11:25.897 +07:00 [INF] Executing OkObjectResult, writing value of type 'BlogApp.DTOs.BlogListRespDTO'.
2026-06-28 14:11:25.897 +07:00 [INF] Executing OkObjectResult, writing value of type 'BlogApp.DTOs.BlogListRespDTO'.
2026-06-28 14:11:25.897 +07:00 [INF] Executed action BlogApp.Controllers.BlogController.GetTop5Blogs (BlogApp) in 6.5685ms
2026-06-28 14:11:25.897 +07:00 [INF] Executed endpoint 'BlogApp.Controllers.BlogController.GetTop5Blogs (BlogApp)'
2026-06-28 14:11:25.897 +07:00 [INF] Executed action BlogApp.Controllers.BlogController.Get5LatestBlogs (BlogApp) in 2.5546ms
2026-06-28 14:11:25.897 +07:00 [INF] HTTP GET /api/blog/topfive responded 200 in 7.5371 ms
2026-06-28 14:11:25.897 +07:00 [INF] Executed endpoint 'BlogApp.Controllers.BlogController.Get5LatestBlogs (BlogApp)'
2026-06-28 14:11:25.897 +07:00 [INF] HTTP GET /api/blog/fivelatest responded 200 in 3.3004 ms
2026-06-28 14:11:25.897 +07:00 [INF] Request finished HTTP/1.1 GET http://localhost:5059/api/blog/topfive - 200 null application/json; charset=utf-8 8.0921ms
2026-06-28 14:11:25.897 +07:00 [INF] Request finished HTTP/1.1 GET http://localhost:5059/api/blog/fivelatest - 200 null application/json; charset=utf-8 3.7074ms
2026-06-28 14:11:25.898 +07:00 [INF] Request starting HTTP/1.1 GET http://localhost:5059/api/blog/topfive - null null
2026-06-28 14:11:25.898 +07:00 [INF] CORS policy execution successful.
2026-06-28 14:11:25.898 +07:00 [INF] Executing endpoint 'BlogApp.Controllers.BlogController.GetTop5Blogs (BlogApp)'
2026-06-28 14:11:25.898 +07:00 [INF] Route matched with {action = "GetTop5Blogs", controller = "Blog"}. Executing controller action with signature Microsoft.AspNetCore.Mvc.ActionResult GetTop5Blogs() on controller BlogApp.Controllers.BlogController (BlogApp).
2026-06-28 14:11:25.900 +07:00 [INF] Executed DbCommand (1ms) [Parameters=[], CommandType='"Text"', CommandTimeout='30']
SELECT b."Id", b."AmountOfAccesses", b."AuthorId", b."Content", b."CoverImage", b."CreatedAt", b."PublishedAt", b."State", b."Tags", b."Title", b."UpdatedAt"
FROM "Blogs" AS b
ORDER BY b."CreatedAt" DESC
2026-06-28 14:11:25.901 +07:00 [INF] Executing OkObjectResult, writing value of type 'BlogApp.DTOs.BlogListRespDTO'.
2026-06-28 14:11:25.901 +07:00 [INF] Executed DbCommand (1ms) [Parameters=[], CommandType='"Text"', CommandTimeout='30']
SELECT t."Name", t."CreatedAt", t."Description", t."UpdatedAt"
FROM "Tags" AS t
ORDER BY t."Name" DESC
2026-06-28 14:11:25.901 +07:00 [INF] Executed action BlogApp.Controllers.BlogController.GetTop5Blogs (BlogApp) in 2.6018ms
2026-06-28 14:11:25.901 +07:00 [INF] Executed endpoint 'BlogApp.Controllers.BlogController.GetTop5Blogs (BlogApp)'
2026-06-28 14:11:25.901 +07:00 [INF] HTTP GET /api/blog/topfive responded 200 in 3.1365 ms
2026-06-28 14:11:25.901 +07:00 [INF] Request finished HTTP/1.1 GET http://localhost:5059/api/blog/topfive - 200 null application/json; charset=utf-8 3.4565ms
2026-06-28 14:11:25.903 +07:00 [INF] Executed DbCommand (1ms) [Parameters=[], CommandType='"Text"', CommandTimeout='30']

            SELECT tag AS Name, COUNT(*) AS blog_count
            FROM "Blogs", UNNEST("Tags") AS tag
            GROUP BY tag
            ORDER BY blog_count DESC
            LIMIT 5
2026-06-28 14:11:25.904 +07:00 [INF] Executing OkObjectResult, writing value of type 'BlogApp.DTOs.TagListRespDTO'.
2026-06-28 14:11:25.904 +07:00 [INF] Executed action BlogApp.Controllers.TagController.GetTop5Tags (BlogApp) in 16.4549ms
2026-06-28 14:11:25.904 +07:00 [INF] Executed endpoint 'BlogApp.Controllers.TagController.GetTop5Tags (BlogApp)'
2026-06-28 14:11:25.905 +07:00 [INF] HTTP GET /api/tags/topfive responded 200 in 17.5131 ms
2026-06-28 14:11:25.905 +07:00 [INF] Request finished HTTP/1.1 GET http://localhost:5059/api/tags/topfive - 200 null application/json; charset=utf-8 18.2872ms
2026-06-28 14:11:25.905 +07:00 [INF] Request starting HTTP/1.1 GET http://localhost:5059/api/tags/topfive - null null
2026-06-28 14:11:25.906 +07:00 [INF] CORS policy execution successful.
2026-06-28 14:11:25.906 +07:00 [INF] Executing endpoint 'BlogApp.Controllers.TagController.GetTop5Tags (BlogApp)'
2026-06-28 14:11:25.906 +07:00 [INF] Route matched with {action = "GetTop5Tags", controller = "Tag"}. Executing controller action with signature Microsoft.AspNetCore.Mvc.ActionResult GetTop5Tags() on controller BlogApp.Controllers.TagController (BlogApp).
2026-06-28 14:11:25.907 +07:00 [INF] Executing OkObjectResult, writing value of type 'BlogApp.DTOs.TagListRespDTO'.
2026-06-28 14:11:25.907 +07:00 [INF] Executed action BlogApp.Controllers.TagController.GetAllTags (BlogApp) in 15.9532ms
2026-06-28 14:11:25.908 +07:00 [INF] Executed endpoint 'BlogApp.Controllers.TagController.GetAllTags (BlogApp)'
2026-06-28 14:11:25.908 +07:00 [INF] HTTP GET /api/tags responded 200 in 20.3224 ms
2026-06-28 14:11:25.908 +07:00 [INF] Request finished HTTP/1.1 GET http://localhost:5059/api/tags - 200 null application/json; charset=utf-8 22.0906ms
2026-06-28 14:11:25.909 +07:00 [INF] Request starting HTTP/1.1 GET http://localhost:5059/api/tags - null null
2026-06-28 14:11:25.909 +07:00 [INF] CORS policy execution successful.
2026-06-28 14:11:25.909 +07:00 [INF] Executing endpoint 'BlogApp.Controllers.TagController.GetAllTags (BlogApp)'
2026-06-28 14:11:25.910 +07:00 [INF] Route matched with {action = "GetAllTags", controller = "Tag"}. Executing controller action with signature Microsoft.AspNetCore.Mvc.ActionResult`1[BlogApp.DTOs.TagListRespDTO] GetAllTags() on controller BlogApp.Controllers.TagController (BlogApp).
2026-06-28 14:11:25.911 +07:00 [INF] Executed DbCommand (4ms) [Parameters=[], CommandType='"Text"', CommandTimeout='30']

            SELECT tag AS Name, COUNT(*) AS blog_count
            FROM "Blogs", UNNEST("Tags") AS tag
            GROUP BY tag
            ORDER BY blog_count DESC
            LIMIT 5
2026-06-28 14:11:25.912 +07:00 [INF] Executing OkObjectResult, writing value of type 'BlogApp.DTOs.TagListRespDTO'.
2026-06-28 14:11:25.912 +07:00 [INF] Executed action BlogApp.Controllers.TagController.GetTop5Tags (BlogApp) in 5.895ms
2026-06-28 14:11:25.913 +07:00 [INF] Executed endpoint 'BlogApp.Controllers.TagController.GetTop5Tags (BlogApp)'
2026-06-28 14:11:25.913 +07:00 [INF] HTTP GET /api/tags/topfive responded 200 in 6.7121 ms
2026-06-28 14:11:25.913 +07:00 [INF] Executed DbCommand (2ms) [Parameters=[], CommandType='"Text"', CommandTimeout='30']
SELECT t."Name", t."CreatedAt", t."Description", t."UpdatedAt"
FROM "Tags" AS t
ORDER BY t."Name" DESC
2026-06-28 14:11:25.913 +07:00 [INF] Request finished HTTP/1.1 GET http://localhost:5059/api/tags/topfive - 200 null application/json; charset=utf-8 7.3922ms
2026-06-28 14:11:25.913 +07:00 [INF] Executing OkObjectResult, writing value of type 'BlogApp.DTOs.TagListRespDTO'.
2026-06-28 14:11:25.913 +07:00 [INF] Executed action BlogApp.Controllers.TagController.GetAllTags (BlogApp) in 3.7056ms
2026-06-28 14:11:25.913 +07:00 [INF] Executed endpoint 'BlogApp.Controllers.TagController.GetAllTags (BlogApp)'
2026-06-28 14:11:25.914 +07:00 [INF] HTTP GET /api/tags responded 200 in 4.5064 ms
2026-06-28 14:11:25.914 +07:00 [INF] Request finished HTTP/1.1 GET http://localhost:5059/api/tags - 200 null application/json; charset=utf-8 4.9576ms
2026-06-28 14:11:29.990 +07:00 [INF] Request starting HTTP/1.1 OPTIONS http://localhost:5059/api/blog/add - null null
2026-06-28 14:11:29.990 +07:00 [INF] CORS policy execution successful.
2026-06-28 14:11:29.990 +07:00 [INF] Request finished HTTP/1.1 OPTIONS http://localhost:5059/api/blog/add - 204 null null 0.4644ms
2026-06-28 14:11:29.991 +07:00 [INF] Request starting HTTP/1.1 POST http://localhost:5059/api/blog/add - multipart/form-data; boundary=----WebKitFormBoundaryVDHy3dHH2e5BsOrj 242
2026-06-28 14:11:29.991 +07:00 [INF] CORS policy execution successful.
2026-06-28 14:11:29.992 +07:00 [INF] Executing endpoint 'BlogApp.Controllers.BlogController.AddBlog (BlogApp)'
2026-06-28 14:11:30.001 +07:00 [INF] Route matched with {action = "AddBlog", controller = "Blog"}. Executing controller action with signature System.Threading.Tasks.Task`1[Microsoft.AspNetCore.Mvc.ActionResult] AddBlog(BlogApp.DTOs.BlogReqDTO) on controller BlogApp.Controllers.BlogController (BlogApp).
2026-06-28 14:11:30.005 +07:00 [INF] Executing BadRequestObjectResult, writing value of type 'Microsoft.AspNetCore.Mvc.ValidationProblemDetails'.
2026-06-28 14:11:30.009 +07:00 [INF] Executed action BlogApp.Controllers.BlogController.AddBlog (BlogApp) in 7.5267ms
2026-06-28 14:11:30.009 +07:00 [INF] Executed endpoint 'BlogApp.Controllers.BlogController.AddBlog (BlogApp)'
2026-06-28 14:11:30.009 +07:00 [INF] HTTP POST /api/blog/add responded 400 in 17.3362 ms
2026-06-28 14:11:30.009 +07:00 [INF] Request finished HTTP/1.1 POST http://localhost:5059/api/blog/add - 400 null application/problem+json; charset=utf-8 17.6618ms
2026-06-28 14:12:03.698 +07:00 [INF] Request starting HTTP/1.1 OPTIONS http://localhost:5059/api/blog/add - null null
2026-06-28 14:12:03.700 +07:00 [INF] CORS policy execution successful.
2026-06-28 14:12:03.700 +07:00 [INF] Request finished HTTP/1.1 OPTIONS http://localhost:5059/api/blog/add - 204 null null 1.4556ms
2026-06-28 14:12:03.702 +07:00 [INF] Request starting HTTP/1.1 POST http://localhost:5059/api/blog/add - multipart/form-data; boundary=----WebKitFormBoundarytJgRLtiAoL8h0bPW 242
2026-06-28 14:12:03.702 +07:00 [INF] CORS policy execution successful.
2026-06-28 14:12:03.703 +07:00 [INF] Executing endpoint 'BlogApp.Controllers.BlogController.AddBlog (BlogApp)'
2026-06-28 14:12:03.703 +07:00 [INF] Route matched with {action = "AddBlog", controller = "Blog"}. Executing controller action with signature System.Threading.Tasks.Task`1[Microsoft.AspNetCore.Mvc.ActionResult] AddBlog(BlogApp.DTOs.BlogReqDTO) on controller BlogApp.Controllers.BlogController (BlogApp).
2026-06-28 14:12:03.704 +07:00 [INF] Executing BadRequestObjectResult, writing value of type 'Microsoft.AspNetCore.Mvc.ValidationProblemDetails'.
2026-06-28 14:12:03.704 +07:00 [INF] Executed action BlogApp.Controllers.BlogController.AddBlog (BlogApp) in 0.7947ms
2026-06-28 14:12:03.704 +07:00 [INF] Executed endpoint 'BlogApp.Controllers.BlogController.AddBlog (BlogApp)'
2026-06-28 14:12:03.704 +07:00 [INF] HTTP POST /api/blog/add responded 400 in 1.8409 ms
2026-06-28 14:12:03.704 +07:00 [INF] Request finished HTTP/1.1 POST http://localhost:5059/api/blog/add - 400 null application/problem+json; charset=utf-8 2.5199ms
2026-06-28 14:12:27.859 +07:00 [INF] Request starting HTTP/1.1 OPTIONS http://localhost:5059/api/blog/add - null null
2026-06-28 14:12:27.859 +07:00 [INF] CORS policy execution successful.
2026-06-28 14:12:27.859 +07:00 [INF] Request finished HTTP/1.1 OPTIONS http://localhost:5059/api/blog/add - 204 null null 0.4675ms
2026-06-28 14:12:27.860 +07:00 [INF] Request starting HTTP/1.1 POST http://localhost:5059/api/blog/add - multipart/form-data; boundary=----WebKitFormBoundaryUX7eBzkg3rqvsM8G 242
2026-06-28 14:12:27.860 +07:00 [INF] CORS policy execution successful.
2026-06-28 14:12:27.860 +07:00 [INF] Executing endpoint 'BlogApp.Controllers.BlogController.AddBlog (BlogApp)'
2026-06-28 14:12:27.861 +07:00 [INF] Route matched with {action = "AddBlog", controller = "Blog"}. Executing controller action with signature System.Threading.Tasks.Task`1[Microsoft.AspNetCore.Mvc.ActionResult] AddBlog(BlogApp.DTOs.BlogReqDTO) on controller BlogApp.Controllers.BlogController (BlogApp).
2026-06-28 14:12:27.861 +07:00 [INF] Executing BadRequestObjectResult, writing value of type 'Microsoft.AspNetCore.Mvc.ValidationProblemDetails'.
2026-06-28 14:12:27.861 +07:00 [INF] Executed action BlogApp.Controllers.BlogController.AddBlog (BlogApp) in 0.7909ms
2026-06-28 14:12:27.862 +07:00 [INF] Executed endpoint 'BlogApp.Controllers.BlogController.AddBlog (BlogApp)'
2026-06-28 14:12:27.862 +07:00 [INF] HTTP POST /api/blog/add responded 400 in 1.3549 ms
2026-06-28 14:12:27.862 +07:00 [INF] Request finished HTTP/1.1 POST http://localhost:5059/api/blog/add - 400 null application/problem+json; charset=utf-8 1.6711ms
2026-06-28 14:12:32.442 +07:00 [INF] Request starting HTTP/1.1 POST http://localhost:5059/api/blog/add - multipart/form-data; boundary=----WebKitFormBoundaryAEqNFTcW4FtqLgks 242
2026-06-28 14:12:32.443 +07:00 [INF] CORS policy execution successful.
2026-06-28 14:12:32.443 +07:00 [INF] Executing endpoint 'BlogApp.Controllers.BlogController.AddBlog (BlogApp)'
2026-06-28 14:12:32.443 +07:00 [INF] Route matched with {action = "AddBlog", controller = "Blog"}. Executing controller action with signature System.Threading.Tasks.Task`1[Microsoft.AspNetCore.Mvc.ActionResult] AddBlog(BlogApp.DTOs.BlogReqDTO) on controller BlogApp.Controllers.BlogController (BlogApp).
2026-06-28 14:12:32.444 +07:00 [INF] Executing BadRequestObjectResult, writing value of type 'Microsoft.AspNetCore.Mvc.ValidationProblemDetails'.
2026-06-28 14:12:32.444 +07:00 [INF] Executed action BlogApp.Controllers.BlogController.AddBlog (BlogApp) in 0.7469ms
2026-06-28 14:12:32.444 +07:00 [INF] Executed endpoint 'BlogApp.Controllers.BlogController.AddBlog (BlogApp)'
2026-06-28 14:12:32.444 +07:00 [INF] HTTP POST /api/blog/add responded 400 in 1.7106 ms
2026-06-28 14:12:32.444 +07:00 [INF] Request finished HTTP/1.1 POST http://localhost:5059/api/blog/add - 400 null application/problem+json; charset=utf-8 2.1349ms
2026-06-28 14:14:21.989 +07:00 [INF] Request starting HTTP/1.1 OPTIONS http://localhost:5059/api/blog/add - null null
2026-06-28 14:14:21.990 +07:00 [INF] CORS policy execution successful.
2026-06-28 14:14:21.990 +07:00 [INF] Request finished HTTP/1.1 OPTIONS http://localhost:5059/api/blog/add - 204 null null 0.7434ms
2026-06-28 14:14:21.992 +07:00 [INF] Request starting HTTP/1.1 POST http://localhost:5059/api/blog/add - multipart/form-data; boundary=----WebKitFormBoundaryGhOwAI17qvT7rhr9 242
2026-06-28 14:14:21.992 +07:00 [INF] CORS policy execution successful.
2026-06-28 14:14:21.992 +07:00 [INF] Executing endpoint 'BlogApp.Controllers.BlogController.AddBlog (BlogApp)'
2026-06-28 14:14:21.992 +07:00 [INF] Route matched with {action = "AddBlog", controller = "Blog"}. Executing controller action with signature System.Threading.Tasks.Task`1[Microsoft.AspNetCore.Mvc.ActionResult] AddBlog(BlogApp.DTOs.BlogReqDTO) on controller BlogApp.Controllers.BlogController (BlogApp).
2026-06-28 14:14:21.993 +07:00 [INF] Executing BadRequestObjectResult, writing value of type 'Microsoft.AspNetCore.Mvc.ValidationProblemDetails'.
2026-06-28 14:14:21.993 +07:00 [INF] Executed action BlogApp.Controllers.BlogController.AddBlog (BlogApp) in 0.8239ms
2026-06-28 14:14:21.993 +07:00 [INF] Executed endpoint 'BlogApp.Controllers.BlogController.AddBlog (BlogApp)'
2026-06-28 14:14:21.993 +07:00 [INF] HTTP POST /api/blog/add responded 400 in 1.5013 ms
2026-06-28 14:14:21.994 +07:00 [INF] Request finished HTTP/1.1 POST http://localhost:5059/api/blog/add - 400 null application/problem+json; charset=utf-8 1.8848ms
2026-06-28 14:14:24.294 +07:00 [INF] Request starting HTTP/1.1 OPTIONS http://localhost:5059/api/authen/check-valid-token - null null
2026-06-28 14:14:24.294 +07:00 [INF] CORS policy execution successful.
2026-06-28 14:14:24.294 +07:00 [INF] Request finished HTTP/1.1 OPTIONS http://localhost:5059/api/authen/check-valid-token - 204 null null 0.3628ms
2026-06-28 14:14:24.295 +07:00 [INF] Request starting HTTP/1.1 GET http://localhost:5059/api/authen/check-valid-token - null null
2026-06-28 14:14:24.295 +07:00 [INF] CORS policy execution successful.
2026-06-28 14:14:24.296 +07:00 [INF] Request starting HTTP/1.1 OPTIONS http://localhost:5059/api/tags - null null
2026-06-28 14:14:24.296 +07:00 [INF] CORS policy execution successful.
2026-06-28 14:14:24.296 +07:00 [INF] Request starting HTTP/1.1 OPTIONS http://localhost:5059/api/tags/topfive - null null
2026-06-28 14:14:24.296 +07:00 [INF] CORS policy execution successful.
2026-06-28 14:14:24.296 +07:00 [INF] Executing endpoint 'BlogApp.Controllers.AuthenController.CheckValidToken (BlogApp)'
2026-06-28 14:14:24.296 +07:00 [INF] Request finished HTTP/1.1 OPTIONS http://localhost:5059/api/tags/topfive - 204 null null 0.2328ms
2026-06-28 14:14:24.296 +07:00 [INF] Request finished HTTP/1.1 OPTIONS http://localhost:5059/api/tags - 204 null null 0.5648ms
2026-06-28 14:14:24.297 +07:00 [INF] Route matched with {action = "CheckValidToken", controller = "Authen"}. Executing controller action with signature Microsoft.AspNetCore.Mvc.ActionResult`1[BlogApp.DTOs.ResponseBaseDTO] CheckValidToken() on controller BlogApp.Controllers.AuthenController (BlogApp).
2026-06-28 14:14:24.297 +07:00 [INF] Request starting HTTP/1.1 GET http://localhost:5059/api/tags - null null
2026-06-28 14:14:24.297 +07:00 [INF] Request starting HTTP/1.1 OPTIONS http://localhost:5059/api/blog/topfive - null null
2026-06-28 14:14:24.296 +07:00 [INF] Request starting HTTP/1.1 OPTIONS http://localhost:5059/api/blog/fivelatest - null null
2026-06-28 14:14:24.297 +07:00 [INF] CORS policy execution successful.
2026-06-28 14:14:24.297 +07:00 [INF] CORS policy execution successful.
2026-06-28 14:14:24.297 +07:00 [INF] Executing OkObjectResult, writing value of type 'BlogApp.DTOs.ResponseBaseDTO'.
2026-06-28 14:14:24.298 +07:00 [INF] Executed action BlogApp.Controllers.AuthenController.CheckValidToken (BlogApp) in 0.6063ms
2026-06-28 14:14:24.298 +07:00 [INF] Request finished HTTP/1.1 OPTIONS http://localhost:5059/api/blog/topfive - 204 null null 0.7944ms
2026-06-28 14:14:24.298 +07:00 [INF] Executed endpoint 'BlogApp.Controllers.AuthenController.CheckValidToken (BlogApp)'
2026-06-28 14:14:24.298 +07:00 [INF] CORS policy execution successful.
2026-06-28 14:14:24.298 +07:00 [INF] Executing endpoint 'BlogApp.Controllers.TagController.GetAllTags (BlogApp)'
2026-06-28 14:14:24.298 +07:00 [INF] HTTP GET /api/authen/check-valid-token responded 200 in 2.6694 ms
2026-06-28 14:14:24.298 +07:00 [INF] Route matched with {action = "GetAllTags", controller = "Tag"}. Executing controller action with signature Microsoft.AspNetCore.Mvc.ActionResult`1[BlogApp.DTOs.TagListRespDTO] GetAllTags() on controller BlogApp.Controllers.TagController (BlogApp).
2026-06-28 14:14:24.298 +07:00 [INF] Request finished HTTP/1.1 GET http://localhost:5059/api/authen/check-valid-token - 200 null application/json; charset=utf-8 3.1944ms
2026-06-28 14:14:24.298 +07:00 [INF] Request finished HTTP/1.1 OPTIONS http://localhost:5059/api/blog/fivelatest - 204 null null 2.2362ms
2026-06-28 14:14:24.299 +07:00 [INF] Request starting HTTP/1.1 GET http://localhost:5059/api/tags/topfive - null null
2026-06-28 14:14:24.299 +07:00 [INF] CORS policy execution successful.
2026-06-28 14:14:24.300 +07:00 [INF] Request starting HTTP/1.1 GET http://localhost:5059/api/blog/fivelatest - null null
2026-06-28 14:14:24.300 +07:00 [INF] Executing endpoint 'BlogApp.Controllers.TagController.GetTop5Tags (BlogApp)'
2026-06-28 14:14:24.300 +07:00 [INF] Request starting HTTP/1.1 GET http://localhost:5059/api/blog/topfive - null null
2026-06-28 14:14:24.300 +07:00 [INF] Request starting HTTP/1.1 GET http://localhost:5059/api/authen/check-valid-token - null null
2026-06-28 14:14:24.301 +07:00 [INF] CORS policy execution successful.
2026-06-28 14:14:24.301 +07:00 [INF] CORS policy execution successful.
2026-06-28 14:14:24.301 +07:00 [INF] Executing endpoint 'BlogApp.Controllers.BlogController.GetTop5Blogs (BlogApp)'
2026-06-28 14:14:24.301 +07:00 [INF] Executing endpoint 'BlogApp.Controllers.AuthenController.CheckValidToken (BlogApp)'
2026-06-28 14:14:24.301 +07:00 [INF] Route matched with {action = "CheckValidToken", controller = "Authen"}. Executing controller action with signature Microsoft.AspNetCore.Mvc.ActionResult`1[BlogApp.DTOs.ResponseBaseDTO] CheckValidToken() on controller BlogApp.Controllers.AuthenController (BlogApp).
2026-06-28 14:14:24.301 +07:00 [INF] Route matched with {action = "GetTop5Tags", controller = "Tag"}. Executing controller action with signature Microsoft.AspNetCore.Mvc.ActionResult GetTop5Tags() on controller BlogApp.Controllers.TagController (BlogApp).
2026-06-28 14:14:24.300 +07:00 [INF] CORS policy execution successful.
2026-06-28 14:14:24.301 +07:00 [INF] Route matched with {action = "GetTop5Blogs", controller = "Blog"}. Executing controller action with signature Microsoft.AspNetCore.Mvc.ActionResult GetTop5Blogs() on controller BlogApp.Controllers.BlogController (BlogApp).
2026-06-28 14:14:24.301 +07:00 [INF] Executing OkObjectResult, writing value of type 'BlogApp.DTOs.ResponseBaseDTO'.
2026-06-28 14:14:24.301 +07:00 [INF] Executing endpoint 'BlogApp.Controllers.BlogController.Get5LatestBlogs (BlogApp)'
2026-06-28 14:14:24.302 +07:00 [INF] Route matched with {action = "Get5LatestBlogs", controller = "Blog"}. Executing controller action with signature Microsoft.AspNetCore.Mvc.ActionResult Get5LatestBlogs() on controller BlogApp.Controllers.BlogController (BlogApp).
2026-06-28 14:14:24.302 +07:00 [INF] Executed action BlogApp.Controllers.AuthenController.CheckValidToken (BlogApp) in 0.5606ms
2026-06-28 14:14:24.302 +07:00 [INF] Executed endpoint 'BlogApp.Controllers.AuthenController.CheckValidToken (BlogApp)'
2026-06-28 14:14:24.302 +07:00 [INF] HTTP GET /api/authen/check-valid-token responded 200 in 1.0904 ms
2026-06-28 14:14:24.302 +07:00 [INF] Request finished HTTP/1.1 GET http://localhost:5059/api/authen/check-valid-token - 200 null application/json; charset=utf-8 1.5977ms
2026-06-28 14:14:24.303 +07:00 [INF] Executed DbCommand (2ms) [Parameters=[], CommandType='"Text"', CommandTimeout='30']
SELECT t."Name", t."CreatedAt", t."Description", t."UpdatedAt"
FROM "Tags" AS t
ORDER BY t."Name" DESC
2026-06-28 14:14:24.303 +07:00 [INF] Executed DbCommand (1ms) [Parameters=[], CommandType='"Text"', CommandTimeout='30']
SELECT b."Id", b."AmountOfAccesses", b."AuthorId", b."Content", b."CoverImage", b."CreatedAt", b."PublishedAt", b."State", b."Tags", b."Title", b."UpdatedAt"
FROM "Blogs" AS b
ORDER BY b."CreatedAt" DESC
2026-06-28 14:14:24.303 +07:00 [INF] Executed DbCommand (1ms) [Parameters=[], CommandType='"Text"', CommandTimeout='30']
SELECT b."Id", b."AmountOfAccesses", b."AuthorId", b."Content", b."CoverImage", b."CreatedAt", b."PublishedAt", b."State", b."Tags", b."Title", b."UpdatedAt"
FROM "Blogs" AS b
ORDER BY b."CreatedAt" DESC
2026-06-28 14:14:24.303 +07:00 [INF] Request starting HTTP/1.1 GET http://localhost:5059/api/authen/check-valid-token - null null
2026-06-28 14:14:24.303 +07:00 [INF] Executing OkObjectResult, writing value of type 'BlogApp.DTOs.TagListRespDTO'.
2026-06-28 14:14:24.324 +07:00 [INF] CORS policy execution successful.
2026-06-28 14:14:24.324 +07:00 [INF] Executing OkObjectResult, writing value of type 'BlogApp.DTOs.BlogListRespDTO'.
2026-06-28 14:14:24.325 +07:00 [INF] Executed action BlogApp.Controllers.TagController.GetAllTags (BlogApp) in 26.0547ms
2026-06-28 14:14:24.324 +07:00 [INF] Executing OkObjectResult, writing value of type 'BlogApp.DTOs.BlogListRespDTO'.
2026-06-28 14:14:24.325 +07:00 [INF] Executed endpoint 'BlogApp.Controllers.TagController.GetAllTags (BlogApp)'
2026-06-28 14:14:24.325 +07:00 [INF] Executing endpoint 'BlogApp.Controllers.AuthenController.CheckValidToken (BlogApp)'
2026-06-28 14:14:24.325 +07:00 [INF] HTTP GET /api/tags responded 200 in 27.1940 ms
2026-06-28 14:14:24.325 +07:00 [INF] Executed action BlogApp.Controllers.BlogController.Get5LatestBlogs (BlogApp) in 23.1508ms
2026-06-28 14:14:24.325 +07:00 [INF] Executed action BlogApp.Controllers.BlogController.GetTop5Blogs (BlogApp) in 23.3684ms
2026-06-28 14:14:24.325 +07:00 [INF] Executed endpoint 'BlogApp.Controllers.BlogController.Get5LatestBlogs (BlogApp)'
2026-06-28 14:14:24.325 +07:00 [INF] Executed endpoint 'BlogApp.Controllers.BlogController.GetTop5Blogs (BlogApp)'
2026-06-28 14:14:24.325 +07:00 [INF] Route matched with {action = "CheckValidToken", controller = "Authen"}. Executing controller action with signature Microsoft.AspNetCore.Mvc.ActionResult`1[BlogApp.DTOs.ResponseBaseDTO] CheckValidToken() on controller BlogApp.Controllers.AuthenController (BlogApp).
2026-06-28 14:14:24.325 +07:00 [INF] Request finished HTTP/1.1 GET http://localhost:5059/api/tags - 200 null application/json; charset=utf-8 27.7845ms
2026-06-28 14:14:24.325 +07:00 [INF] HTTP GET /api/blog/fivelatest responded 200 in 23.6899 ms
2026-06-28 14:14:24.325 +07:00 [INF] HTTP GET /api/blog/topfive responded 200 in 24.4294 ms
2026-06-28 14:14:24.325 +07:00 [INF] Executing OkObjectResult, writing value of type 'BlogApp.DTOs.ResponseBaseDTO'.
2026-06-28 14:14:24.326 +07:00 [INF] Request finished HTTP/1.1 GET http://localhost:5059/api/blog/topfive - 200 null application/json; charset=utf-8 25.2777ms
2026-06-28 14:14:24.326 +07:00 [INF] Executed action BlogApp.Controllers.AuthenController.CheckValidToken (BlogApp) in 0.4431ms
2026-06-28 14:14:24.325 +07:00 [INF] Request finished HTTP/1.1 GET http://localhost:5059/api/blog/fivelatest - 200 null application/json; charset=utf-8 25.192ms
2026-06-28 14:14:24.326 +07:00 [INF] Executed endpoint 'BlogApp.Controllers.AuthenController.CheckValidToken (BlogApp)'
2026-06-28 14:14:24.326 +07:00 [INF] HTTP GET /api/authen/check-valid-token responded 200 in 1.6388 ms
2026-06-28 14:14:24.326 +07:00 [INF] Request finished HTTP/1.1 GET http://localhost:5059/api/authen/check-valid-token - 200 null application/json; charset=utf-8 22.8061ms
2026-06-28 14:14:24.327 +07:00 [INF] Request starting HTTP/1.1 GET http://localhost:5059/api/authen/check-valid-token - null null
2026-06-28 14:14:24.327 +07:00 [INF] Request starting HTTP/1.1 GET http://localhost:5059/api/tags - null null
2026-06-28 14:14:24.327 +07:00 [INF] CORS policy execution successful.
2026-06-28 14:14:24.327 +07:00 [INF] Request starting HTTP/1.1 GET http://localhost:5059/api/blog/topfive - null null
2026-06-28 14:14:24.327 +07:00 [INF] Request starting HTTP/1.1 GET http://localhost:5059/api/blog/fivelatest - null null
2026-06-28 14:14:24.327 +07:00 [INF] CORS policy execution successful.
2026-06-28 14:14:24.327 +07:00 [INF] CORS policy execution successful.
2026-06-28 14:14:24.327 +07:00 [INF] CORS policy execution successful.
2026-06-28 14:14:24.328 +07:00 [INF] Executing endpoint 'BlogApp.Controllers.TagController.GetAllTags (BlogApp)'
2026-06-28 14:14:24.328 +07:00 [INF] Executing endpoint 'BlogApp.Controllers.AuthenController.CheckValidToken (BlogApp)'
2026-06-28 14:14:24.328 +07:00 [INF] Executing endpoint 'BlogApp.Controllers.BlogController.Get5LatestBlogs (BlogApp)'
2026-06-28 14:14:24.328 +07:00 [INF] Executing endpoint 'BlogApp.Controllers.BlogController.GetTop5Blogs (BlogApp)'
2026-06-28 14:14:24.328 +07:00 [INF] Route matched with {action = "Get5LatestBlogs", controller = "Blog"}. Executing controller action with signature Microsoft.AspNetCore.Mvc.ActionResult Get5LatestBlogs() on controller BlogApp.Controllers.BlogController (BlogApp).
2026-06-28 14:14:24.328 +07:00 [INF] Route matched with {action = "GetAllTags", controller = "Tag"}. Executing controller action with signature Microsoft.AspNetCore.Mvc.ActionResult`1[BlogApp.DTOs.TagListRespDTO] GetAllTags() on controller BlogApp.Controllers.TagController (BlogApp).
2026-06-28 14:14:24.328 +07:00 [INF] Route matched with {action = "CheckValidToken", controller = "Authen"}. Executing controller action with signature Microsoft.AspNetCore.Mvc.ActionResult`1[BlogApp.DTOs.ResponseBaseDTO] CheckValidToken() on controller BlogApp.Controllers.AuthenController (BlogApp).
2026-06-28 14:14:24.328 +07:00 [INF] Route matched with {action = "GetTop5Blogs", controller = "Blog"}. Executing controller action with signature Microsoft.AspNetCore.Mvc.ActionResult GetTop5Blogs() on controller BlogApp.Controllers.BlogController (BlogApp).
2026-06-28 14:14:24.328 +07:00 [INF] Executing OkObjectResult, writing value of type 'BlogApp.DTOs.ResponseBaseDTO'.
2026-06-28 14:14:24.328 +07:00 [INF] Executed action BlogApp.Controllers.AuthenController.CheckValidToken (BlogApp) in 0.3887ms
2026-06-28 14:14:24.329 +07:00 [INF] Executed endpoint 'BlogApp.Controllers.AuthenController.CheckValidToken (BlogApp)'
2026-06-28 14:14:24.329 +07:00 [INF] HTTP GET /api/authen/check-valid-token responded 200 in 1.6962 ms
2026-06-28 14:14:24.329 +07:00 [INF] Request finished HTTP/1.1 GET http://localhost:5059/api/authen/check-valid-token - 200 null application/json; charset=utf-8 2.1097ms
2026-06-28 14:14:24.329 +07:00 [INF] Executed DbCommand (2ms) [Parameters=[], CommandType='"Text"', CommandTimeout='30']

            SELECT tag AS Name, COUNT(*) AS blog_count
            FROM "Blogs", UNNEST("Tags") AS tag
            GROUP BY tag
            ORDER BY blog_count DESC
            LIMIT 5
2026-06-28 14:14:24.330 +07:00 [INF] Executing OkObjectResult, writing value of type 'BlogApp.DTOs.TagListRespDTO'.
2026-06-28 14:14:24.330 +07:00 [INF] Executed action BlogApp.Controllers.TagController.GetTop5Tags (BlogApp) in 28.5538ms
2026-06-28 14:14:24.330 +07:00 [INF] Executed endpoint 'BlogApp.Controllers.TagController.GetTop5Tags (BlogApp)'
2026-06-28 14:14:24.330 +07:00 [INF] HTTP GET /api/tags/topfive responded 200 in 30.6090 ms
2026-06-28 14:14:24.330 +07:00 [INF] Request finished HTTP/1.1 GET http://localhost:5059/api/tags/topfive - 200 null application/json; charset=utf-8 31.343ms
2026-06-28 14:14:24.331 +07:00 [INF] Executed DbCommand (2ms) [Parameters=[], CommandType='"Text"', CommandTimeout='30']
SELECT b."Id", b."AmountOfAccesses", b."AuthorId", b."Content", b."CoverImage", b."CreatedAt", b."PublishedAt", b."State", b."Tags", b."Title", b."UpdatedAt"
FROM "Blogs" AS b
ORDER BY b."CreatedAt" DESC
2026-06-28 14:14:24.331 +07:00 [INF] Request starting HTTP/1.1 GET http://localhost:5059/api/tags/topfive - null null
2026-06-28 14:14:24.331 +07:00 [INF] Executed DbCommand (3ms) [Parameters=[], CommandType='"Text"', CommandTimeout='30']
SELECT t."Name", t."CreatedAt", t."Description", t."UpdatedAt"
FROM "Tags" AS t
ORDER BY t."Name" DESC
2026-06-28 14:14:24.332 +07:00 [INF] Executed DbCommand (3ms) [Parameters=[], CommandType='"Text"', CommandTimeout='30']
SELECT b."Id", b."AmountOfAccesses", b."AuthorId", b."Content", b."CoverImage", b."CreatedAt", b."PublishedAt", b."State", b."Tags", b."Title", b."UpdatedAt"
FROM "Blogs" AS b
ORDER BY b."CreatedAt" DESC
2026-06-28 14:14:24.332 +07:00 [INF] Executing OkObjectResult, writing value of type 'BlogApp.DTOs.TagListRespDTO'.
2026-06-28 14:14:24.332 +07:00 [INF] Executing OkObjectResult, writing value of type 'BlogApp.DTOs.BlogListRespDTO'.
2026-06-28 14:14:24.332 +07:00 [INF] CORS policy execution successful.
2026-06-28 14:14:24.332 +07:00 [INF] Executing OkObjectResult, writing value of type 'BlogApp.DTOs.BlogListRespDTO'.
2026-06-28 14:14:24.332 +07:00 [INF] Executed action BlogApp.Controllers.BlogController.GetTop5Blogs (BlogApp) in 4.1174ms
2026-06-28 14:14:24.332 +07:00 [INF] Executed action BlogApp.Controllers.BlogController.Get5LatestBlogs (BlogApp) in 4.3683ms
2026-06-28 14:14:24.332 +07:00 [INF] Executed endpoint 'BlogApp.Controllers.BlogController.GetTop5Blogs (BlogApp)'
2026-06-28 14:14:24.333 +07:00 [INF] Executed endpoint 'BlogApp.Controllers.BlogController.Get5LatestBlogs (BlogApp)'
2026-06-28 14:14:24.333 +07:00 [INF] HTTP GET /api/blog/topfive responded 200 in 5.0828 ms
2026-06-28 14:14:24.332 +07:00 [INF] Executed action BlogApp.Controllers.TagController.GetAllTags (BlogApp) in 4.2801ms
2026-06-28 14:14:24.333 +07:00 [INF] HTTP GET /api/blog/fivelatest responded 200 in 5.3700 ms
2026-06-28 14:14:24.333 +07:00 [INF] Request finished HTTP/1.1 GET http://localhost:5059/api/blog/fivelatest - 200 null application/json; charset=utf-8 5.9413ms
2026-06-28 14:14:24.333 +07:00 [INF] Executing endpoint 'BlogApp.Controllers.TagController.GetTop5Tags (BlogApp)'
2026-06-28 14:14:24.333 +07:00 [INF] Request finished HTTP/1.1 GET http://localhost:5059/api/blog/topfive - 200 null application/json; charset=utf-8 5.9069ms
2026-06-28 14:14:24.334 +07:00 [INF] Route matched with {action = "GetTop5Tags", controller = "Tag"}. Executing controller action with signature Microsoft.AspNetCore.Mvc.ActionResult GetTop5Tags() on controller BlogApp.Controllers.TagController (BlogApp).
2026-06-28 14:14:24.333 +07:00 [INF] Executed endpoint 'BlogApp.Controllers.TagController.GetAllTags (BlogApp)'
2026-06-28 14:14:24.334 +07:00 [INF] HTTP GET /api/tags responded 200 in 6.7469 ms
2026-06-28 14:14:24.334 +07:00 [INF] Request finished HTTP/1.1 GET http://localhost:5059/api/tags - 200 null application/json; charset=utf-8 7.3399ms
2026-06-28 14:14:24.337 +07:00 [INF] Executed DbCommand (2ms) [Parameters=[], CommandType='"Text"', CommandTimeout='30']

            SELECT tag AS Name, COUNT(*) AS blog_count
            FROM "Blogs", UNNEST("Tags") AS tag
            GROUP BY tag
            ORDER BY blog_count DESC
            LIMIT 5
2026-06-28 14:14:24.337 +07:00 [INF] Executing OkObjectResult, writing value of type 'BlogApp.DTOs.TagListRespDTO'.
2026-06-28 14:14:24.337 +07:00 [INF] Executed action BlogApp.Controllers.TagController.GetTop5Tags (BlogApp) in 3.2349ms
2026-06-28 14:14:24.338 +07:00 [INF] Executed endpoint 'BlogApp.Controllers.TagController.GetTop5Tags (BlogApp)'
2026-06-28 14:14:24.338 +07:00 [INF] HTTP GET /api/tags/topfive responded 200 in 5.4271 ms
2026-06-28 14:14:24.338 +07:00 [INF] Request finished HTTP/1.1 GET http://localhost:5059/api/tags/topfive - 200 null application/json; charset=utf-8 6.5987ms
2026-06-28 14:14:28.613 +07:00 [INF] Request starting HTTP/1.1 OPTIONS http://localhost:5059/api/blog/add - null null
2026-06-28 14:14:28.613 +07:00 [INF] CORS policy execution successful.
2026-06-28 14:14:28.613 +07:00 [INF] Request finished HTTP/1.1 OPTIONS http://localhost:5059/api/blog/add - 204 null null 0.3276ms
2026-06-28 14:14:28.614 +07:00 [INF] Request starting HTTP/1.1 POST http://localhost:5059/api/blog/add - multipart/form-data; boundary=----WebKitFormBoundaryCnkNv2JIgZueSblx 242
2026-06-28 14:14:28.614 +07:00 [INF] CORS policy execution successful.
2026-06-28 14:14:28.615 +07:00 [INF] Executing endpoint 'BlogApp.Controllers.BlogController.AddBlog (BlogApp)'
2026-06-28 14:14:28.615 +07:00 [INF] Route matched with {action = "AddBlog", controller = "Blog"}. Executing controller action with signature System.Threading.Tasks.Task`1[Microsoft.AspNetCore.Mvc.ActionResult] AddBlog(BlogApp.DTOs.BlogReqDTO) on controller BlogApp.Controllers.BlogController (BlogApp).
2026-06-28 14:14:28.629 +07:00 [INF] Executing BadRequestObjectResult, writing value of type 'Microsoft.AspNetCore.Mvc.ValidationProblemDetails'.
2026-06-28 14:14:28.629 +07:00 [INF] Executed action BlogApp.Controllers.BlogController.AddBlog (BlogApp) in 1.7052ms
2026-06-28 14:14:28.630 +07:00 [INF] Executed endpoint 'BlogApp.Controllers.BlogController.AddBlog (BlogApp)'
2026-06-28 14:14:28.630 +07:00 [INF] HTTP POST /api/blog/add responded 400 in 15.1459 ms
2026-06-28 14:14:28.630 +07:00 [INF] Request finished HTTP/1.1 POST http://localhost:5059/api/blog/add - 400 null application/problem+json; charset=utf-8 15.549ms
2026-06-28 14:14:44.348 +07:00 [INF] Request starting HTTP/1.1 OPTIONS http://localhost:5059/api/authen/check-valid-token - null null
2026-06-28 14:14:44.348 +07:00 [INF] Request starting HTTP/1.1 OPTIONS http://localhost:5059/api/tags - null null
2026-06-28 14:14:44.349 +07:00 [INF] CORS policy execution successful.
2026-06-28 14:14:44.349 +07:00 [INF] CORS policy execution successful.
2026-06-28 14:14:44.349 +07:00 [INF] Request finished HTTP/1.1 OPTIONS http://localhost:5059/api/authen/check-valid-token - 204 null null 0.7297ms
2026-06-28 14:14:44.349 +07:00 [INF] Request finished HTTP/1.1 OPTIONS http://localhost:5059/api/tags - 204 null null 0.5701ms
2026-06-28 14:14:44.352 +07:00 [INF] Request starting HTTP/1.1 OPTIONS http://localhost:5059/api/tags/topfive - null null
2026-06-28 14:14:44.352 +07:00 [INF] Request starting HTTP/1.1 OPTIONS http://localhost:5059/api/authen/check-valid-token - null null
2026-06-28 14:14:44.352 +07:00 [INF] Request starting HTTP/1.1 GET http://localhost:5059/api/authen/check-valid-token - null null
2026-06-28 14:14:44.352 +07:00 [INF] Request starting HTTP/1.1 OPTIONS http://localhost:5059/api/blog/fivelatest - null null
2026-06-28 14:14:44.352 +07:00 [INF] Request starting HTTP/1.1 OPTIONS http://localhost:5059/api/blog/topfive - null null
2026-06-28 14:14:44.352 +07:00 [INF] CORS policy execution successful.
2026-06-28 14:14:44.352 +07:00 [INF] Request starting HTTP/1.1 GET http://localhost:5059/api/tags - null null
2026-06-28 14:14:44.352 +07:00 [INF] CORS policy execution successful.
2026-06-28 14:14:44.352 +07:00 [INF] CORS policy execution successful.
2026-06-28 14:14:44.353 +07:00 [INF] Request finished HTTP/1.1 OPTIONS http://localhost:5059/api/authen/check-valid-token - 204 null null 0.85ms
2026-06-28 14:14:44.352 +07:00 [INF] CORS policy execution successful.
2026-06-28 14:14:44.352 +07:00 [INF] Request finished HTTP/1.1 OPTIONS http://localhost:5059/api/tags/topfive - 204 null null 0.7058ms
2026-06-28 14:14:44.353 +07:00 [INF] Executing endpoint 'BlogApp.Controllers.AuthenController.CheckValidToken (BlogApp)'
2026-06-28 14:14:44.352 +07:00 [INF] CORS policy execution successful.
2026-06-28 14:14:44.353 +07:00 [INF] Request finished HTTP/1.1 OPTIONS http://localhost:5059/api/blog/topfive - 204 null null 0.8552ms
2026-06-28 14:14:44.352 +07:00 [INF] CORS policy execution successful.
2026-06-28 14:14:44.353 +07:00 [INF] Route matched with {action = "CheckValidToken", controller = "Authen"}. Executing controller action with signature Microsoft.AspNetCore.Mvc.ActionResult`1[BlogApp.DTOs.ResponseBaseDTO] CheckValidToken() on controller BlogApp.Controllers.AuthenController (BlogApp).
2026-06-28 14:14:44.353 +07:00 [INF] Request finished HTTP/1.1 OPTIONS http://localhost:5059/api/blog/fivelatest - 204 null null 1.1033ms
2026-06-28 14:14:44.353 +07:00 [INF] Executing endpoint 'BlogApp.Controllers.TagController.GetAllTags (BlogApp)'
2026-06-28 14:14:44.353 +07:00 [INF] Request starting HTTP/1.1 GET http://localhost:5059/api/tags/topfive - null null
2026-06-28 14:14:44.353 +07:00 [INF] Route matched with {action = "GetAllTags", controller = "Tag"}. Executing controller action with signature Microsoft.AspNetCore.Mvc.ActionResult`1[BlogApp.DTOs.TagListRespDTO] GetAllTags() on controller BlogApp.Controllers.TagController (BlogApp).
2026-06-28 14:14:44.354 +07:00 [INF] Executing OkObjectResult, writing value of type 'BlogApp.DTOs.ResponseBaseDTO'.
2026-06-28 14:14:44.354 +07:00 [INF] CORS policy execution successful.
2026-06-28 14:14:44.354 +07:00 [INF] Executed action BlogApp.Controllers.AuthenController.CheckValidToken (BlogApp) in 0.5455ms
2026-06-28 14:14:44.354 +07:00 [INF] Executed endpoint 'BlogApp.Controllers.AuthenController.CheckValidToken (BlogApp)'
2026-06-28 14:14:44.354 +07:00 [INF] Executing endpoint 'BlogApp.Controllers.TagController.GetTop5Tags (BlogApp)'
2026-06-28 14:14:44.354 +07:00 [INF] HTTP GET /api/authen/check-valid-token responded 200 in 1.3478 ms
2026-06-28 14:14:44.354 +07:00 [INF] Route matched with {action = "GetTop5Tags", controller = "Tag"}. Executing controller action with signature Microsoft.AspNetCore.Mvc.ActionResult GetTop5Tags() on controller BlogApp.Controllers.TagController (BlogApp).
2026-06-28 14:14:44.354 +07:00 [INF] Request finished HTTP/1.1 GET http://localhost:5059/api/authen/check-valid-token - 200 null application/json; charset=utf-8 2.1228ms
2026-06-28 14:14:44.354 +07:00 [INF] Request starting HTTP/1.1 GET http://localhost:5059/api/blog/topfive - null null
2026-06-28 14:14:44.355 +07:00 [INF] CORS policy execution successful.
2026-06-28 14:14:44.355 +07:00 [INF] Executing endpoint 'BlogApp.Controllers.BlogController.GetTop5Blogs (BlogApp)'
2026-06-28 14:14:44.355 +07:00 [INF] Route matched with {action = "GetTop5Blogs", controller = "Blog"}. Executing controller action with signature Microsoft.AspNetCore.Mvc.ActionResult GetTop5Blogs() on controller BlogApp.Controllers.BlogController (BlogApp).
2026-06-28 14:14:44.355 +07:00 [INF] Request starting HTTP/1.1 GET http://localhost:5059/api/authen/check-valid-token - null null
2026-06-28 14:14:44.355 +07:00 [INF] Request starting HTTP/1.1 GET http://localhost:5059/api/blog/fivelatest - null null
2026-06-28 14:14:44.355 +07:00 [INF] CORS policy execution successful.
2026-06-28 14:14:44.355 +07:00 [INF] CORS policy execution successful.
2026-06-28 14:14:44.355 +07:00 [INF] Executing endpoint 'BlogApp.Controllers.AuthenController.CheckValidToken (BlogApp)'
2026-06-28 14:14:44.355 +07:00 [INF] Executing endpoint 'BlogApp.Controllers.BlogController.Get5LatestBlogs (BlogApp)'
2026-06-28 14:14:44.355 +07:00 [INF] Route matched with {action = "CheckValidToken", controller = "Authen"}. Executing controller action with signature Microsoft.AspNetCore.Mvc.ActionResult`1[BlogApp.DTOs.ResponseBaseDTO] CheckValidToken() on controller BlogApp.Controllers.AuthenController (BlogApp).
2026-06-28 14:14:44.355 +07:00 [INF] Route matched with {action = "Get5LatestBlogs", controller = "Blog"}. Executing controller action with signature Microsoft.AspNetCore.Mvc.ActionResult Get5LatestBlogs() on controller BlogApp.Controllers.BlogController (BlogApp).
2026-06-28 14:14:44.355 +07:00 [INF] Executing OkObjectResult, writing value of type 'BlogApp.DTOs.ResponseBaseDTO'.
2026-06-28 14:14:44.356 +07:00 [INF] Executed action BlogApp.Controllers.AuthenController.CheckValidToken (BlogApp) in 0.2508ms
2026-06-28 14:14:44.356 +07:00 [INF] Executed endpoint 'BlogApp.Controllers.AuthenController.CheckValidToken (BlogApp)'
2026-06-28 14:14:44.356 +07:00 [INF] HTTP GET /api/authen/check-valid-token responded 200 in 0.7089 ms
2026-06-28 14:14:44.356 +07:00 [INF] Request finished HTTP/1.1 GET http://localhost:5059/api/authen/check-valid-token - 200 null application/json; charset=utf-8 1.1403ms
2026-06-28 14:14:44.356 +07:00 [INF] Executed DbCommand (1ms) [Parameters=[], CommandType='"Text"', CommandTimeout='30']

            SELECT tag AS Name, COUNT(*) AS blog_count
            FROM "Blogs", UNNEST("Tags") AS tag
            GROUP BY tag
            ORDER BY blog_count DESC
            LIMIT 5
2026-06-28 14:14:44.356 +07:00 [INF] Executed DbCommand (1ms) [Parameters=[], CommandType='"Text"', CommandTimeout='30']
SELECT b."Id", b."AmountOfAccesses", b."AuthorId", b."Content", b."CoverImage", b."CreatedAt", b."PublishedAt", b."State", b."Tags", b."Title", b."UpdatedAt"
FROM "Blogs" AS b
ORDER BY b."CreatedAt" DESC
2026-06-28 14:14:44.356 +07:00 [INF] Executed DbCommand (2ms) [Parameters=[], CommandType='"Text"', CommandTimeout='30']
SELECT t."Name", t."CreatedAt", t."Description", t."UpdatedAt"
FROM "Tags" AS t
ORDER BY t."Name" DESC
2026-06-28 14:14:44.356 +07:00 [INF] Executing OkObjectResult, writing value of type 'BlogApp.DTOs.TagListRespDTO'.
2026-06-28 14:14:44.356 +07:00 [INF] Request starting HTTP/1.1 GET http://localhost:5059/api/authen/check-valid-token - null null
2026-06-28 14:14:44.357 +07:00 [INF] Executed action BlogApp.Controllers.TagController.GetTop5Tags (BlogApp) in 2.4419ms
2026-06-28 14:14:44.357 +07:00 [INF] CORS policy execution successful.
2026-06-28 14:14:44.357 +07:00 [INF] Executed endpoint 'BlogApp.Controllers.TagController.GetTop5Tags (BlogApp)'
2026-06-28 14:14:44.356 +07:00 [INF] Executing OkObjectResult, writing value of type 'BlogApp.DTOs.TagListRespDTO'.
2026-06-28 14:14:44.357 +07:00 [INF] Executing OkObjectResult, writing value of type 'BlogApp.DTOs.BlogListRespDTO'.
2026-06-28 14:14:44.357 +07:00 [INF] Executed action BlogApp.Controllers.TagController.GetAllTags (BlogApp) in 3.1182ms
2026-06-28 14:14:44.357 +07:00 [INF] Executed action BlogApp.Controllers.BlogController.GetTop5Blogs (BlogApp) in 1.9817ms
2026-06-28 14:14:44.357 +07:00 [INF] Executing endpoint 'BlogApp.Controllers.AuthenController.CheckValidToken (BlogApp)'
2026-06-28 14:14:44.357 +07:00 [INF] Executed DbCommand (1ms) [Parameters=[], CommandType='"Text"', CommandTimeout='30']
SELECT b."Id", b."AmountOfAccesses", b."AuthorId", b."Content", b."CoverImage", b."CreatedAt", b."PublishedAt", b."State", b."Tags", b."Title", b."UpdatedAt"
FROM "Blogs" AS b
ORDER BY b."CreatedAt" DESC
2026-06-28 14:14:44.357 +07:00 [INF] HTTP GET /api/tags/topfive responded 200 in 2.9322 ms
2026-06-28 14:14:44.357 +07:00 [INF] Executed endpoint 'BlogApp.Controllers.TagController.GetAllTags (BlogApp)'
2026-06-28 14:14:44.357 +07:00 [INF] Request finished HTTP/1.1 GET http://localhost:5059/api/tags/topfive - 200 null application/json; charset=utf-8 3.7256ms
2026-06-28 14:14:44.357 +07:00 [INF] Executed endpoint 'BlogApp.Controllers.BlogController.GetTop5Blogs (BlogApp)'
2026-06-28 14:14:44.357 +07:00 [INF] Route matched with {action = "CheckValidToken", controller = "Authen"}. Executing controller action with signature Microsoft.AspNetCore.Mvc.ActionResult`1[BlogApp.DTOs.ResponseBaseDTO] CheckValidToken() on controller BlogApp.Controllers.AuthenController (BlogApp).
2026-06-28 14:14:44.357 +07:00 [INF] HTTP GET /api/tags responded 200 in 4.0292 ms
2026-06-28 14:14:44.357 +07:00 [INF] Executing OkObjectResult, writing value of type 'BlogApp.DTOs.BlogListRespDTO'.
2026-06-28 14:14:44.357 +07:00 [INF] Executing OkObjectResult, writing value of type 'BlogApp.DTOs.ResponseBaseDTO'.
2026-06-28 14:14:44.357 +07:00 [INF] HTTP GET /api/blog/topfive responded 200 in 2.7340 ms
2026-06-28 14:14:44.357 +07:00 [INF] Request finished HTTP/1.1 GET http://localhost:5059/api/tags - 200 null application/json; charset=utf-8 5.5401ms
2026-06-28 14:14:44.358 +07:00 [INF] Executed action BlogApp.Controllers.BlogController.Get5LatestBlogs (BlogApp) in 2.1196ms
2026-06-28 14:14:44.358 +07:00 [INF] Executed action BlogApp.Controllers.AuthenController.CheckValidToken (BlogApp) in 0.2132ms
2026-06-28 14:14:44.358 +07:00 [INF] Request finished HTTP/1.1 GET http://localhost:5059/api/blog/topfive - 200 null application/json; charset=utf-8 3.2875ms
2026-06-28 14:14:44.358 +07:00 [INF] Executed endpoint 'BlogApp.Controllers.BlogController.Get5LatestBlogs (BlogApp)'
2026-06-28 14:14:44.358 +07:00 [INF] Executed endpoint 'BlogApp.Controllers.AuthenController.CheckValidToken (BlogApp)'
2026-06-28 14:14:44.358 +07:00 [INF] HTTP GET /api/blog/fivelatest responded 200 in 2.9071 ms
2026-06-28 14:14:44.358 +07:00 [INF] HTTP GET /api/authen/check-valid-token responded 200 in 1.4733 ms
2026-06-28 14:14:44.358 +07:00 [INF] Request finished HTTP/1.1 GET http://localhost:5059/api/blog/fivelatest - 200 null application/json; charset=utf-8 3.4062ms
2026-06-28 14:14:44.358 +07:00 [INF] Request finished HTTP/1.1 GET http://localhost:5059/api/authen/check-valid-token - 200 null application/json; charset=utf-8 1.7767ms
2026-06-28 14:14:44.359 +07:00 [INF] Request starting HTTP/1.1 GET http://localhost:5059/api/authen/check-valid-token - null null
2026-06-28 14:14:44.359 +07:00 [INF] Request starting HTTP/1.1 GET http://localhost:5059/api/tags - null null
2026-06-28 14:14:44.359 +07:00 [INF] Request starting HTTP/1.1 GET http://localhost:5059/api/tags/topfive - null null
2026-06-28 14:14:44.359 +07:00 [INF] Request starting HTTP/1.1 GET http://localhost:5059/api/blog/topfive - null null
2026-06-28 14:14:44.359 +07:00 [INF] CORS policy execution successful.
2026-06-28 14:14:44.359 +07:00 [INF] CORS policy execution successful.
2026-06-28 14:14:44.359 +07:00 [INF] Request starting HTTP/1.1 GET http://localhost:5059/api/blog/fivelatest - null null
2026-06-28 14:14:44.359 +07:00 [INF] Executing endpoint 'BlogApp.Controllers.BlogController.GetTop5Blogs (BlogApp)'
2026-06-28 14:14:44.359 +07:00 [INF] CORS policy execution successful.
2026-06-28 14:14:44.359 +07:00 [INF] Route matched with {action = "GetTop5Blogs", controller = "Blog"}. Executing controller action with signature Microsoft.AspNetCore.Mvc.ActionResult GetTop5Blogs() on controller BlogApp.Controllers.BlogController (BlogApp).
2026-06-28 14:14:44.359 +07:00 [INF] CORS policy execution successful.
2026-06-28 14:14:44.359 +07:00 [INF] Executing endpoint 'BlogApp.Controllers.TagController.GetTop5Tags (BlogApp)'
2026-06-28 14:14:44.359 +07:00 [INF] Executing endpoint 'BlogApp.Controllers.AuthenController.CheckValidToken (BlogApp)'
2026-06-28 14:14:44.360 +07:00 [INF] Route matched with {action = "GetTop5Tags", controller = "Tag"}. Executing controller action with signature Microsoft.AspNetCore.Mvc.ActionResult GetTop5Tags() on controller BlogApp.Controllers.TagController (BlogApp).
2026-06-28 14:14:44.359 +07:00 [INF] CORS policy execution successful.
2026-06-28 14:14:44.360 +07:00 [INF] Executing endpoint 'BlogApp.Controllers.TagController.GetAllTags (BlogApp)'
2026-06-28 14:14:44.360 +07:00 [INF] Route matched with {action = "CheckValidToken", controller = "Authen"}. Executing controller action with signature Microsoft.AspNetCore.Mvc.ActionResult`1[BlogApp.DTOs.ResponseBaseDTO] CheckValidToken() on controller BlogApp.Controllers.AuthenController (BlogApp).
2026-06-28 14:14:44.360 +07:00 [INF] Executing endpoint 'BlogApp.Controllers.BlogController.Get5LatestBlogs (BlogApp)'
2026-06-28 14:14:44.360 +07:00 [INF] Route matched with {action = "GetAllTags", controller = "Tag"}. Executing controller action with signature Microsoft.AspNetCore.Mvc.ActionResult`1[BlogApp.DTOs.TagListRespDTO] GetAllTags() on controller BlogApp.Controllers.TagController (BlogApp).
2026-06-28 14:14:44.360 +07:00 [INF] Route matched with {action = "Get5LatestBlogs", controller = "Blog"}. Executing controller action with signature Microsoft.AspNetCore.Mvc.ActionResult Get5LatestBlogs() on controller BlogApp.Controllers.BlogController (BlogApp).
2026-06-28 14:14:44.360 +07:00 [INF] Executing OkObjectResult, writing value of type 'BlogApp.DTOs.ResponseBaseDTO'.
2026-06-28 14:14:44.360 +07:00 [INF] Executed action BlogApp.Controllers.AuthenController.CheckValidToken (BlogApp) in 0.2776ms
2026-06-28 14:14:44.360 +07:00 [INF] Executed endpoint 'BlogApp.Controllers.AuthenController.CheckValidToken (BlogApp)'
2026-06-28 14:14:44.360 +07:00 [INF] HTTP GET /api/authen/check-valid-token responded 200 in 1.1031 ms
2026-06-28 14:14:44.360 +07:00 [INF] Request finished HTTP/1.1 GET http://localhost:5059/api/authen/check-valid-token - 200 null application/json; charset=utf-8 1.6758ms
2026-06-28 14:14:44.361 +07:00 [INF] Executed DbCommand (1ms) [Parameters=[], CommandType='"Text"', CommandTimeout='30']
SELECT b."Id", b."AmountOfAccesses", b."AuthorId", b."Content", b."CoverImage", b."CreatedAt", b."PublishedAt", b."State", b."Tags", b."Title", b."UpdatedAt"
FROM "Blogs" AS b
ORDER BY b."CreatedAt" DESC
2026-06-28 14:14:44.361 +07:00 [INF] Executed DbCommand (1ms) [Parameters=[], CommandType='"Text"', CommandTimeout='30']

            SELECT tag AS Name, COUNT(*) AS blog_count
            FROM "Blogs", UNNEST("Tags") AS tag
            GROUP BY tag
            ORDER BY blog_count DESC
            LIMIT 5
2026-06-28 14:14:44.361 +07:00 [INF] Executed DbCommand (1ms) [Parameters=[], CommandType='"Text"', CommandTimeout='30']
SELECT t."Name", t."CreatedAt", t."Description", t."UpdatedAt"
FROM "Tags" AS t
ORDER BY t."Name" DESC
2026-06-28 14:14:44.361 +07:00 [INF] Executed DbCommand (1ms) [Parameters=[], CommandType='"Text"', CommandTimeout='30']
SELECT b."Id", b."AmountOfAccesses", b."AuthorId", b."Content", b."CoverImage", b."CreatedAt", b."PublishedAt", b."State", b."Tags", b."Title", b."UpdatedAt"
FROM "Blogs" AS b
ORDER BY b."CreatedAt" DESC
2026-06-28 14:14:44.361 +07:00 [INF] Executing OkObjectResult, writing value of type 'BlogApp.DTOs.BlogListRespDTO'.
2026-06-28 14:14:44.361 +07:00 [INF] Executing OkObjectResult, writing value of type 'BlogApp.DTOs.TagListRespDTO'.
2026-06-28 14:14:44.361 +07:00 [INF] Executing OkObjectResult, writing value of type 'BlogApp.DTOs.TagListRespDTO'.
2026-06-28 14:14:44.361 +07:00 [INF] Executed action BlogApp.Controllers.TagController.GetTop5Tags (BlogApp) in 1.7854ms
2026-06-28 14:14:44.361 +07:00 [INF] Executed action BlogApp.Controllers.BlogController.GetTop5Blogs (BlogApp) in 1.9502ms
2026-06-28 14:14:44.361 +07:00 [INF] Executing OkObjectResult, writing value of type 'BlogApp.DTOs.BlogListRespDTO'.
2026-06-28 14:14:44.361 +07:00 [INF] Executed action BlogApp.Controllers.TagController.GetAllTags (BlogApp) in 1.522ms
2026-06-28 14:14:44.362 +07:00 [INF] Executed endpoint 'BlogApp.Controllers.TagController.GetTop5Tags (BlogApp)'
2026-06-28 14:14:44.362 +07:00 [INF] Executed endpoint 'BlogApp.Controllers.BlogController.GetTop5Blogs (BlogApp)'
2026-06-28 14:14:44.362 +07:00 [INF] Executed action BlogApp.Controllers.BlogController.Get5LatestBlogs (BlogApp) in 1.6336ms
2026-06-28 14:14:44.362 +07:00 [INF] Executed endpoint 'BlogApp.Controllers.TagController.GetAllTags (BlogApp)'
2026-06-28 14:14:44.362 +07:00 [INF] HTTP GET /api/tags/topfive responded 200 in 2.3740 ms
2026-06-28 14:14:44.362 +07:00 [INF] HTTP GET /api/blog/topfive responded 200 in 2.6061 ms
2026-06-28 14:14:44.362 +07:00 [INF] Executed endpoint 'BlogApp.Controllers.BlogController.Get5LatestBlogs (BlogApp)'
2026-06-28 14:14:44.362 +07:00 [INF] HTTP GET /api/tags responded 200 in 2.4121 ms
2026-06-28 14:14:44.362 +07:00 [INF] Request finished HTTP/1.1 GET http://localhost:5059/api/tags/topfive - 200 null application/json; charset=utf-8 3.2389ms
2026-06-28 14:14:44.362 +07:00 [INF] Request finished HTTP/1.1 GET http://localhost:5059/api/blog/topfive - 200 null application/json; charset=utf-8 3.2875ms
2026-06-28 14:14:44.362 +07:00 [INF] HTTP GET /api/blog/fivelatest responded 200 in 2.4255 ms
2026-06-28 14:14:44.362 +07:00 [INF] Request finished HTTP/1.1 GET http://localhost:5059/api/tags - 200 null application/json; charset=utf-8 3.4767ms
2026-06-28 14:14:44.363 +07:00 [INF] Request finished HTTP/1.1 GET http://localhost:5059/api/blog/fivelatest - 200 null application/json; charset=utf-8 3.7194ms
2026-06-28 14:14:48.095 +07:00 [INF] Request starting HTTP/1.1 OPTIONS http://localhost:5059/api/blog/add - null null
2026-06-28 14:14:48.095 +07:00 [INF] CORS policy execution successful.
2026-06-28 14:14:48.095 +07:00 [INF] Request finished HTTP/1.1 OPTIONS http://localhost:5059/api/blog/add - 204 null null 0.2765ms
2026-06-28 14:14:48.096 +07:00 [INF] Request starting HTTP/1.1 POST http://localhost:5059/api/blog/add - multipart/form-data; boundary=----WebKitFormBoundaryJEPwBSA2BHjvEqVb 242
2026-06-28 14:14:48.096 +07:00 [INF] CORS policy execution successful.
2026-06-28 14:14:48.096 +07:00 [INF] Executing endpoint 'BlogApp.Controllers.BlogController.AddBlog (BlogApp)'
2026-06-28 14:14:48.096 +07:00 [INF] Route matched with {action = "AddBlog", controller = "Blog"}. Executing controller action with signature System.Threading.Tasks.Task`1[Microsoft.AspNetCore.Mvc.ActionResult] AddBlog(BlogApp.DTOs.BlogReqDTO) on controller BlogApp.Controllers.BlogController (BlogApp).
2026-06-28 14:14:48.097 +07:00 [INF] Executing BadRequestObjectResult, writing value of type 'Microsoft.AspNetCore.Mvc.ValidationProblemDetails'.
2026-06-28 14:14:48.097 +07:00 [INF] Executed action BlogApp.Controllers.BlogController.AddBlog (BlogApp) in 0.5751ms
2026-06-28 14:14:48.097 +07:00 [INF] Executed endpoint 'BlogApp.Controllers.BlogController.AddBlog (BlogApp)'
2026-06-28 14:14:48.097 +07:00 [INF] HTTP POST /api/blog/add responded 400 in 1.0404 ms
2026-06-28 14:14:48.097 +07:00 [INF] Request finished HTTP/1.1 POST http://localhost:5059/api/blog/add - 400 null application/problem+json; charset=utf-8 1.3113ms
2026-06-28 14:14:58.676 +07:00 [INF] Request starting HTTP/1.1 OPTIONS http://localhost:5059/api/blog/add - null null
2026-06-28 14:14:58.676 +07:00 [INF] CORS policy execution successful.
2026-06-28 14:14:58.676 +07:00 [INF] Request finished HTTP/1.1 OPTIONS http://localhost:5059/api/blog/add - 204 null null 0.2428ms
2026-06-28 14:14:58.677 +07:00 [INF] Request starting HTTP/1.1 POST http://localhost:5059/api/blog/add - multipart/form-data; boundary=----WebKitFormBoundaryTXNhB8HLfYPcXNpu 242
2026-06-28 14:14:58.677 +07:00 [INF] CORS policy execution successful.
2026-06-28 14:14:58.677 +07:00 [INF] Executing endpoint 'BlogApp.Controllers.BlogController.AddBlog (BlogApp)'
2026-06-28 14:14:58.677 +07:00 [INF] Route matched with {action = "AddBlog", controller = "Blog"}. Executing controller action with signature System.Threading.Tasks.Task`1[Microsoft.AspNetCore.Mvc.ActionResult] AddBlog(BlogApp.DTOs.BlogReqDTO) on controller BlogApp.Controllers.BlogController (BlogApp).
2026-06-28 14:14:58.678 +07:00 [INF] Executing BadRequestObjectResult, writing value of type 'Microsoft.AspNetCore.Mvc.ValidationProblemDetails'.
2026-06-28 14:14:58.678 +07:00 [INF] Executed action BlogApp.Controllers.BlogController.AddBlog (BlogApp) in 0.6918ms
2026-06-28 14:14:58.678 +07:00 [INF] Executed endpoint 'BlogApp.Controllers.BlogController.AddBlog (BlogApp)'
2026-06-28 14:14:58.678 +07:00 [INF] HTTP POST /api/blog/add responded 400 in 1.3017 ms
2026-06-28 14:14:58.678 +07:00 [INF] Request finished HTTP/1.1 POST http://localhost:5059/api/blog/add - 400 null application/problem+json; charset=utf-8 1.5787ms
2026-06-28 14:15:08.066 +07:00 [INF] Request starting HTTP/1.1 OPTIONS http://localhost:5059/api/blog/add - null null
2026-06-28 14:15:08.066 +07:00 [INF] CORS policy execution successful.
2026-06-28 14:15:08.067 +07:00 [INF] Request finished HTTP/1.1 OPTIONS http://localhost:5059/api/blog/add - 204 null null 0.7528ms
2026-06-28 14:15:08.068 +07:00 [INF] Request starting HTTP/1.1 POST http://localhost:5059/api/blog/add - multipart/form-data; boundary=----WebKitFormBoundaryasakBOGfGnnitDlw 242
2026-06-28 14:15:08.068 +07:00 [INF] CORS policy execution successful.
2026-06-28 14:15:08.068 +07:00 [INF] Executing endpoint 'BlogApp.Controllers.BlogController.AddBlog (BlogApp)'
2026-06-28 14:15:08.068 +07:00 [INF] Route matched with {action = "AddBlog", controller = "Blog"}. Executing controller action with signature System.Threading.Tasks.Task`1[Microsoft.AspNetCore.Mvc.ActionResult] AddBlog(BlogApp.DTOs.BlogReqDTO) on controller BlogApp.Controllers.BlogController (BlogApp).
2026-06-28 14:15:08.069 +07:00 [INF] Executing BadRequestObjectResult, writing value of type 'Microsoft.AspNetCore.Mvc.ValidationProblemDetails'.
2026-06-28 14:15:08.069 +07:00 [INF] Executed action BlogApp.Controllers.BlogController.AddBlog (BlogApp) in 0.7247ms
2026-06-28 14:15:08.069 +07:00 [INF] Executed endpoint 'BlogApp.Controllers.BlogController.AddBlog (BlogApp)'
2026-06-28 14:15:08.069 +07:00 [INF] HTTP POST /api/blog/add responded 400 in 1.3911 ms
2026-06-28 14:15:08.069 +07:00 [INF] Request finished HTTP/1.1 POST http://localhost:5059/api/blog/add - 400 null application/problem+json; charset=utf-8 1.6547ms
2026-06-28 14:16:01.326 +07:00 [INF] Request starting HTTP/1.1 OPTIONS http://localhost:5059/api/authen/check-valid-token - null null
2026-06-28 14:16:01.326 +07:00 [INF] Request starting HTTP/1.1 OPTIONS http://localhost:5059/api/tags - null null
2026-06-28 14:16:01.326 +07:00 [INF] Request starting HTTP/1.1 OPTIONS http://localhost:5059/api/tags/topfive - null null
2026-06-28 14:16:01.326 +07:00 [INF] CORS policy execution successful.
2026-06-28 14:16:01.326 +07:00 [INF] CORS policy execution successful.
2026-06-28 14:16:01.326 +07:00 [INF] Request starting HTTP/1.1 OPTIONS http://localhost:5059/api/authen/check-valid-token - null null
2026-06-28 14:16:01.326 +07:00 [INF] CORS policy execution successful.
2026-06-28 14:16:01.327 +07:00 [INF] CORS policy execution successful.
2026-06-28 14:16:01.327 +07:00 [INF] Request finished HTTP/1.1 OPTIONS http://localhost:5059/api/authen/check-valid-token - 204 null null 1.0827ms
2026-06-28 14:16:01.327 +07:00 [INF] Request finished HTTP/1.1 OPTIONS http://localhost:5059/api/tags/topfive - 204 null null 0.5499ms
2026-06-28 14:16:01.327 +07:00 [INF] Request finished HTTP/1.1 OPTIONS http://localhost:5059/api/tags - 204 null null 0.7248ms
2026-06-28 14:16:01.327 +07:00 [INF] Request starting HTTP/1.1 OPTIONS http://localhost:5059/api/blog/fivelatest - null null
2026-06-28 14:16:01.327 +07:00 [INF] Request finished HTTP/1.1 OPTIONS http://localhost:5059/api/authen/check-valid-token - 204 null null 0.8309ms
2026-06-28 14:16:01.327 +07:00 [INF] Request starting HTTP/1.1 OPTIONS http://localhost:5059/api/blog/topfive - null null
2026-06-28 14:16:01.328 +07:00 [INF] CORS policy execution successful.
2026-06-28 14:16:01.329 +07:00 [INF] CORS policy execution successful.
2026-06-28 14:16:01.329 +07:00 [INF] Request finished HTTP/1.1 OPTIONS http://localhost:5059/api/blog/fivelatest - 204 null null 1.5741ms
2026-06-28 14:16:01.329 +07:00 [INF] Request finished HTTP/1.1 OPTIONS http://localhost:5059/api/blog/topfive - 204 null null 1.1691ms
2026-06-28 14:16:01.330 +07:00 [INF] Request starting HTTP/1.1 OPTIONS http://localhost:5059/api/authen/check-valid-token - null null
2026-06-28 14:16:01.330 +07:00 [INF] CORS policy execution successful.
2026-06-28 14:16:01.330 +07:00 [INF] Request finished HTTP/1.1 OPTIONS http://localhost:5059/api/authen/check-valid-token - 204 null null 0.2263ms
2026-06-28 14:16:01.331 +07:00 [INF] Request starting HTTP/1.1 OPTIONS http://localhost:5059/api/tags/topfive - null null
2026-06-28 14:16:01.331 +07:00 [INF] Request starting HTTP/1.1 OPTIONS http://localhost:5059/api/authen/check-valid-token - null null
2026-06-28 14:16:01.331 +07:00 [INF] Request starting HTTP/1.1 OPTIONS http://localhost:5059/api/blog/fivelatest - null null
2026-06-28 14:16:01.331 +07:00 [INF] Request starting HTTP/1.1 OPTIONS http://localhost:5059/api/blog/topfive - null null
2026-06-28 14:16:01.331 +07:00 [INF] Request starting HTTP/1.1 OPTIONS http://localhost:5059/api/tags - null null
2026-06-28 14:16:01.331 +07:00 [INF] Request starting HTTP/1.1 GET http://localhost:5059/api/tags/topfive - null null
2026-06-28 14:16:01.331 +07:00 [INF] CORS policy execution successful.
2026-06-28 14:16:01.332 +07:00 [INF] CORS policy execution successful.
2026-06-28 14:16:01.332 +07:00 [INF] Request finished HTTP/1.1 OPTIONS http://localhost:5059/api/tags/topfive - 204 null null 0.7024ms
2026-06-28 14:16:01.331 +07:00 [INF] CORS policy execution successful.
2026-06-28 14:16:01.331 +07:00 [INF] CORS policy execution successful.
2026-06-28 14:16:01.331 +07:00 [INF] CORS policy execution successful.
2026-06-28 14:16:01.331 +07:00 [INF] CORS policy execution successful.
2026-06-28 14:16:01.332 +07:00 [INF] Request finished HTTP/1.1 OPTIONS http://localhost:5059/api/authen/check-valid-token - 204 null null 0.9114ms
2026-06-28 14:16:01.332 +07:00 [INF] Request finished HTTP/1.1 OPTIONS http://localhost:5059/api/blog/fivelatest - 204 null null 0.9151ms
2026-06-28 14:16:01.332 +07:00 [INF] Request finished HTTP/1.1 OPTIONS http://localhost:5059/api/blog/topfive - 204 null null 0.948ms
2026-06-28 14:16:01.332 +07:00 [INF] Executing endpoint 'BlogApp.Controllers.TagController.GetTop5Tags (BlogApp)'
2026-06-28 14:16:01.332 +07:00 [INF] Request finished HTTP/1.1 OPTIONS http://localhost:5059/api/tags - 204 null null 1.0078ms
2026-06-28 14:16:01.332 +07:00 [INF] Route matched with {action = "GetTop5Tags", controller = "Tag"}. Executing controller action with signature Microsoft.AspNetCore.Mvc.ActionResult GetTop5Tags() on controller BlogApp.Controllers.TagController (BlogApp).
2026-06-28 14:16:01.333 +07:00 [INF] Request starting HTTP/1.1 GET http://localhost:5059/api/tags - null null
2026-06-28 14:16:01.333 +07:00 [INF] Request starting HTTP/1.1 GET http://localhost:5059/api/blog/fivelatest - null null
2026-06-28 14:16:01.333 +07:00 [INF] Request starting HTTP/1.1 GET http://localhost:5059/api/authen/check-valid-token - null null
2026-06-28 14:16:01.333 +07:00 [INF] CORS policy execution successful.
2026-06-28 14:16:01.333 +07:00 [INF] Request starting HTTP/1.1 GET http://localhost:5059/api/blog/topfive - null null
2026-06-28 14:16:01.333 +07:00 [INF] CORS policy execution successful.
2026-06-28 14:16:01.334 +07:00 [INF] CORS policy execution successful.
2026-06-28 14:16:01.334 +07:00 [INF] CORS policy execution successful.
2026-06-28 14:16:01.334 +07:00 [INF] Executing endpoint 'BlogApp.Controllers.TagController.GetAllTags (BlogApp)'
2026-06-28 14:16:01.334 +07:00 [INF] Executing endpoint 'BlogApp.Controllers.BlogController.Get5LatestBlogs (BlogApp)'
2026-06-28 14:16:01.334 +07:00 [INF] Route matched with {action = "GetAllTags", controller = "Tag"}. Executing controller action with signature Microsoft.AspNetCore.Mvc.ActionResult`1[BlogApp.DTOs.TagListRespDTO] GetAllTags() on controller BlogApp.Controllers.TagController (BlogApp).
2026-06-28 14:16:01.334 +07:00 [INF] Executing endpoint 'BlogApp.Controllers.AuthenController.CheckValidToken (BlogApp)'
2026-06-28 14:16:01.334 +07:00 [INF] Route matched with {action = "Get5LatestBlogs", controller = "Blog"}. Executing controller action with signature Microsoft.AspNetCore.Mvc.ActionResult Get5LatestBlogs() on controller BlogApp.Controllers.BlogController (BlogApp).
2026-06-28 14:16:01.334 +07:00 [INF] Executing endpoint 'BlogApp.Controllers.BlogController.GetTop5Blogs (BlogApp)'
2026-06-28 14:16:01.334 +07:00 [INF] Route matched with {action = "CheckValidToken", controller = "Authen"}. Executing controller action with signature Microsoft.AspNetCore.Mvc.ActionResult`1[BlogApp.DTOs.ResponseBaseDTO] CheckValidToken() on controller BlogApp.Controllers.AuthenController (BlogApp).
2026-06-28 14:16:01.334 +07:00 [INF] Route matched with {action = "GetTop5Blogs", controller = "Blog"}. Executing controller action with signature Microsoft.AspNetCore.Mvc.ActionResult GetTop5Blogs() on controller BlogApp.Controllers.BlogController (BlogApp).
2026-06-28 14:16:01.334 +07:00 [INF] Executing OkObjectResult, writing value of type 'BlogApp.DTOs.ResponseBaseDTO'.
2026-06-28 14:16:01.335 +07:00 [INF] Executed action BlogApp.Controllers.AuthenController.CheckValidToken (BlogApp) in 0.2812ms
2026-06-28 14:16:01.335 +07:00 [INF] Executed endpoint 'BlogApp.Controllers.AuthenController.CheckValidToken (BlogApp)'
2026-06-28 14:16:01.335 +07:00 [INF] HTTP GET /api/authen/check-valid-token responded 200 in 0.8091 ms
2026-06-28 14:16:01.335 +07:00 [INF] Request finished HTTP/1.1 GET http://localhost:5059/api/authen/check-valid-token - 200 null application/json; charset=utf-8 1.4583ms
2026-06-28 14:16:01.335 +07:00 [INF] Executed DbCommand (1ms) [Parameters=[], CommandType='"Text"', CommandTimeout='30']

            SELECT tag AS Name, COUNT(*) AS blog_count
            FROM "Blogs", UNNEST("Tags") AS tag
            GROUP BY tag
            ORDER BY blog_count DESC
            LIMIT 5
2026-06-28 14:16:01.335 +07:00 [INF] Executing OkObjectResult, writing value of type 'BlogApp.DTOs.TagListRespDTO'.
2026-06-28 14:16:01.335 +07:00 [INF] Request starting HTTP/1.1 GET http://localhost:5059/api/authen/check-valid-token - null null
2026-06-28 14:16:01.335 +07:00 [INF] Executed action BlogApp.Controllers.TagController.GetTop5Tags (BlogApp) in 2.7798ms
2026-06-28 14:16:01.335 +07:00 [INF] CORS policy execution successful.
2026-06-28 14:16:01.336 +07:00 [INF] Executed endpoint 'BlogApp.Controllers.TagController.GetTop5Tags (BlogApp)'
2026-06-28 14:16:01.336 +07:00 [INF] HTTP GET /api/tags/topfive responded 200 in 4.0032 ms
2026-06-28 14:16:01.336 +07:00 [INF] Executed DbCommand (1ms) [Parameters=[], CommandType='"Text"', CommandTimeout='30']
SELECT t."Name", t."CreatedAt", t."Description", t."UpdatedAt"
FROM "Tags" AS t
ORDER BY t."Name" DESC
2026-06-28 14:16:01.336 +07:00 [INF] Executed DbCommand (1ms) [Parameters=[], CommandType='"Text"', CommandTimeout='30']
SELECT b."Id", b."AmountOfAccesses", b."AuthorId", b."Content", b."CoverImage", b."CreatedAt", b."PublishedAt", b."State", b."Tags", b."Title", b."UpdatedAt"
FROM "Blogs" AS b
ORDER BY b."CreatedAt" DESC
2026-06-28 14:16:01.336 +07:00 [INF] Executed DbCommand (1ms) [Parameters=[], CommandType='"Text"', CommandTimeout='30']
SELECT b."Id", b."AmountOfAccesses", b."AuthorId", b."Content", b."CoverImage", b."CreatedAt", b."PublishedAt", b."State", b."Tags", b."Title", b."UpdatedAt"
FROM "Blogs" AS b
ORDER BY b."CreatedAt" DESC
2026-06-28 14:16:01.336 +07:00 [INF] Executing endpoint 'BlogApp.Controllers.AuthenController.CheckValidToken (BlogApp)'
2026-06-28 14:16:01.336 +07:00 [INF] Request finished HTTP/1.1 GET http://localhost:5059/api/tags/topfive - 200 null application/json; charset=utf-8 4.8031ms
2026-06-28 14:16:01.336 +07:00 [INF] Executing OkObjectResult, writing value of type 'BlogApp.DTOs.TagListRespDTO'.
2026-06-28 14:16:01.336 +07:00 [INF] Route matched with {action = "CheckValidToken", controller = "Authen"}. Executing controller action with signature Microsoft.AspNetCore.Mvc.ActionResult`1[BlogApp.DTOs.ResponseBaseDTO] CheckValidToken() on controller BlogApp.Controllers.AuthenController (BlogApp).
2026-06-28 14:16:01.336 +07:00 [INF] Executed action BlogApp.Controllers.TagController.GetAllTags (BlogApp) in 2.271ms
2026-06-28 14:16:01.336 +07:00 [INF] Executing OkObjectResult, writing value of type 'BlogApp.DTOs.BlogListRespDTO'.
2026-06-28 14:16:01.336 +07:00 [INF] Executing OkObjectResult, writing value of type 'BlogApp.DTOs.BlogListRespDTO'.
2026-06-28 14:16:01.336 +07:00 [INF] Request starting HTTP/1.1 GET http://localhost:5059/api/tags/topfive - null null
2026-06-28 14:16:01.336 +07:00 [INF] Executed endpoint 'BlogApp.Controllers.TagController.GetAllTags (BlogApp)'
2026-06-28 14:16:01.337 +07:00 [INF] CORS policy execution successful.
2026-06-28 14:16:01.337 +07:00 [INF] Executed action BlogApp.Controllers.BlogController.Get5LatestBlogs (BlogApp) in 2.5274ms
2026-06-28 14:16:01.337 +07:00 [INF] Executed endpoint 'BlogApp.Controllers.BlogController.Get5LatestBlogs (BlogApp)'
2026-06-28 14:16:01.337 +07:00 [INF] Executing endpoint 'BlogApp.Controllers.TagController.GetTop5Tags (BlogApp)'
2026-06-28 14:16:01.337 +07:00 [INF] HTTP GET /api/tags responded 200 in 3.2304 ms
2026-06-28 14:16:01.337 +07:00 [INF] Executed action BlogApp.Controllers.BlogController.GetTop5Blogs (BlogApp) in 2.4052ms
2026-06-28 14:16:01.336 +07:00 [INF] Executing OkObjectResult, writing value of type 'BlogApp.DTOs.ResponseBaseDTO'.
2026-06-28 14:16:01.337 +07:00 [INF] HTTP GET /api/blog/fivelatest responded 200 in 3.2108 ms
2026-06-28 14:16:01.337 +07:00 [INF] Route matched with {action = "GetTop5Tags", controller = "Tag"}. Executing controller action with signature Microsoft.AspNetCore.Mvc.ActionResult GetTop5Tags() on controller BlogApp.Controllers.TagController (BlogApp).
2026-06-28 14:16:01.337 +07:00 [INF] Request finished HTTP/1.1 GET http://localhost:5059/api/blog/fivelatest - 200 null application/json; charset=utf-8 3.9826ms
2026-06-28 14:16:01.337 +07:00 [INF] Request finished HTTP/1.1 GET http://localhost:5059/api/tags - 200 null application/json; charset=utf-8 3.8653ms
2026-06-28 14:16:01.337 +07:00 [INF] Executed endpoint 'BlogApp.Controllers.BlogController.GetTop5Blogs (BlogApp)'
2026-06-28 14:16:01.337 +07:00 [INF] Executed action BlogApp.Controllers.AuthenController.CheckValidToken (BlogApp) in 0.9649ms
2026-06-28 14:16:01.338 +07:00 [INF] HTTP GET /api/blog/topfive responded 200 in 3.7240 ms
2026-06-28 14:16:01.338 +07:00 [INF] Executed endpoint 'BlogApp.Controllers.AuthenController.CheckValidToken (BlogApp)'
2026-06-28 14:16:01.338 +07:00 [INF] Request finished HTTP/1.1 GET http://localhost:5059/api/blog/topfive - 200 null application/json; charset=utf-8 4.2206ms
2026-06-28 14:16:01.338 +07:00 [INF] HTTP GET /api/authen/check-valid-token responded 200 in 2.0526 ms
2026-06-28 14:16:01.338 +07:00 [INF] Request finished HTTP/1.1 GET http://localhost:5059/api/authen/check-valid-token - 200 null application/json; charset=utf-8 2.4132ms
2026-06-28 14:16:01.338 +07:00 [INF] Request starting HTTP/1.1 GET http://localhost:5059/api/authen/check-valid-token - null null
2026-06-28 14:16:01.338 +07:00 [INF] Request starting HTTP/1.1 GET http://localhost:5059/api/tags - null null
2026-06-28 14:16:01.338 +07:00 [INF] CORS policy execution successful.
2026-06-28 14:16:01.339 +07:00 [INF] CORS policy execution successful.
2026-06-28 14:16:01.339 +07:00 [INF] Request starting HTTP/1.1 GET http://localhost:5059/api/blog/topfive - null null
2026-06-28 14:16:01.339 +07:00 [INF] Executing endpoint 'BlogApp.Controllers.TagController.GetAllTags (BlogApp)'
2026-06-28 14:16:01.339 +07:00 [INF] Executing endpoint 'BlogApp.Controllers.AuthenController.CheckValidToken (BlogApp)'
2026-06-28 14:16:01.339 +07:00 [INF] Route matched with {action = "GetAllTags", controller = "Tag"}. Executing controller action with signature Microsoft.AspNetCore.Mvc.ActionResult`1[BlogApp.DTOs.TagListRespDTO] GetAllTags() on controller BlogApp.Controllers.TagController (BlogApp).
2026-06-28 14:16:01.339 +07:00 [INF] Request starting HTTP/1.1 GET http://localhost:5059/api/blog/fivelatest - null null
2026-06-28 14:16:01.339 +07:00 [INF] CORS policy execution successful.
2026-06-28 14:16:01.339 +07:00 [INF] Route matched with {action = "CheckValidToken", controller = "Authen"}. Executing controller action with signature Microsoft.AspNetCore.Mvc.ActionResult`1[BlogApp.DTOs.ResponseBaseDTO] CheckValidToken() on controller BlogApp.Controllers.AuthenController (BlogApp).
2026-06-28 14:16:01.339 +07:00 [INF] Executed DbCommand (1ms) [Parameters=[], CommandType='"Text"', CommandTimeout='30']

            SELECT tag AS Name, COUNT(*) AS blog_count
            FROM "Blogs", UNNEST("Tags") AS tag
            GROUP BY tag
            ORDER BY blog_count DESC
            LIMIT 5
2026-06-28 14:16:01.339 +07:00 [INF] CORS policy execution successful.
2026-06-28 14:16:01.339 +07:00 [INF] Executing OkObjectResult, writing value of type 'BlogApp.DTOs.ResponseBaseDTO'.
2026-06-28 14:16:01.339 +07:00 [INF] Executing endpoint 'BlogApp.Controllers.BlogController.GetTop5Blogs (BlogApp)'
2026-06-28 14:16:01.339 +07:00 [INF] Executing OkObjectResult, writing value of type 'BlogApp.DTOs.TagListRespDTO'.
2026-06-28 14:16:01.339 +07:00 [INF] Executing endpoint 'BlogApp.Controllers.BlogController.Get5LatestBlogs (BlogApp)'
2026-06-28 14:16:01.339 +07:00 [INF] Executed action BlogApp.Controllers.AuthenController.CheckValidToken (BlogApp) in 0.2075ms
2026-06-28 14:16:01.339 +07:00 [INF] Route matched with {action = "GetTop5Blogs", controller = "Blog"}. Executing controller action with signature Microsoft.AspNetCore.Mvc.ActionResult GetTop5Blogs() on controller BlogApp.Controllers.BlogController (BlogApp).
2026-06-28 14:16:01.340 +07:00 [INF] Route matched with {action = "Get5LatestBlogs", controller = "Blog"}. Executing controller action with signature Microsoft.AspNetCore.Mvc.ActionResult Get5LatestBlogs() on controller BlogApp.Controllers.BlogController (BlogApp).
2026-06-28 14:16:01.340 +07:00 [INF] Executed action BlogApp.Controllers.TagController.GetTop5Tags (BlogApp) in 2.137ms
2026-06-28 14:16:01.340 +07:00 [INF] Executed endpoint 'BlogApp.Controllers.AuthenController.CheckValidToken (BlogApp)'
2026-06-28 14:16:01.340 +07:00 [INF] HTTP GET /api/authen/check-valid-token responded 200 in 1.1573 ms
2026-06-28 14:16:01.340 +07:00 [INF] Executed endpoint 'BlogApp.Controllers.TagController.GetTop5Tags (BlogApp)'
2026-06-28 14:16:01.340 +07:00 [INF] Request finished HTTP/1.1 GET http://localhost:5059/api/authen/check-valid-token - 200 null application/json; charset=utf-8 1.5335ms
2026-06-28 14:16:01.340 +07:00 [INF] HTTP GET /api/tags/topfive responded 200 in 2.9865 ms
2026-06-28 14:16:01.340 +07:00 [INF] Request finished HTTP/1.1 GET http://localhost:5059/api/tags/topfive - 200 null application/json; charset=utf-8 3.7691ms
2026-06-28 14:16:01.340 +07:00 [INF] Executed DbCommand (1ms) [Parameters=[], CommandType='"Text"', CommandTimeout='30']
SELECT t."Name", t."CreatedAt", t."Description", t."UpdatedAt"
FROM "Tags" AS t
ORDER BY t."Name" DESC
2026-06-28 14:16:01.340 +07:00 [INF] Executing OkObjectResult, writing value of type 'BlogApp.DTOs.TagListRespDTO'.
2026-06-28 14:16:01.341 +07:00 [INF] Executed action BlogApp.Controllers.TagController.GetAllTags (BlogApp) in 1.6622ms
2026-06-28 14:16:01.341 +07:00 [INF] Executed endpoint 'BlogApp.Controllers.TagController.GetAllTags (BlogApp)'
2026-06-28 14:16:01.341 +07:00 [INF] Executed DbCommand (1ms) [Parameters=[], CommandType='"Text"', CommandTimeout='30']
SELECT b."Id", b."AmountOfAccesses", b."AuthorId", b."Content", b."CoverImage", b."CreatedAt", b."PublishedAt", b."State", b."Tags", b."Title", b."UpdatedAt"
FROM "Blogs" AS b
ORDER BY b."CreatedAt" DESC
2026-06-28 14:16:01.341 +07:00 [INF] HTTP GET /api/tags responded 200 in 2.0476 ms
2026-06-28 14:16:01.341 +07:00 [INF] Executed DbCommand (1ms) [Parameters=[], CommandType='"Text"', CommandTimeout='30']
SELECT b."Id", b."AmountOfAccesses", b."AuthorId", b."Content", b."CoverImage", b."CreatedAt", b."PublishedAt", b."State", b."Tags", b."Title", b."UpdatedAt"
FROM "Blogs" AS b
ORDER BY b."CreatedAt" DESC
2026-06-28 14:16:01.341 +07:00 [INF] Request finished HTTP/1.1 GET http://localhost:5059/api/tags - 200 null application/json; charset=utf-8 2.5092ms
2026-06-28 14:16:01.341 +07:00 [INF] Executing OkObjectResult, writing value of type 'BlogApp.DTOs.BlogListRespDTO'.
2026-06-28 14:16:01.341 +07:00 [INF] Request starting HTTP/1.1 GET http://localhost:5059/api/authen/check-valid-token - null null
2026-06-28 14:16:01.341 +07:00 [INF] Executing OkObjectResult, writing value of type 'BlogApp.DTOs.BlogListRespDTO'.
2026-06-28 14:16:01.341 +07:00 [INF] Executed action BlogApp.Controllers.BlogController.Get5LatestBlogs (BlogApp) in 1.5454ms
2026-06-28 14:16:01.341 +07:00 [INF] CORS policy execution successful.
2026-06-28 14:16:01.341 +07:00 [INF] Executed action BlogApp.Controllers.BlogController.GetTop5Blogs (BlogApp) in 1.7627ms
2026-06-28 14:16:01.341 +07:00 [INF] Executed endpoint 'BlogApp.Controllers.BlogController.Get5LatestBlogs (BlogApp)'
2026-06-28 14:16:01.342 +07:00 [INF] Executed endpoint 'BlogApp.Controllers.BlogController.GetTop5Blogs (BlogApp)'
2026-06-28 14:16:01.342 +07:00 [INF] HTTP GET /api/blog/fivelatest responded 200 in 2.3698 ms
2026-06-28 14:16:01.342 +07:00 [INF] Executing endpoint 'BlogApp.Controllers.AuthenController.CheckValidToken (BlogApp)'
2026-06-28 14:16:01.342 +07:00 [INF] HTTP GET /api/blog/topfive responded 200 in 2.6164 ms
2026-06-28 14:16:01.342 +07:00 [INF] Route matched with {action = "CheckValidToken", controller = "Authen"}. Executing controller action with signature Microsoft.AspNetCore.Mvc.ActionResult`1[BlogApp.DTOs.ResponseBaseDTO] CheckValidToken() on controller BlogApp.Controllers.AuthenController (BlogApp).
2026-06-28 14:16:01.342 +07:00 [INF] Request finished HTTP/1.1 GET http://localhost:5059/api/blog/fivelatest - 200 null application/json; charset=utf-8 3.1267ms
2026-06-28 14:16:01.342 +07:00 [INF] Request finished HTTP/1.1 GET http://localhost:5059/api/blog/topfive - 200 null application/json; charset=utf-8 3.2407ms
2026-06-28 14:16:01.342 +07:00 [INF] Executing OkObjectResult, writing value of type 'BlogApp.DTOs.ResponseBaseDTO'.
2026-06-28 14:16:01.342 +07:00 [INF] Executed action BlogApp.Controllers.AuthenController.CheckValidToken (BlogApp) in 0.3207ms
2026-06-28 14:16:01.342 +07:00 [INF] Executed endpoint 'BlogApp.Controllers.AuthenController.CheckValidToken (BlogApp)'
2026-06-28 14:16:01.342 +07:00 [INF] HTTP GET /api/authen/check-valid-token responded 200 in 0.8201 ms
2026-06-28 14:16:01.342 +07:00 [INF] Request finished HTTP/1.1 GET http://localhost:5059/api/authen/check-valid-token - 200 null application/json; charset=utf-8 1.2637ms
2026-06-28 14:16:43.454 +07:00 [INF] Request starting HTTP/1.1 GET http://localhost:5059/openapi/v1.json - null null
2026-06-28 14:16:43.454 +07:00 [INF] Executing endpoint 'HTTP: GET /openapi/{documentName}.json'
2026-06-28 14:16:43.567 +07:00 [INF] Executed endpoint 'HTTP: GET /openapi/{documentName}.json'
2026-06-28 14:16:43.568 +07:00 [INF] HTTP GET /openapi/v1.json responded 200 in 113.7107 ms
2026-06-28 14:16:43.569 +07:00 [INF] Request finished HTTP/1.1 GET http://localhost:5059/openapi/v1.json - 200 null application/json;charset=utf-8 114.8041ms
2026-06-28 14:16:50.884 +07:00 [INF] Request starting HTTP/1.1 GET http://localhost:5059/openapi/v1.json - null null
2026-06-28 14:16:50.884 +07:00 [INF] Executing endpoint 'HTTP: GET /openapi/{documentName}.json'
2026-06-28 14:16:50.902 +07:00 [INF] Executed endpoint 'HTTP: GET /openapi/{documentName}.json'
2026-06-28 14:16:50.902 +07:00 [INF] HTTP GET /openapi/v1.json responded 200 in 18.0708 ms
2026-06-28 14:16:50.903 +07:00 [INF] Request finished HTTP/1.1 GET http://localhost:5059/openapi/v1.json - 200 null application/json;charset=utf-8 18.6032ms
2026-06-28 14:18:01.535 +07:00 [INF] Request starting HTTP/1.1 OPTIONS http://localhost:5059/api/blog/add - null null
2026-06-28 14:18:01.537 +07:00 [INF] CORS policy execution successful.
2026-06-28 14:18:01.537 +07:00 [INF] Request finished HTTP/1.1 OPTIONS http://localhost:5059/api/blog/add - 204 null null 2.0207ms
2026-06-28 14:18:01.540 +07:00 [INF] Request starting HTTP/1.1 POST http://localhost:5059/api/blog/add - multipart/form-data; boundary=----WebKitFormBoundaryWxTIYCD2Lxg8cBKi 242
2026-06-28 14:18:01.541 +07:00 [INF] CORS policy execution successful.
2026-06-28 14:18:01.542 +07:00 [INF] Executing endpoint 'BlogApp.Controllers.BlogController.AddBlog (BlogApp)'
2026-06-28 14:18:01.542 +07:00 [INF] Route matched with {action = "AddBlog", controller = "Blog"}. Executing controller action with signature System.Threading.Tasks.Task`1[Microsoft.AspNetCore.Mvc.ActionResult] AddBlog(BlogApp.DTOs.BlogReqDTO) on controller BlogApp.Controllers.BlogController (BlogApp).
2026-06-28 14:18:01.543 +07:00 [INF] Executing BadRequestObjectResult, writing value of type 'Microsoft.AspNetCore.Mvc.ValidationProblemDetails'.
2026-06-28 14:18:01.544 +07:00 [INF] Executed action BlogApp.Controllers.BlogController.AddBlog (BlogApp) in 1.5971ms
2026-06-28 14:18:01.544 +07:00 [INF] Executed endpoint 'BlogApp.Controllers.BlogController.AddBlog (BlogApp)'
2026-06-28 14:18:01.544 +07:00 [INF] HTTP POST /api/blog/add responded 400 in 3.4999 ms
2026-06-28 14:18:01.545 +07:00 [INF] Request finished HTTP/1.1 POST http://localhost:5059/api/blog/add - 400 null application/problem+json; charset=utf-8 4.7228ms
2026-06-28 14:18:22.682 +07:00 [INF] Request starting HTTP/1.1 OPTIONS http://localhost:5059/api/blog/add - null null
2026-06-28 14:18:22.682 +07:00 [INF] CORS policy execution successful.
2026-06-28 14:18:22.682 +07:00 [INF] Request finished HTTP/1.1 OPTIONS http://localhost:5059/api/blog/add - 204 null null 0.2364ms
2026-06-28 14:18:22.683 +07:00 [INF] Request starting HTTP/1.1 POST http://localhost:5059/api/blog/add - multipart/form-data; boundary=----WebKitFormBoundaryyvXeznl2w4E3OdLO 242
2026-06-28 14:18:22.683 +07:00 [INF] CORS policy execution successful.
2026-06-28 14:18:22.684 +07:00 [INF] Executing endpoint 'BlogApp.Controllers.BlogController.AddBlog (BlogApp)'
2026-06-28 14:18:22.684 +07:00 [INF] Route matched with {action = "AddBlog", controller = "Blog"}. Executing controller action with signature System.Threading.Tasks.Task`1[Microsoft.AspNetCore.Mvc.ActionResult] AddBlog(BlogApp.DTOs.BlogReqDTO) on controller BlogApp.Controllers.BlogController (BlogApp).
2026-06-28 14:18:22.685 +07:00 [INF] Executing BadRequestObjectResult, writing value of type 'Microsoft.AspNetCore.Mvc.ValidationProblemDetails'.
2026-06-28 14:18:22.685 +07:00 [INF] Executed action BlogApp.Controllers.BlogController.AddBlog (BlogApp) in 1.255ms
2026-06-28 14:18:22.685 +07:00 [INF] Executed endpoint 'BlogApp.Controllers.BlogController.AddBlog (BlogApp)'
2026-06-28 14:18:22.685 +07:00 [INF] HTTP POST /api/blog/add responded 400 in 1.9138 ms
2026-06-28 14:18:22.685 +07:00 [INF] Request finished HTTP/1.1 POST http://localhost:5059/api/blog/add - 400 null application/problem+json; charset=utf-8 2.1709ms
2026-06-28 14:19:28.078 +07:00 [INF] Request starting HTTP/1.1 OPTIONS http://localhost:5059/api/blog/add - null null
2026-06-28 14:19:28.079 +07:00 [INF] CORS policy execution successful.
2026-06-28 14:19:28.079 +07:00 [INF] Request finished HTTP/1.1 OPTIONS http://localhost:5059/api/blog/add - 204 null null 1.7788ms
2026-06-28 14:19:28.080 +07:00 [INF] Request starting HTTP/1.1 POST http://localhost:5059/api/blog/add - multipart/form-data; boundary=----WebKitFormBoundary1nAjeFY9FN3ND5Y7 242
2026-06-28 14:19:28.080 +07:00 [INF] CORS policy execution successful.
2026-06-28 14:19:28.081 +07:00 [INF] Executing endpoint 'BlogApp.Controllers.BlogController.AddBlog (BlogApp)'
2026-06-28 14:19:28.081 +07:00 [INF] Route matched with {action = "AddBlog", controller = "Blog"}. Executing controller action with signature System.Threading.Tasks.Task`1[Microsoft.AspNetCore.Mvc.ActionResult] AddBlog(BlogApp.DTOs.BlogReqDTO) on controller BlogApp.Controllers.BlogController (BlogApp).
2026-06-28 14:19:28.082 +07:00 [INF] Executing BadRequestObjectResult, writing value of type 'Microsoft.AspNetCore.Mvc.ValidationProblemDetails'.
2026-06-28 14:19:28.082 +07:00 [INF] Executed action BlogApp.Controllers.BlogController.AddBlog (BlogApp) in 0.6208ms
2026-06-28 14:19:28.082 +07:00 [INF] Executed endpoint 'BlogApp.Controllers.BlogController.AddBlog (BlogApp)'
2026-06-28 14:19:28.082 +07:00 [INF] HTTP POST /api/blog/add responded 400 in 1.5804 ms
2026-06-28 14:19:28.082 +07:00 [INF] Request finished HTTP/1.1 POST http://localhost:5059/api/blog/add - 400 null application/problem+json; charset=utf-8 1.8589ms
2026-06-28 14:20:33.885 +07:00 [INF] Request starting HTTP/1.1 OPTIONS http://localhost:5059/api/blog/search - null null
2026-06-28 14:20:33.886 +07:00 [INF] Request starting HTTP/1.1 OPTIONS http://localhost:5059/api/authen/check-valid-token - null null
2026-06-28 14:20:33.886 +07:00 [INF] CORS policy execution successful.
2026-06-28 14:20:33.886 +07:00 [INF] CORS policy execution successful.
2026-06-28 14:20:33.886 +07:00 [INF] Request finished HTTP/1.1 OPTIONS http://localhost:5059/api/blog/search - 204 null null 1.4035ms
2026-06-28 14:20:33.886 +07:00 [INF] Request finished HTTP/1.1 OPTIONS http://localhost:5059/api/authen/check-valid-token - 204 null null 0.2685ms
2026-06-28 14:20:33.886 +07:00 [INF] Request starting HTTP/1.1 OPTIONS http://localhost:5059/api/tags/topfive - null null
2026-06-28 14:20:33.887 +07:00 [INF] CORS policy execution successful.
2026-06-28 14:20:33.887 +07:00 [INF] Request finished HTTP/1.1 OPTIONS http://localhost:5059/api/tags/topfive - 204 null null 0.5623ms
2026-06-28 14:20:33.887 +07:00 [INF] Request starting HTTP/1.1 OPTIONS http://localhost:5059/api/blog/topfive - null null
2026-06-28 14:20:33.887 +07:00 [INF] Request starting HTTP/1.1 OPTIONS http://localhost:5059/api/blog/fivelatest - null null
2026-06-28 14:20:33.888 +07:00 [INF] CORS policy execution successful.
2026-06-28 14:20:33.888 +07:00 [INF] CORS policy execution successful.
2026-06-28 14:20:33.888 +07:00 [INF] Request starting HTTP/1.1 GET http://localhost:5059/api/authen/check-valid-token - null null
2026-06-28 14:20:33.888 +07:00 [INF] Request starting HTTP/1.1 POST http://localhost:5059/api/blog/search - multipart/form-data; boundary=----WebKitFormBoundaryuf04X6AaWg8cbI1P 528
2026-06-28 14:20:33.888 +07:00 [INF] Request finished HTTP/1.1 OPTIONS http://localhost:5059/api/blog/topfive - 204 null null 0.4917ms
2026-06-28 14:20:33.888 +07:00 [INF] Request finished HTTP/1.1 OPTIONS http://localhost:5059/api/blog/fivelatest - 204 null null 0.5125ms
2026-06-28 14:20:33.888 +07:00 [INF] Request starting HTTP/1.1 GET http://localhost:5059/api/tags/topfive - null null
2026-06-28 14:20:33.888 +07:00 [INF] CORS policy execution successful.
2026-06-28 14:20:33.888 +07:00 [INF] CORS policy execution successful.
2026-06-28 14:20:33.888 +07:00 [INF] Request starting HTTP/1.1 POST http://localhost:5059/api/blog/search - multipart/form-data; boundary=----WebKitFormBoundaryq0FlS9EkYK49H5Vn 528
2026-06-28 14:20:33.889 +07:00 [INF] CORS policy execution successful.
2026-06-28 14:20:33.889 +07:00 [INF] CORS policy execution successful.
2026-06-28 14:20:33.889 +07:00 [INF] Executing endpoint 'BlogApp.Controllers.BlogController.SearchBlogs (BlogApp)'
2026-06-28 14:20:33.890 +07:00 [INF] Executing endpoint 'BlogApp.Controllers.TagController.GetTop5Tags (BlogApp)'
2026-06-28 14:20:33.890 +07:00 [INF] Route matched with {action = "SearchBlogs", controller = "Blog"}. Executing controller action with signature Microsoft.AspNetCore.Mvc.ActionResult SearchBlogs(BlogApp.DTOs.SearchBlogReqDTO) on controller BlogApp.Controllers.BlogController (BlogApp).
2026-06-28 14:20:33.890 +07:00 [INF] Request starting HTTP/1.1 OPTIONS http://localhost:5059/api/blog/fivelatest - null null
2026-06-28 14:20:33.890 +07:00 [INF] Executing endpoint 'BlogApp.Controllers.BlogController.SearchBlogs (BlogApp)'
2026-06-28 14:20:33.890 +07:00 [INF] Executing endpoint 'BlogApp.Controllers.AuthenController.CheckValidToken (BlogApp)'
2026-06-28 14:20:33.890 +07:00 [INF] Route matched with {action = "GetTop5Tags", controller = "Tag"}. Executing controller action with signature Microsoft.AspNetCore.Mvc.ActionResult GetTop5Tags() on controller BlogApp.Controllers.TagController (BlogApp).
2026-06-28 14:20:33.890 +07:00 [INF] Request starting HTTP/1.1 OPTIONS http://localhost:5059/api/blog/topfive - null null
2026-06-28 14:20:33.890 +07:00 [INF] CORS policy execution successful.
2026-06-28 14:20:33.890 +07:00 [INF] Route matched with {action = "SearchBlogs", controller = "Blog"}. Executing controller action with signature Microsoft.AspNetCore.Mvc.ActionResult SearchBlogs(BlogApp.DTOs.SearchBlogReqDTO) on controller BlogApp.Controllers.BlogController (BlogApp).
2026-06-28 14:20:33.890 +07:00 [INF] Route matched with {action = "CheckValidToken", controller = "Authen"}. Executing controller action with signature Microsoft.AspNetCore.Mvc.ActionResult`1[BlogApp.DTOs.ResponseBaseDTO] CheckValidToken() on controller BlogApp.Controllers.AuthenController (BlogApp).
2026-06-28 14:20:33.890 +07:00 [INF] CORS policy execution successful.
2026-06-28 14:20:33.890 +07:00 [INF] Request finished HTTP/1.1 OPTIONS http://localhost:5059/api/blog/fivelatest - 204 null null 0.4788ms
2026-06-28 14:20:33.890 +07:00 [INF] Executing ObjectResult, writing value of type 'Microsoft.AspNetCore.Mvc.ProblemDetails'.
2026-06-28 14:20:33.890 +07:00 [INF] Request finished HTTP/1.1 OPTIONS http://localhost:5059/api/blog/topfive - 204 null null 0.6189ms
2026-06-28 14:20:33.890 +07:00 [INF] Executing OkObjectResult, writing value of type 'BlogApp.DTOs.ResponseBaseDTO'.
2026-06-28 14:20:33.891 +07:00 [INF] Executed action BlogApp.Controllers.BlogController.SearchBlogs (BlogApp) in 0.9517ms
2026-06-28 14:20:33.891 +07:00 [INF] Executed action BlogApp.Controllers.AuthenController.CheckValidToken (BlogApp) in 0.4878ms
2026-06-28 14:20:33.891 +07:00 [INF] Executing ObjectResult, writing value of type 'Microsoft.AspNetCore.Mvc.ProblemDetails'.
2026-06-28 14:20:33.891 +07:00 [INF] Executed endpoint 'BlogApp.Controllers.BlogController.SearchBlogs (BlogApp)'
2026-06-28 14:20:33.891 +07:00 [INF] Executed endpoint 'BlogApp.Controllers.AuthenController.CheckValidToken (BlogApp)'
2026-06-28 14:20:33.891 +07:00 [INF] HTTP POST /api/blog/search responded 415 in 1.7215 ms
2026-06-28 14:20:33.891 +07:00 [INF] Executed action BlogApp.Controllers.BlogController.SearchBlogs (BlogApp) in 0.7555ms
2026-06-28 14:20:33.891 +07:00 [INF] HTTP GET /api/authen/check-valid-token responded 200 in 1.7962 ms
2026-06-28 14:20:33.891 +07:00 [INF] Request finished HTTP/1.1 GET http://localhost:5059/api/authen/check-valid-token - 200 null application/json; charset=utf-8 3.6702ms
2026-06-28 14:20:33.891 +07:00 [INF] Request finished HTTP/1.1 POST http://localhost:5059/api/blog/search - 415 null application/problem+json; charset=utf-8 3.4789ms
2026-06-28 14:20:33.891 +07:00 [INF] Executed endpoint 'BlogApp.Controllers.BlogController.SearchBlogs (BlogApp)'
2026-06-28 14:20:33.892 +07:00 [INF] HTTP POST /api/blog/search responded 415 in 2.1141 ms
2026-06-28 14:20:33.892 +07:00 [INF] Request finished HTTP/1.1 POST http://localhost:5059/api/blog/search - 415 null application/problem+json; charset=utf-8 3.2351ms
2026-06-28 14:20:33.892 +07:00 [INF] Request starting HTTP/1.1 GET http://localhost:5059/api/blog/fivelatest - null null
2026-06-28 14:20:33.892 +07:00 [INF] CORS policy execution successful.
2026-06-28 14:20:33.892 +07:00 [INF] Executing endpoint 'BlogApp.Controllers.BlogController.Get5LatestBlogs (BlogApp)'
2026-06-28 14:20:33.892 +07:00 [INF] Request starting HTTP/1.1 GET http://localhost:5059/api/blog/topfive - null null
2026-06-28 14:20:33.892 +07:00 [INF] Route matched with {action = "Get5LatestBlogs", controller = "Blog"}. Executing controller action with signature Microsoft.AspNetCore.Mvc.ActionResult Get5LatestBlogs() on controller BlogApp.Controllers.BlogController (BlogApp).
2026-06-28 14:20:33.892 +07:00 [INF] Request starting HTTP/1.1 GET http://localhost:5059/api/authen/check-valid-token - null null
2026-06-28 14:20:33.892 +07:00 [INF] CORS policy execution successful.
2026-06-28 14:20:33.892 +07:00 [INF] CORS policy execution successful.
2026-06-28 14:20:33.893 +07:00 [INF] Executing endpoint 'BlogApp.Controllers.BlogController.GetTop5Blogs (BlogApp)'
2026-06-28 14:20:33.893 +07:00 [INF] Executing endpoint 'BlogApp.Controllers.AuthenController.CheckValidToken (BlogApp)'
2026-06-28 14:20:33.893 +07:00 [INF] Route matched with {action = "GetTop5Blogs", controller = "Blog"}. Executing controller action with signature Microsoft.AspNetCore.Mvc.ActionResult GetTop5Blogs() on controller BlogApp.Controllers.BlogController (BlogApp).
2026-06-28 14:20:33.893 +07:00 [INF] Executed DbCommand (2ms) [Parameters=[], CommandType='"Text"', CommandTimeout='30']

            SELECT tag AS Name, COUNT(*) AS blog_count
            FROM "Blogs", UNNEST("Tags") AS tag
            GROUP BY tag
            ORDER BY blog_count DESC
            LIMIT 5
2026-06-28 14:20:33.893 +07:00 [INF] Route matched with {action = "CheckValidToken", controller = "Authen"}. Executing controller action with signature Microsoft.AspNetCore.Mvc.ActionResult`1[BlogApp.DTOs.ResponseBaseDTO] CheckValidToken() on controller BlogApp.Controllers.AuthenController (BlogApp).
2026-06-28 14:20:33.893 +07:00 [INF] Executing OkObjectResult, writing value of type 'BlogApp.DTOs.TagListRespDTO'.
2026-06-28 14:20:33.893 +07:00 [INF] Executing OkObjectResult, writing value of type 'BlogApp.DTOs.ResponseBaseDTO'.
2026-06-28 14:20:33.893 +07:00 [INF] Executed action BlogApp.Controllers.TagController.GetTop5Tags (BlogApp) in 3.1914ms
2026-06-28 14:20:33.893 +07:00 [INF] Executed action BlogApp.Controllers.AuthenController.CheckValidToken (BlogApp) in 0.2217ms
2026-06-28 14:20:33.893 +07:00 [INF] Executed endpoint 'BlogApp.Controllers.TagController.GetTop5Tags (BlogApp)'
2026-06-28 14:20:33.893 +07:00 [INF] HTTP GET /api/tags/topfive responded 200 in 3.9107 ms
2026-06-28 14:20:33.893 +07:00 [INF] Executed endpoint 'BlogApp.Controllers.AuthenController.CheckValidToken (BlogApp)'
2026-06-28 14:20:33.894 +07:00 [INF] Request finished HTTP/1.1 GET http://localhost:5059/api/tags/topfive - 200 null application/json; charset=utf-8 5.5295ms
2026-06-28 14:20:33.894 +07:00 [INF] HTTP GET /api/authen/check-valid-token responded 200 in 1.0423 ms
2026-06-28 14:20:33.894 +07:00 [INF] Request finished HTTP/1.1 GET http://localhost:5059/api/authen/check-valid-token - 200 null application/json; charset=utf-8 1.5957ms
2026-06-28 14:20:33.894 +07:00 [INF] Request starting HTTP/1.1 GET http://localhost:5059/api/tags/topfive - null null
2026-06-28 14:20:33.894 +07:00 [INF] CORS policy execution successful.
2026-06-28 14:20:33.894 +07:00 [INF] Executing endpoint 'BlogApp.Controllers.TagController.GetTop5Tags (BlogApp)'
2026-06-28 14:20:33.895 +07:00 [INF] Route matched with {action = "GetTop5Tags", controller = "Tag"}. Executing controller action with signature Microsoft.AspNetCore.Mvc.ActionResult GetTop5Tags() on controller BlogApp.Controllers.TagController (BlogApp).
2026-06-28 14:20:33.895 +07:00 [INF] Executed DbCommand (2ms) [Parameters=[], CommandType='"Text"', CommandTimeout='30']
SELECT b."Id", b."AmountOfAccesses", b."AuthorId", b."Content", b."CoverImage", b."CreatedAt", b."PublishedAt", b."State", b."Tags", b."Title", b."UpdatedAt"
FROM "Blogs" AS b
ORDER BY b."CreatedAt" DESC
2026-06-28 14:20:33.895 +07:00 [INF] Executing OkObjectResult, writing value of type 'BlogApp.DTOs.BlogListRespDTO'.
2026-06-28 14:20:33.895 +07:00 [INF] Executed action BlogApp.Controllers.BlogController.GetTop5Blogs (BlogApp) in 2.6012ms
2026-06-28 14:20:33.895 +07:00 [INF] Executed endpoint 'BlogApp.Controllers.BlogController.GetTop5Blogs (BlogApp)'
2026-06-28 14:20:33.896 +07:00 [INF] HTTP GET /api/blog/topfive responded 200 in 3.0383 ms
2026-06-28 14:20:33.896 +07:00 [INF] Request finished HTTP/1.1 GET http://localhost:5059/api/blog/topfive - 200 null application/json; charset=utf-8 3.5094ms
2026-06-28 14:20:33.897 +07:00 [INF] Request starting HTTP/1.1 GET http://localhost:5059/api/blog/topfive - null null
2026-06-28 14:20:33.897 +07:00 [INF] CORS policy execution successful.
2026-06-28 14:20:33.897 +07:00 [INF] Executing endpoint 'BlogApp.Controllers.BlogController.GetTop5Blogs (BlogApp)'
2026-06-28 14:20:33.897 +07:00 [INF] Route matched with {action = "GetTop5Blogs", controller = "Blog"}. Executing controller action with signature Microsoft.AspNetCore.Mvc.ActionResult GetTop5Blogs() on controller BlogApp.Controllers.BlogController (BlogApp).
2026-06-28 14:20:33.898 +07:00 [INF] Executed DbCommand (1ms) [Parameters=[], CommandType='"Text"', CommandTimeout='30']
SELECT b."Id", b."AmountOfAccesses", b."AuthorId", b."Content", b."CoverImage", b."CreatedAt", b."PublishedAt", b."State", b."Tags", b."Title", b."UpdatedAt"
FROM "Blogs" AS b
ORDER BY b."CreatedAt" DESC
2026-06-28 14:20:33.898 +07:00 [INF] Executed DbCommand (1ms) [Parameters=[], CommandType='"Text"', CommandTimeout='30']
SELECT b."Id", b."AmountOfAccesses", b."AuthorId", b."Content", b."CoverImage", b."CreatedAt", b."PublishedAt", b."State", b."Tags", b."Title", b."UpdatedAt"
FROM "Blogs" AS b
ORDER BY b."CreatedAt" DESC
2026-06-28 14:20:33.899 +07:00 [INF] Executing OkObjectResult, writing value of type 'BlogApp.DTOs.BlogListRespDTO'.
2026-06-28 14:20:33.899 +07:00 [INF] Executing OkObjectResult, writing value of type 'BlogApp.DTOs.BlogListRespDTO'.
2026-06-28 14:20:33.899 +07:00 [INF] Executed action BlogApp.Controllers.BlogController.GetTop5Blogs (BlogApp) in 1.5778ms
2026-06-28 14:20:33.899 +07:00 [INF] Executed action BlogApp.Controllers.BlogController.Get5LatestBlogs (BlogApp) in 6.3224ms
2026-06-28 14:20:33.899 +07:00 [INF] Executed endpoint 'BlogApp.Controllers.BlogController.GetTop5Blogs (BlogApp)'
2026-06-28 14:20:33.899 +07:00 [INF] Executed endpoint 'BlogApp.Controllers.BlogController.Get5LatestBlogs (BlogApp)'
2026-06-28 14:20:33.899 +07:00 [INF] HTTP GET /api/blog/topfive responded 200 in 2.0146 ms
2026-06-28 14:20:33.899 +07:00 [INF] HTTP GET /api/blog/fivelatest responded 200 in 6.8739 ms
2026-06-28 14:20:33.899 +07:00 [INF] Request finished HTTP/1.1 GET http://localhost:5059/api/blog/topfive - 200 null application/json; charset=utf-8 2.3771ms
2026-06-28 14:20:33.899 +07:00 [INF] Request finished HTTP/1.1 GET http://localhost:5059/api/blog/fivelatest - 200 null application/json; charset=utf-8 7.2853ms
2026-06-28 14:20:33.899 +07:00 [INF] Executed DbCommand (1ms) [Parameters=[], CommandType='"Text"', CommandTimeout='30']

            SELECT tag AS Name, COUNT(*) AS blog_count
            FROM "Blogs", UNNEST("Tags") AS tag
            GROUP BY tag
            ORDER BY blog_count DESC
            LIMIT 5
2026-06-28 14:20:33.899 +07:00 [INF] Executing OkObjectResult, writing value of type 'BlogApp.DTOs.TagListRespDTO'.
2026-06-28 14:20:33.900 +07:00 [INF] Executed action BlogApp.Controllers.TagController.GetTop5Tags (BlogApp) in 4.9866ms
2026-06-28 14:20:33.900 +07:00 [INF] Executed endpoint 'BlogApp.Controllers.TagController.GetTop5Tags (BlogApp)'
2026-06-28 14:20:33.900 +07:00 [INF] Request starting HTTP/1.1 GET http://localhost:5059/api/blog/fivelatest - null null
2026-06-28 14:20:33.900 +07:00 [INF] HTTP GET /api/tags/topfive responded 200 in 5.3824 ms
2026-06-28 14:20:33.900 +07:00 [INF] CORS policy execution successful.
2026-06-28 14:20:33.900 +07:00 [INF] Request finished HTTP/1.1 GET http://localhost:5059/api/tags/topfive - 200 null application/json; charset=utf-8 5.7812ms
2026-06-28 14:20:33.900 +07:00 [INF] Executing endpoint 'BlogApp.Controllers.BlogController.Get5LatestBlogs (BlogApp)'
2026-06-28 14:20:33.900 +07:00 [INF] Route matched with {action = "Get5LatestBlogs", controller = "Blog"}. Executing controller action with signature Microsoft.AspNetCore.Mvc.ActionResult Get5LatestBlogs() on controller BlogApp.Controllers.BlogController (BlogApp).
2026-06-28 14:20:33.902 +07:00 [INF] Executed DbCommand (1ms) [Parameters=[], CommandType='"Text"', CommandTimeout='30']
SELECT b."Id", b."AmountOfAccesses", b."AuthorId", b."Content", b."CoverImage", b."CreatedAt", b."PublishedAt", b."State", b."Tags", b."Title", b."UpdatedAt"
FROM "Blogs" AS b
ORDER BY b."CreatedAt" DESC
2026-06-28 14:20:33.902 +07:00 [INF] Executing OkObjectResult, writing value of type 'BlogApp.DTOs.BlogListRespDTO'.
2026-06-28 14:20:33.902 +07:00 [INF] Executed action BlogApp.Controllers.BlogController.Get5LatestBlogs (BlogApp) in 1.8705ms
2026-06-28 14:20:33.902 +07:00 [INF] Executed endpoint 'BlogApp.Controllers.BlogController.Get5LatestBlogs (BlogApp)'
2026-06-28 14:20:33.902 +07:00 [INF] HTTP GET /api/blog/fivelatest responded 200 in 2.2706 ms
2026-06-28 14:20:33.902 +07:00 [INF] Request finished HTTP/1.1 GET http://localhost:5059/api/blog/fivelatest - 200 null application/json; charset=utf-8 2.6501ms
2026-06-28 14:21:03.445 +07:00 [INF] User profile is available. Using '/home/kieudangkimbao2000/.aspnet/DataProtection-Keys' as key repository; keys will not be encrypted at rest.
2026-06-28 14:21:03.645 +07:00 [WRN] The ASP.NET Core developer certificate is not trusted. For information about trusting the ASP.NET Core developer certificate, see https://aka.ms/aspnet/https-trust-dev-cert
2026-06-28 14:21:03.678 +07:00 [INF] Now listening on: https://localhost:7065
2026-06-28 14:21:03.679 +07:00 [INF] Now listening on: http://localhost:5059
2026-06-28 14:21:03.681 +07:00 [INF] Application started. Press Ctrl+C to shut down.
2026-06-28 14:21:03.681 +07:00 [INF] Hosting environment: Development
2026-06-28 14:21:03.681 +07:00 [INF] Content root path: /home/kieudangkimbao2000/WorkSpace/BlogApp/backend
2026-06-28 14:21:08.682 +07:00 [INF] Request starting HTTP/1.1 OPTIONS http://localhost:5059/api/blog/fivelatest - null null
2026-06-28 14:21:08.682 +07:00 [INF] Request starting HTTP/1.1 OPTIONS http://localhost:5059/api/blog/search - null null
2026-06-28 14:21:08.682 +07:00 [INF] Request starting HTTP/1.1 OPTIONS http://localhost:5059/api/tags/topfive - null null
2026-06-28 14:21:08.682 +07:00 [INF] Request starting HTTP/1.1 OPTIONS http://localhost:5059/api/blog/search - null null
2026-06-28 14:21:08.682 +07:00 [INF] Request starting HTTP/1.1 OPTIONS http://localhost:5059/api/authen/check-valid-token - null null
2026-06-28 14:21:08.682 +07:00 [INF] Request starting HTTP/1.1 OPTIONS http://localhost:5059/api/blog/topfive - null null
2026-06-28 14:21:08.731 +07:00 [INF] CORS policy execution successful.
2026-06-28 14:21:08.731 +07:00 [INF] CORS policy execution successful.
2026-06-28 14:21:08.731 +07:00 [INF] CORS policy execution successful.
2026-06-28 14:21:08.731 +07:00 [INF] CORS policy execution successful.
2026-06-28 14:21:08.731 +07:00 [INF] CORS policy execution successful.
2026-06-28 14:21:08.731 +07:00 [INF] CORS policy execution successful.
2026-06-28 14:21:08.736 +07:00 [INF] Request finished HTTP/1.1 OPTIONS http://localhost:5059/api/tags/topfive - 204 null null 55.434ms
2026-06-28 14:21:08.736 +07:00 [INF] Request finished HTTP/1.1 OPTIONS http://localhost:5059/api/blog/search - 204 null null 55.4342ms
2026-06-28 14:21:08.736 +07:00 [INF] Request finished HTTP/1.1 OPTIONS http://localhost:5059/api/authen/check-valid-token - 204 null null 55.4306ms
2026-06-28 14:21:08.736 +07:00 [INF] Request finished HTTP/1.1 OPTIONS http://localhost:5059/api/blog/search - 204 null null 55.4432ms
2026-06-28 14:21:08.736 +07:00 [INF] Request finished HTTP/1.1 OPTIONS http://localhost:5059/api/blog/topfive - 204 null null 55.421ms
2026-06-28 14:21:08.736 +07:00 [INF] Request finished HTTP/1.1 OPTIONS http://localhost:5059/api/blog/fivelatest - 204 null null 55.4632ms
2026-06-28 14:21:08.740 +07:00 [INF] Request starting HTTP/1.1 OPTIONS http://localhost:5059/api/blog/fivelatest - null null
2026-06-28 14:21:08.740 +07:00 [INF] Request starting HTTP/1.1 OPTIONS http://localhost:5059/api/blog/topfive - null null
2026-06-28 14:21:08.740 +07:00 [INF] Request starting HTTP/1.1 OPTIONS http://localhost:5059/api/tags/topfive - null null
2026-06-28 14:21:08.740 +07:00 [INF] Request starting HTTP/1.1 OPTIONS http://localhost:5059/api/authen/check-valid-token - null null
2026-06-28 14:21:08.740 +07:00 [INF] Request starting HTTP/1.1 GET http://localhost:5059/api/authen/check-valid-token - null null
2026-06-28 14:21:08.740 +07:00 [INF] Request starting HTTP/1.1 POST http://localhost:5059/api/blog/search - multipart/form-data; boundary=----WebKitFormBoundarylvmB5CmtLpJKQw8a 528
2026-06-28 14:21:08.742 +07:00 [INF] CORS policy execution successful.
2026-06-28 14:21:08.742 +07:00 [INF] CORS policy execution successful.
2026-06-28 14:21:08.742 +07:00 [INF] CORS policy execution successful.
2026-06-28 14:21:08.742 +07:00 [INF] CORS policy execution successful.
2026-06-28 14:21:08.742 +07:00 [INF] CORS policy execution successful.
2026-06-28 14:21:08.742 +07:00 [INF] CORS policy execution successful.
2026-06-28 14:21:08.742 +07:00 [INF] Request finished HTTP/1.1 OPTIONS http://localhost:5059/api/tags/topfive - 204 null null 2.3091ms
2026-06-28 14:21:08.742 +07:00 [INF] Request finished HTTP/1.1 OPTIONS http://localhost:5059/api/authen/check-valid-token - 204 null null 2.4666ms
2026-06-28 14:21:08.742 +07:00 [INF] Request finished HTTP/1.1 OPTIONS http://localhost:5059/api/blog/fivelatest - 204 null null 2.5499ms
2026-06-28 14:21:08.742 +07:00 [INF] Request finished HTTP/1.1 OPTIONS http://localhost:5059/api/blog/topfive - 204 null null 2.6334ms
2026-06-28 14:21:08.744 +07:00 [INF] Request starting HTTP/1.1 GET http://localhost:5059/api/blog/topfive - null null
2026-06-28 14:21:08.744 +07:00 [INF] Request starting HTTP/1.1 POST http://localhost:5059/api/blog/search - multipart/form-data; boundary=----WebKitFormBoundarylxIq13j0DBpX2Q4C 528
2026-06-28 14:21:08.744 +07:00 [INF] Request starting HTTP/1.1 GET http://localhost:5059/api/tags/topfive - null null
2026-06-28 14:21:08.744 +07:00 [INF] Request starting HTTP/1.1 GET http://localhost:5059/api/blog/fivelatest - null null
2026-06-28 14:21:08.744 +07:00 [INF] CORS policy execution successful.
2026-06-28 14:21:08.744 +07:00 [INF] CORS policy execution successful.
2026-06-28 14:21:08.744 +07:00 [INF] CORS policy execution successful.
2026-06-28 14:21:08.744 +07:00 [INF] CORS policy execution successful.
2026-06-28 14:21:08.822 +07:00 [INF] Executing endpoint 'BlogApp.Controllers.BlogController.SearchBlogs (BlogApp)'
2026-06-28 14:21:08.822 +07:00 [INF] Executing endpoint 'BlogApp.Controllers.BlogController.GetTop5Blogs (BlogApp)'
2026-06-28 14:21:08.822 +07:00 [INF] Executing endpoint 'BlogApp.Controllers.TagController.GetTop5Tags (BlogApp)'
2026-06-28 14:21:08.822 +07:00 [INF] Executing endpoint 'BlogApp.Controllers.BlogController.Get5LatestBlogs (BlogApp)'
2026-06-28 14:21:08.822 +07:00 [INF] Executing endpoint 'BlogApp.Controllers.BlogController.SearchBlogs (BlogApp)'
2026-06-28 14:21:08.822 +07:00 [INF] Executing endpoint 'BlogApp.Controllers.AuthenController.CheckValidToken (BlogApp)'
2026-06-28 14:21:08.832 +07:00 [INF] Route matched with {action = "Get5LatestBlogs", controller = "Blog"}. Executing controller action with signature Microsoft.AspNetCore.Mvc.ActionResult Get5LatestBlogs() on controller BlogApp.Controllers.BlogController (BlogApp).
2026-06-28 14:21:08.832 +07:00 [INF] Route matched with {action = "CheckValidToken", controller = "Authen"}. Executing controller action with signature Microsoft.AspNetCore.Mvc.ActionResult`1[BlogApp.DTOs.ResponseBaseDTO] CheckValidToken() on controller BlogApp.Controllers.AuthenController (BlogApp).
2026-06-28 14:21:08.832 +07:00 [INF] Route matched with {action = "GetTop5Blogs", controller = "Blog"}. Executing controller action with signature Microsoft.AspNetCore.Mvc.ActionResult GetTop5Blogs() on controller BlogApp.Controllers.BlogController (BlogApp).
2026-06-28 14:21:08.832 +07:00 [INF] Route matched with {action = "GetTop5Tags", controller = "Tag"}. Executing controller action with signature Microsoft.AspNetCore.Mvc.ActionResult GetTop5Tags() on controller BlogApp.Controllers.TagController (BlogApp).
2026-06-28 14:21:08.836 +07:00 [INF] Route matched with {action = "SearchBlogs", controller = "Blog"}. Executing controller action with signature Microsoft.AspNetCore.Mvc.ActionResult SearchBlogs(BlogApp.DTOs.SearchBlogReqDTO) on controller BlogApp.Controllers.BlogController (BlogApp).
2026-06-28 14:21:08.836 +07:00 [INF] Route matched with {action = "SearchBlogs", controller = "Blog"}. Executing controller action with signature Microsoft.AspNetCore.Mvc.ActionResult SearchBlogs(BlogApp.DTOs.SearchBlogReqDTO) on controller BlogApp.Controllers.BlogController (BlogApp).
2026-06-28 14:21:08.935 +07:00 [INF] Executing OkObjectResult, writing value of type 'BlogApp.DTOs.ResponseBaseDTO'.
2026-06-28 14:21:08.960 +07:00 [INF] Executed action BlogApp.Controllers.AuthenController.CheckValidToken (BlogApp) in 124.9986ms
2026-06-28 14:21:08.960 +07:00 [INF] Executed endpoint 'BlogApp.Controllers.AuthenController.CheckValidToken (BlogApp)'
2026-06-28 14:21:08.962 +07:00 [INF] HTTP GET /api/authen/check-valid-token responded 200 in 217.6654 ms
2026-06-28 14:21:08.964 +07:00 [INF] Request finished HTTP/1.1 GET http://localhost:5059/api/authen/check-valid-token - 200 null application/json; charset=utf-8 224.1868ms
2026-06-28 14:21:08.964 +07:00 [INF] Request starting HTTP/1.1 GET http://localhost:5059/api/authen/check-valid-token - null null
2026-06-28 14:21:08.965 +07:00 [INF] CORS policy execution successful.
2026-06-28 14:21:08.965 +07:00 [INF] Executing BadRequestObjectResult, writing value of type 'Microsoft.AspNetCore.Mvc.ValidationProblemDetails'.
2026-06-28 14:21:08.965 +07:00 [INF] Executing BadRequestObjectResult, writing value of type 'Microsoft.AspNetCore.Mvc.ValidationProblemDetails'.
2026-06-28 14:21:08.968 +07:00 [INF] Executing endpoint 'BlogApp.Controllers.AuthenController.CheckValidToken (BlogApp)'
2026-06-28 14:21:08.968 +07:00 [INF] Route matched with {action = "CheckValidToken", controller = "Authen"}. Executing controller action with signature Microsoft.AspNetCore.Mvc.ActionResult`1[BlogApp.DTOs.ResponseBaseDTO] CheckValidToken() on controller BlogApp.Controllers.AuthenController (BlogApp).
2026-06-28 14:21:08.969 +07:00 [INF] Executing OkObjectResult, writing value of type 'BlogApp.DTOs.ResponseBaseDTO'.
2026-06-28 14:21:08.970 +07:00 [INF] Executed action BlogApp.Controllers.AuthenController.CheckValidToken (BlogApp) in 1.5685ms
2026-06-28 14:21:08.970 +07:00 [INF] Executed endpoint 'BlogApp.Controllers.AuthenController.CheckValidToken (BlogApp)'
2026-06-28 14:21:08.970 +07:00 [INF] HTTP GET /api/authen/check-valid-token responded 200 in 5.1051 ms
2026-06-28 14:21:08.970 +07:00 [INF] Request finished HTTP/1.1 GET http://localhost:5059/api/authen/check-valid-token - 200 null application/json; charset=utf-8 5.6535ms
2026-06-28 14:21:08.985 +07:00 [INF] Executed action BlogApp.Controllers.BlogController.SearchBlogs (BlogApp) in 148.7648ms
2026-06-28 14:21:08.985 +07:00 [INF] Executed action BlogApp.Controllers.BlogController.SearchBlogs (BlogApp) in 148.6368ms
2026-06-28 14:21:08.985 +07:00 [INF] Executed endpoint 'BlogApp.Controllers.BlogController.SearchBlogs (BlogApp)'
2026-06-28 14:21:08.985 +07:00 [INF] Executed endpoint 'BlogApp.Controllers.BlogController.SearchBlogs (BlogApp)'
2026-06-28 14:21:08.985 +07:00 [INF] HTTP POST /api/blog/search responded 400 in 242.6681 ms
2026-06-28 14:21:08.985 +07:00 [INF] HTTP POST /api/blog/search responded 400 in 240.7862 ms
2026-06-28 14:21:08.986 +07:00 [INF] Request finished HTTP/1.1 POST http://localhost:5059/api/blog/search - 400 null application/problem+json; charset=utf-8 245.7438ms
2026-06-28 14:21:08.986 +07:00 [INF] Request finished HTTP/1.1 POST http://localhost:5059/api/blog/search - 400 null application/problem+json; charset=utf-8 242.0098ms
2026-06-28 14:21:09.611 +07:00 [INF] Executed DbCommand (15ms) [Parameters=[], CommandType='"Text"', CommandTimeout='30']
SELECT b."Id", b."AmountOfAccesses", b."AuthorId", b."Content", b."CoverImage", b."CreatedAt", b."PublishedAt", b."State", b."Tags", b."Title", b."UpdatedAt"
FROM "Blogs" AS b
ORDER BY b."CreatedAt" DESC
2026-06-28 14:21:09.611 +07:00 [INF] Executed DbCommand (15ms) [Parameters=[], CommandType='"Text"', CommandTimeout='30']
SELECT b."Id", b."AmountOfAccesses", b."AuthorId", b."Content", b."CoverImage", b."CreatedAt", b."PublishedAt", b."State", b."Tags", b."Title", b."UpdatedAt"
FROM "Blogs" AS b
ORDER BY b."CreatedAt" DESC
2026-06-28 14:21:09.611 +07:00 [INF] Executed DbCommand (15ms) [Parameters=[], CommandType='"Text"', CommandTimeout='30']

            SELECT tag AS Name, COUNT(*) AS blog_count
            FROM "Blogs", UNNEST("Tags") AS tag
            GROUP BY tag
            ORDER BY blog_count DESC
            LIMIT 5
2026-06-28 14:21:09.651 +07:00 [INF] Executing OkObjectResult, writing value of type 'BlogApp.DTOs.TagListRespDTO'.
2026-06-28 14:21:09.658 +07:00 [INF] Executed action BlogApp.Controllers.TagController.GetTop5Tags (BlogApp) in 825.2825ms
2026-06-28 14:21:09.658 +07:00 [INF] Executed endpoint 'BlogApp.Controllers.TagController.GetTop5Tags (BlogApp)'
2026-06-28 14:21:09.658 +07:00 [INF] HTTP GET /api/tags/topfive responded 200 in 913.6268 ms
2026-06-28 14:21:09.663 +07:00 [INF] Request finished HTTP/1.1 GET http://localhost:5059/api/tags/topfive - 200 null application/json; charset=utf-8 919.3947ms
2026-06-28 14:21:09.664 +07:00 [INF] Request starting HTTP/1.1 GET http://localhost:5059/api/tags/topfive - null null
2026-06-28 14:21:09.664 +07:00 [INF] CORS policy execution successful.
2026-06-28 14:21:09.664 +07:00 [INF] Executing endpoint 'BlogApp.Controllers.TagController.GetTop5Tags (BlogApp)'
2026-06-28 14:21:09.664 +07:00 [INF] Route matched with {action = "GetTop5Tags", controller = "Tag"}. Executing controller action with signature Microsoft.AspNetCore.Mvc.ActionResult GetTop5Tags() on controller BlogApp.Controllers.TagController (BlogApp).
2026-06-28 14:21:09.716 +07:00 [INF] Executed DbCommand (1ms) [Parameters=[], CommandType='"Text"', CommandTimeout='30']

            SELECT tag AS Name, COUNT(*) AS blog_count
            FROM "Blogs", UNNEST("Tags") AS tag
            GROUP BY tag
            ORDER BY blog_count DESC
            LIMIT 5
2026-06-28 14:21:09.716 +07:00 [INF] Executing OkObjectResult, writing value of type 'BlogApp.DTOs.TagListRespDTO'.
2026-06-28 14:21:09.717 +07:00 [INF] Executed action BlogApp.Controllers.TagController.GetTop5Tags (BlogApp) in 52.3174ms
2026-06-28 14:21:09.717 +07:00 [INF] Executed endpoint 'BlogApp.Controllers.TagController.GetTop5Tags (BlogApp)'
2026-06-28 14:21:09.717 +07:00 [INF] HTTP GET /api/tags/topfive responded 200 in 53.0246 ms
2026-06-28 14:21:09.717 +07:00 [INF] Request finished HTTP/1.1 GET http://localhost:5059/api/tags/topfive - 200 null application/json; charset=utf-8 53.4912ms
2026-06-28 14:21:09.748 +07:00 [INF] Executing OkObjectResult, writing value of type 'BlogApp.DTOs.BlogListRespDTO'.
2026-06-28 14:21:09.748 +07:00 [INF] Executing OkObjectResult, writing value of type 'BlogApp.DTOs.BlogListRespDTO'.
2026-06-28 14:21:09.755 +07:00 [INF] Executed action BlogApp.Controllers.BlogController.GetTop5Blogs (BlogApp) in 922.8497ms
2026-06-28 14:21:09.755 +07:00 [INF] Executed action BlogApp.Controllers.BlogController.Get5LatestBlogs (BlogApp) in 922.9426ms
2026-06-28 14:21:09.756 +07:00 [INF] Executed endpoint 'BlogApp.Controllers.BlogController.GetTop5Blogs (BlogApp)'
2026-06-28 14:21:09.756 +07:00 [INF] Executed endpoint 'BlogApp.Controllers.BlogController.Get5LatestBlogs (BlogApp)'
2026-06-28 14:21:09.756 +07:00 [INF] HTTP GET /api/blog/topfive responded 200 in 1011.2895 ms
2026-06-28 14:21:09.756 +07:00 [INF] HTTP GET /api/blog/fivelatest responded 200 in 1011.3295 ms
2026-06-28 14:21:09.756 +07:00 [INF] Request finished HTTP/1.1 GET http://localhost:5059/api/blog/topfive - 200 null application/json; charset=utf-8 1012.3719ms
2026-06-28 14:21:09.756 +07:00 [INF] Request finished HTTP/1.1 GET http://localhost:5059/api/blog/fivelatest - 200 null application/json; charset=utf-8 1012.2852ms
2026-06-28 14:21:09.757 +07:00 [INF] Request starting HTTP/1.1 GET http://localhost:5059/api/blog/topfive - null null
2026-06-28 14:21:09.757 +07:00 [INF] Request starting HTTP/1.1 GET http://localhost:5059/api/blog/fivelatest - null null
2026-06-28 14:21:09.757 +07:00 [INF] CORS policy execution successful.
2026-06-28 14:21:09.757 +07:00 [INF] CORS policy execution successful.
2026-06-28 14:21:09.758 +07:00 [INF] Executing endpoint 'BlogApp.Controllers.BlogController.Get5LatestBlogs (BlogApp)'
2026-06-28 14:21:09.758 +07:00 [INF] Executing endpoint 'BlogApp.Controllers.BlogController.GetTop5Blogs (BlogApp)'
2026-06-28 14:21:09.758 +07:00 [INF] Route matched with {action = "Get5LatestBlogs", controller = "Blog"}. Executing controller action with signature Microsoft.AspNetCore.Mvc.ActionResult Get5LatestBlogs() on controller BlogApp.Controllers.BlogController (BlogApp).
2026-06-28 14:21:09.758 +07:00 [INF] Route matched with {action = "GetTop5Blogs", controller = "Blog"}. Executing controller action with signature Microsoft.AspNetCore.Mvc.ActionResult GetTop5Blogs() on controller BlogApp.Controllers.BlogController (BlogApp).
2026-06-28 14:21:09.762 +07:00 [INF] Executed DbCommand (1ms) [Parameters=[], CommandType='"Text"', CommandTimeout='30']
SELECT b."Id", b."AmountOfAccesses", b."AuthorId", b."Content", b."CoverImage", b."CreatedAt", b."PublishedAt", b."State", b."Tags", b."Title", b."UpdatedAt"
FROM "Blogs" AS b
ORDER BY b."CreatedAt" DESC
2026-06-28 14:21:09.762 +07:00 [INF] Executed DbCommand (1ms) [Parameters=[], CommandType='"Text"', CommandTimeout='30']
SELECT b."Id", b."AmountOfAccesses", b."AuthorId", b."Content", b."CoverImage", b."CreatedAt", b."PublishedAt", b."State", b."Tags", b."Title", b."UpdatedAt"
FROM "Blogs" AS b
ORDER BY b."CreatedAt" DESC
2026-06-28 14:21:09.763 +07:00 [INF] Executing OkObjectResult, writing value of type 'BlogApp.DTOs.BlogListRespDTO'.
2026-06-28 14:21:09.763 +07:00 [INF] Executing OkObjectResult, writing value of type 'BlogApp.DTOs.BlogListRespDTO'.
2026-06-28 14:21:09.763 +07:00 [INF] Executed action BlogApp.Controllers.BlogController.GetTop5Blogs (BlogApp) in 5.1226ms
2026-06-28 14:21:09.763 +07:00 [INF] Executed action BlogApp.Controllers.BlogController.Get5LatestBlogs (BlogApp) in 5.2576ms
2026-06-28 14:21:09.763 +07:00 [INF] Executed endpoint 'BlogApp.Controllers.BlogController.GetTop5Blogs (BlogApp)'
2026-06-28 14:21:09.764 +07:00 [INF] Executed endpoint 'BlogApp.Controllers.BlogController.Get5LatestBlogs (BlogApp)'
2026-06-28 14:21:09.764 +07:00 [INF] HTTP GET /api/blog/topfive responded 200 in 6.1453 ms
2026-06-28 14:21:09.764 +07:00 [INF] HTTP GET /api/blog/fivelatest responded 200 in 6.1278 ms
2026-06-28 14:21:09.764 +07:00 [INF] Request finished HTTP/1.1 GET http://localhost:5059/api/blog/topfive - 200 null application/json; charset=utf-8 6.939ms
2026-06-28 14:21:09.764 +07:00 [INF] Request finished HTTP/1.1 GET http://localhost:5059/api/blog/fivelatest - 200 null application/json; charset=utf-8 7.0274ms
2026-06-28 14:21:10.930 +07:00 [INF] Request starting HTTP/1.1 POST http://localhost:5059/api/blog/search - multipart/form-data; boundary=----WebKitFormBoundaryOwGgji2zAscTtBrS 528
2026-06-28 14:21:10.930 +07:00 [INF] Request starting HTTP/1.1 GET http://localhost:5059/api/authen/check-valid-token - null null
2026-06-28 14:21:10.931 +07:00 [INF] Request starting HTTP/1.1 GET http://localhost:5059/api/tags/topfive - null null
2026-06-28 14:21:10.931 +07:00 [INF] CORS policy execution successful.
2026-06-28 14:21:10.931 +07:00 [INF] Request starting HTTP/1.1 GET http://localhost:5059/api/blog/fivelatest - null null
2026-06-28 14:21:10.931 +07:00 [INF] CORS policy execution successful.
2026-06-28 14:21:10.931 +07:00 [INF] CORS policy execution successful.
2026-06-28 14:21:10.931 +07:00 [INF] CORS policy execution successful.
2026-06-28 14:21:10.932 +07:00 [INF] Request starting HTTP/1.1 GET http://localhost:5059/api/blog/topfive - null null
2026-06-28 14:21:10.932 +07:00 [INF] Executing endpoint 'BlogApp.Controllers.TagController.GetTop5Tags (BlogApp)'
2026-06-28 14:21:10.932 +07:00 [INF] Executing endpoint 'BlogApp.Controllers.BlogController.Get5LatestBlogs (BlogApp)'
2026-06-28 14:21:10.932 +07:00 [INF] Executing endpoint 'BlogApp.Controllers.BlogController.SearchBlogs (BlogApp)'
2026-06-28 14:21:10.932 +07:00 [INF] Route matched with {action = "GetTop5Tags", controller = "Tag"}. Executing controller action with signature Microsoft.AspNetCore.Mvc.ActionResult GetTop5Tags() on controller BlogApp.Controllers.TagController (BlogApp).
2026-06-28 14:21:10.932 +07:00 [INF] CORS policy execution successful.
2026-06-28 14:21:10.932 +07:00 [INF] Route matched with {action = "Get5LatestBlogs", controller = "Blog"}. Executing controller action with signature Microsoft.AspNetCore.Mvc.ActionResult Get5LatestBlogs() on controller BlogApp.Controllers.BlogController (BlogApp).
2026-06-28 14:21:10.932 +07:00 [INF] Route matched with {action = "SearchBlogs", controller = "Blog"}. Executing controller action with signature Microsoft.AspNetCore.Mvc.ActionResult SearchBlogs(BlogApp.DTOs.SearchBlogReqDTO) on controller BlogApp.Controllers.BlogController (BlogApp).
2026-06-28 14:21:10.932 +07:00 [INF] Executing endpoint 'BlogApp.Controllers.AuthenController.CheckValidToken (BlogApp)'
2026-06-28 14:21:10.932 +07:00 [INF] Executing endpoint 'BlogApp.Controllers.BlogController.GetTop5Blogs (BlogApp)'
2026-06-28 14:21:10.932 +07:00 [INF] Route matched with {action = "CheckValidToken", controller = "Authen"}. Executing controller action with signature Microsoft.AspNetCore.Mvc.ActionResult`1[BlogApp.DTOs.ResponseBaseDTO] CheckValidToken() on controller BlogApp.Controllers.AuthenController (BlogApp).
2026-06-28 14:21:10.933 +07:00 [INF] Route matched with {action = "GetTop5Blogs", controller = "Blog"}. Executing controller action with signature Microsoft.AspNetCore.Mvc.ActionResult GetTop5Blogs() on controller BlogApp.Controllers.BlogController (BlogApp).
2026-06-28 14:21:10.933 +07:00 [INF] Request starting HTTP/1.1 POST http://localhost:5059/api/blog/search - multipart/form-data; boundary=----WebKitFormBoundary7vJxh9LLiFMK5aEd 528
2026-06-28 14:21:10.933 +07:00 [INF] CORS policy execution successful.
2026-06-28 14:21:10.933 +07:00 [INF] Executing endpoint 'BlogApp.Controllers.BlogController.SearchBlogs (BlogApp)'
2026-06-28 14:21:10.934 +07:00 [INF] Route matched with {action = "SearchBlogs", controller = "Blog"}. Executing controller action with signature Microsoft.AspNetCore.Mvc.ActionResult SearchBlogs(BlogApp.DTOs.SearchBlogReqDTO) on controller BlogApp.Controllers.BlogController (BlogApp).
2026-06-28 14:21:10.934 +07:00 [INF] Executing OkObjectResult, writing value of type 'BlogApp.DTOs.ResponseBaseDTO'.
2026-06-28 14:21:10.935 +07:00 [INF] Executed action BlogApp.Controllers.AuthenController.CheckValidToken (BlogApp) in 2.0615ms
2026-06-28 14:21:10.935 +07:00 [INF] Executed endpoint 'BlogApp.Controllers.AuthenController.CheckValidToken (BlogApp)'
2026-06-28 14:21:10.935 +07:00 [INF] HTTP GET /api/authen/check-valid-token responded 200 in 3.7797 ms
2026-06-28 14:21:10.935 +07:00 [INF] Request finished HTTP/1.1 GET http://localhost:5059/api/authen/check-valid-token - 200 null application/json; charset=utf-8 4.851ms
2026-06-28 14:21:10.936 +07:00 [INF] Request starting HTTP/1.1 GET http://localhost:5059/api/authen/check-valid-token - null null
2026-06-28 14:21:10.936 +07:00 [INF] CORS policy execution successful.
2026-06-28 14:21:10.936 +07:00 [INF] Executing endpoint 'BlogApp.Controllers.AuthenController.CheckValidToken (BlogApp)'
2026-06-28 14:21:10.936 +07:00 [INF] Route matched with {action = "CheckValidToken", controller = "Authen"}. Executing controller action with signature Microsoft.AspNetCore.Mvc.ActionResult`1[BlogApp.DTOs.ResponseBaseDTO] CheckValidToken() on controller BlogApp.Controllers.AuthenController (BlogApp).
2026-06-28 14:21:10.937 +07:00 [INF] Executing OkObjectResult, writing value of type 'BlogApp.DTOs.ResponseBaseDTO'.
2026-06-28 14:21:10.937 +07:00 [INF] Executed action BlogApp.Controllers.AuthenController.CheckValidToken (BlogApp) in 0.6232ms
2026-06-28 14:21:10.937 +07:00 [INF] Executed endpoint 'BlogApp.Controllers.AuthenController.CheckValidToken (BlogApp)'
2026-06-28 14:21:10.937 +07:00 [INF] HTTP GET /api/authen/check-valid-token responded 200 in 1.4366 ms
2026-06-28 14:21:10.938 +07:00 [INF] Request finished HTTP/1.1 GET http://localhost:5059/api/authen/check-valid-token - 200 null application/json; charset=utf-8 2.058ms
2026-06-28 14:21:10.938 +07:00 [INF] Executed DbCommand (2ms) [Parameters=[], CommandType='"Text"', CommandTimeout='30']
SELECT b."Id", b."AmountOfAccesses", b."AuthorId", b."Content", b."CoverImage", b."CreatedAt", b."PublishedAt", b."State", b."Tags", b."Title", b."UpdatedAt"
FROM "Blogs" AS b
ORDER BY b."CreatedAt" DESC
2026-06-28 14:21:10.938 +07:00 [INF] Executed DbCommand (2ms) [Parameters=[], CommandType='"Text"', CommandTimeout='30']
SELECT b."Id", b."AmountOfAccesses", b."AuthorId", b."Content", b."CoverImage", b."CreatedAt", b."PublishedAt", b."State", b."Tags", b."Title", b."UpdatedAt"
FROM "Blogs" AS b
ORDER BY b."CreatedAt" DESC
2026-06-28 14:21:10.938 +07:00 [INF] Executing BadRequestObjectResult, writing value of type 'Microsoft.AspNetCore.Mvc.ValidationProblemDetails'.
2026-06-28 14:21:10.938 +07:00 [INF] Executing BadRequestObjectResult, writing value of type 'Microsoft.AspNetCore.Mvc.ValidationProblemDetails'.
2026-06-28 14:21:10.938 +07:00 [INF] Executed action BlogApp.Controllers.BlogController.SearchBlogs (BlogApp) in 4.5371ms
2026-06-28 14:21:10.938 +07:00 [INF] Executed action BlogApp.Controllers.BlogController.SearchBlogs (BlogApp) in 5.9934ms
2026-06-28 14:21:10.938 +07:00 [INF] Executed endpoint 'BlogApp.Controllers.BlogController.SearchBlogs (BlogApp)'
2026-06-28 14:21:10.938 +07:00 [INF] Executed endpoint 'BlogApp.Controllers.BlogController.SearchBlogs (BlogApp)'
2026-06-28 14:21:10.939 +07:00 [INF] HTTP POST /api/blog/search responded 400 in 5.3618 ms
2026-06-28 14:21:10.939 +07:00 [INF] HTTP POST /api/blog/search responded 400 in 7.3030 ms
2026-06-28 14:21:10.939 +07:00 [INF] Request finished HTTP/1.1 POST http://localhost:5059/api/blog/search - 400 null application/problem+json; charset=utf-8 5.8689ms
2026-06-28 14:21:10.939 +07:00 [INF] Request finished HTTP/1.1 POST http://localhost:5059/api/blog/search - 400 null application/problem+json; charset=utf-8 8.7745ms
2026-06-28 14:21:10.939 +07:00 [INF] Executing OkObjectResult, writing value of type 'BlogApp.DTOs.BlogListRespDTO'.
2026-06-28 14:21:10.939 +07:00 [INF] Executing OkObjectResult, writing value of type 'BlogApp.DTOs.BlogListRespDTO'.
2026-06-28 14:21:10.939 +07:00 [INF] Executed action BlogApp.Controllers.BlogController.Get5LatestBlogs (BlogApp) in 7.0696ms
2026-06-28 14:21:10.939 +07:00 [INF] Executed action BlogApp.Controllers.BlogController.GetTop5Blogs (BlogApp) in 6.7071ms
2026-06-28 14:21:10.939 +07:00 [INF] Executed endpoint 'BlogApp.Controllers.BlogController.Get5LatestBlogs (BlogApp)'
2026-06-28 14:21:10.940 +07:00 [INF] Executed endpoint 'BlogApp.Controllers.BlogController.GetTop5Blogs (BlogApp)'
2026-06-28 14:21:10.940 +07:00 [INF] HTTP GET /api/blog/fivelatest responded 200 in 8.2614 ms
2026-06-28 14:21:10.940 +07:00 [INF] HTTP GET /api/blog/topfive responded 200 in 7.5460 ms
2026-06-28 14:21:10.940 +07:00 [INF] Request finished HTTP/1.1 GET http://localhost:5059/api/blog/fivelatest - 200 null application/json; charset=utf-8 8.9049ms
2026-06-28 14:21:10.940 +07:00 [INF] Request finished HTTP/1.1 GET http://localhost:5059/api/blog/topfive - 200 null application/json; charset=utf-8 8.437ms
2026-06-28 14:21:10.940 +07:00 [INF] Request starting HTTP/1.1 GET http://localhost:5059/api/blog/fivelatest - null null
2026-06-28 14:21:10.940 +07:00 [INF] Request starting HTTP/1.1 GET http://localhost:5059/api/blog/topfive - null null
2026-06-28 14:21:10.941 +07:00 [INF] CORS policy execution successful.
2026-06-28 14:21:10.941 +07:00 [INF] CORS policy execution successful.
2026-06-28 14:21:10.941 +07:00 [INF] Executing endpoint 'BlogApp.Controllers.BlogController.GetTop5Blogs (BlogApp)'
2026-06-28 14:21:10.941 +07:00 [INF] Executing endpoint 'BlogApp.Controllers.BlogController.Get5LatestBlogs (BlogApp)'
2026-06-28 14:21:10.941 +07:00 [INF] Route matched with {action = "GetTop5Blogs", controller = "Blog"}. Executing controller action with signature Microsoft.AspNetCore.Mvc.ActionResult GetTop5Blogs() on controller BlogApp.Controllers.BlogController (BlogApp).
2026-06-28 14:21:10.941 +07:00 [INF] Route matched with {action = "Get5LatestBlogs", controller = "Blog"}. Executing controller action with signature Microsoft.AspNetCore.Mvc.ActionResult Get5LatestBlogs() on controller BlogApp.Controllers.BlogController (BlogApp).
2026-06-28 14:21:10.944 +07:00 [INF] Executed DbCommand (1ms) [Parameters=[], CommandType='"Text"', CommandTimeout='30']
SELECT b."Id", b."AmountOfAccesses", b."AuthorId", b."Content", b."CoverImage", b."CreatedAt", b."PublishedAt", b."State", b."Tags", b."Title", b."UpdatedAt"
FROM "Blogs" AS b
ORDER BY b."CreatedAt" DESC
2026-06-28 14:21:10.944 +07:00 [INF] Executed DbCommand (1ms) [Parameters=[], CommandType='"Text"', CommandTimeout='30']
SELECT b."Id", b."AmountOfAccesses", b."AuthorId", b."Content", b."CoverImage", b."CreatedAt", b."PublishedAt", b."State", b."Tags", b."Title", b."UpdatedAt"
FROM "Blogs" AS b
ORDER BY b."CreatedAt" DESC
2026-06-28 14:21:10.945 +07:00 [INF] Executing OkObjectResult, writing value of type 'BlogApp.DTOs.BlogListRespDTO'.
2026-06-28 14:21:10.945 +07:00 [INF] Executing OkObjectResult, writing value of type 'BlogApp.DTOs.BlogListRespDTO'.
2026-06-28 14:21:10.945 +07:00 [INF] Executed action BlogApp.Controllers.BlogController.GetTop5Blogs (BlogApp) in 3.7765ms
2026-06-28 14:21:10.945 +07:00 [INF] Executed action BlogApp.Controllers.BlogController.Get5LatestBlogs (BlogApp) in 3.675ms
2026-06-28 14:21:10.945 +07:00 [INF] Executed endpoint 'BlogApp.Controllers.BlogController.GetTop5Blogs (BlogApp)'
2026-06-28 14:21:10.945 +07:00 [INF] Executed endpoint 'BlogApp.Controllers.BlogController.Get5LatestBlogs (BlogApp)'
2026-06-28 14:21:10.945 +07:00 [INF] HTTP GET /api/blog/topfive responded 200 in 4.5628 ms
2026-06-28 14:21:10.945 +07:00 [INF] HTTP GET /api/blog/fivelatest responded 200 in 4.6593 ms
2026-06-28 14:21:10.946 +07:00 [INF] Request finished HTTP/1.1 GET http://localhost:5059/api/blog/topfive - 200 null application/json; charset=utf-8 5.1672ms
2026-06-28 14:21:10.946 +07:00 [INF] Request finished HTTP/1.1 GET http://localhost:5059/api/blog/fivelatest - 200 null application/json; charset=utf-8 5.3291ms
2026-06-28 14:21:10.946 +07:00 [INF] Executed DbCommand (1ms) [Parameters=[], CommandType='"Text"', CommandTimeout='30']

            SELECT tag AS Name, COUNT(*) AS blog_count
            FROM "Blogs", UNNEST("Tags") AS tag
            GROUP BY tag
            ORDER BY blog_count DESC
            LIMIT 5
2026-06-28 14:21:10.947 +07:00 [INF] Executing OkObjectResult, writing value of type 'BlogApp.DTOs.TagListRespDTO'.
2026-06-28 14:21:10.947 +07:00 [INF] Executed action BlogApp.Controllers.TagController.GetTop5Tags (BlogApp) in 14.8758ms
2026-06-28 14:21:10.947 +07:00 [INF] Executed endpoint 'BlogApp.Controllers.TagController.GetTop5Tags (BlogApp)'
2026-06-28 14:21:10.947 +07:00 [INF] HTTP GET /api/tags/topfive responded 200 in 15.8128 ms
2026-06-28 14:21:10.947 +07:00 [INF] Request finished HTTP/1.1 GET http://localhost:5059/api/tags/topfive - 200 null application/json; charset=utf-8 16.571ms
2026-06-28 14:21:10.947 +07:00 [INF] Request starting HTTP/1.1 GET http://localhost:5059/api/tags/topfive - null null
2026-06-28 14:21:10.948 +07:00 [INF] CORS policy execution successful.
2026-06-28 14:21:10.948 +07:00 [INF] Executing endpoint 'BlogApp.Controllers.TagController.GetTop5Tags (BlogApp)'
2026-06-28 14:21:10.948 +07:00 [INF] Route matched with {action = "GetTop5Tags", controller = "Tag"}. Executing controller action with signature Microsoft.AspNetCore.Mvc.ActionResult GetTop5Tags() on controller BlogApp.Controllers.TagController (BlogApp).
2026-06-28 14:21:10.950 +07:00 [INF] Executed DbCommand (1ms) [Parameters=[], CommandType='"Text"', CommandTimeout='30']

            SELECT tag AS Name, COUNT(*) AS blog_count
            FROM "Blogs", UNNEST("Tags") AS tag
            GROUP BY tag
            ORDER BY blog_count DESC
            LIMIT 5
2026-06-28 14:21:10.951 +07:00 [INF] Executing OkObjectResult, writing value of type 'BlogApp.DTOs.TagListRespDTO'.
2026-06-28 14:21:10.951 +07:00 [INF] Executed action BlogApp.Controllers.TagController.GetTop5Tags (BlogApp) in 2.7648ms
2026-06-28 14:21:10.951 +07:00 [INF] Executed endpoint 'BlogApp.Controllers.TagController.GetTop5Tags (BlogApp)'
2026-06-28 14:21:10.951 +07:00 [INF] HTTP GET /api/tags/topfive responded 200 in 3.4423 ms
2026-06-28 14:21:10.951 +07:00 [INF] Request finished HTTP/1.1 GET http://localhost:5059/api/tags/topfive - 200 null application/json; charset=utf-8 3.9711ms
2026-06-28 14:21:20.850 +07:00 [INF] Request starting HTTP/1.1 OPTIONS http://localhost:5059/api/blog/search - null null
2026-06-28 14:21:20.851 +07:00 [INF] Request starting HTTP/1.1 OPTIONS http://localhost:5059/api/authen/check-valid-token - null null
2026-06-28 14:21:20.851 +07:00 [INF] CORS policy execution successful.
2026-06-28 14:21:20.851 +07:00 [INF] CORS policy execution successful.
2026-06-28 14:21:20.852 +07:00 [INF] Request finished HTTP/1.1 OPTIONS http://localhost:5059/api/authen/check-valid-token - 204 null null 0.5339ms
2026-06-28 14:21:20.852 +07:00 [INF] Request finished HTTP/1.1 OPTIONS http://localhost:5059/api/blog/search - 204 null null 1.2007ms
2026-06-28 14:21:20.853 +07:00 [INF] Request starting HTTP/1.1 OPTIONS http://localhost:5059/api/tags/topfive - null null
2026-06-28 14:21:20.853 +07:00 [INF] Request starting HTTP/1.1 GET http://localhost:5059/api/authen/check-valid-token - null null
2026-06-28 14:21:20.853 +07:00 [INF] Request starting HTTP/1.1 OPTIONS http://localhost:5059/api/blog/fivelatest - null null
2026-06-28 14:21:20.853 +07:00 [INF] CORS policy execution successful.
2026-06-28 14:21:20.853 +07:00 [INF] Request starting HTTP/1.1 OPTIONS http://localhost:5059/api/blog/topfive - null null
2026-06-28 14:21:20.854 +07:00 [INF] Request finished HTTP/1.1 OPTIONS http://localhost:5059/api/tags/topfive - 204 null null 0.4722ms
2026-06-28 14:21:20.853 +07:00 [INF] Request starting HTTP/1.1 POST http://localhost:5059/api/blog/search - multipart/form-data; boundary=----WebKitFormBoundaryEsxzsHKac5Rq06r1 528
2026-06-28 14:21:20.853 +07:00 [INF] CORS policy execution successful.
2026-06-28 14:21:20.853 +07:00 [INF] CORS policy execution successful.
2026-06-28 14:21:20.854 +07:00 [INF] CORS policy execution successful.
2026-06-28 14:21:20.854 +07:00 [INF] CORS policy execution successful.
2026-06-28 14:21:20.854 +07:00 [INF] Request finished HTTP/1.1 OPTIONS http://localhost:5059/api/blog/fivelatest - 204 null null 0.6786ms
2026-06-28 14:21:20.854 +07:00 [INF] Request finished HTTP/1.1 OPTIONS http://localhost:5059/api/blog/topfive - 204 null null 0.6998ms
2026-06-28 14:21:20.854 +07:00 [INF] Executing endpoint 'BlogApp.Controllers.BlogController.SearchBlogs (BlogApp)'
2026-06-28 14:21:20.854 +07:00 [INF] Executing endpoint 'BlogApp.Controllers.AuthenController.CheckValidToken (BlogApp)'
2026-06-28 14:21:20.854 +07:00 [INF] Route matched with {action = "SearchBlogs", controller = "Blog"}. Executing controller action with signature Microsoft.AspNetCore.Mvc.ActionResult SearchBlogs(BlogApp.DTOs.SearchBlogReqDTO) on controller BlogApp.Controllers.BlogController (BlogApp).
2026-06-28 14:21:20.854 +07:00 [INF] Route matched with {action = "CheckValidToken", controller = "Authen"}. Executing controller action with signature Microsoft.AspNetCore.Mvc.ActionResult`1[BlogApp.DTOs.ResponseBaseDTO] CheckValidToken() on controller BlogApp.Controllers.AuthenController (BlogApp).
2026-06-28 14:21:20.855 +07:00 [INF] Request starting HTTP/1.1 GET http://localhost:5059/api/tags/topfive - null null
2026-06-28 14:21:20.855 +07:00 [INF] CORS policy execution successful.
2026-06-28 14:21:20.855 +07:00 [INF] Request starting HTTP/1.1 POST http://localhost:5059/api/blog/search - multipart/form-data; boundary=----WebKitFormBoundary9jL9q0EiKOD3zOD2 528
2026-06-28 14:21:20.855 +07:00 [INF] CORS policy execution successful.
2026-06-28 14:21:20.855 +07:00 [INF] Executing endpoint 'BlogApp.Controllers.TagController.GetTop5Tags (BlogApp)'
2026-06-28 14:21:20.855 +07:00 [INF] Route matched with {action = "GetTop5Tags", controller = "Tag"}. Executing controller action with signature Microsoft.AspNetCore.Mvc.ActionResult GetTop5Tags() on controller BlogApp.Controllers.TagController (BlogApp).
2026-06-28 14:21:20.855 +07:00 [INF] Executing OkObjectResult, writing value of type 'BlogApp.DTOs.ResponseBaseDTO'.
2026-06-28 14:21:20.855 +07:00 [INF] Executing endpoint 'BlogApp.Controllers.BlogController.SearchBlogs (BlogApp)'
2026-06-28 14:21:20.856 +07:00 [INF] Route matched with {action = "SearchBlogs", controller = "Blog"}. Executing controller action with signature Microsoft.AspNetCore.Mvc.ActionResult SearchBlogs(BlogApp.DTOs.SearchBlogReqDTO) on controller BlogApp.Controllers.BlogController (BlogApp).
2026-06-28 14:21:20.856 +07:00 [INF] Executed action BlogApp.Controllers.AuthenController.CheckValidToken (BlogApp) in 0.9865ms
2026-06-28 14:21:20.856 +07:00 [INF] Executed endpoint 'BlogApp.Controllers.AuthenController.CheckValidToken (BlogApp)'
2026-06-28 14:21:20.856 +07:00 [INF] Request starting HTTP/1.1 OPTIONS http://localhost:5059/api/blog/fivelatest - null null
2026-06-28 14:21:20.856 +07:00 [INF] HTTP GET /api/authen/check-valid-token responded 200 in 1.9131 ms
2026-06-28 14:21:20.856 +07:00 [INF] Executing BadRequestObjectResult, writing value of type 'Microsoft.AspNetCore.Mvc.ValidationProblemDetails'.
2026-06-28 14:21:20.856 +07:00 [INF] CORS policy execution successful.
2026-06-28 14:21:20.856 +07:00 [INF] Request finished HTTP/1.1 GET http://localhost:5059/api/authen/check-valid-token - 200 null application/json; charset=utf-8 2.8869ms
2026-06-28 14:21:20.856 +07:00 [INF] Request starting HTTP/1.1 GET http://localhost:5059/api/blog/fivelatest - null null
2026-06-28 14:21:20.856 +07:00 [INF] Request finished HTTP/1.1 OPTIONS http://localhost:5059/api/blog/fivelatest - 204 null null 0.3363ms
2026-06-28 14:21:20.856 +07:00 [INF] Executed action BlogApp.Controllers.BlogController.SearchBlogs (BlogApp) in 1.5716ms
2026-06-28 14:21:20.856 +07:00 [INF] CORS policy execution successful.
2026-06-28 14:21:20.856 +07:00 [INF] Executed endpoint 'BlogApp.Controllers.BlogController.SearchBlogs (BlogApp)'
2026-06-28 14:21:20.856 +07:00 [INF] Executing BadRequestObjectResult, writing value of type 'Microsoft.AspNetCore.Mvc.ValidationProblemDetails'.
2026-06-28 14:21:20.856 +07:00 [INF] HTTP POST /api/blog/search responded 400 in 2.5147 ms
2026-06-28 14:21:20.857 +07:00 [INF] Request finished HTTP/1.1 POST http://localhost:5059/api/blog/search - 400 null application/problem+json; charset=utf-8 3.2474ms
2026-06-28 14:21:20.857 +07:00 [INF] Executed action BlogApp.Controllers.BlogController.SearchBlogs (BlogApp) in 0.9083ms
2026-06-28 14:21:20.857 +07:00 [INF] Executing endpoint 'BlogApp.Controllers.BlogController.Get5LatestBlogs (BlogApp)'
2026-06-28 14:21:20.857 +07:00 [INF] Executed endpoint 'BlogApp.Controllers.BlogController.SearchBlogs (BlogApp)'
2026-06-28 14:21:20.857 +07:00 [INF] HTTP POST /api/blog/search responded 400 in 1.6948 ms
2026-06-28 14:21:20.857 +07:00 [INF] Route matched with {action = "Get5LatestBlogs", controller = "Blog"}. Executing controller action with signature Microsoft.AspNetCore.Mvc.ActionResult Get5LatestBlogs() on controller BlogApp.Controllers.BlogController (BlogApp).
2026-06-28 14:21:20.857 +07:00 [INF] Request finished HTTP/1.1 POST http://localhost:5059/api/blog/search - 400 null application/problem+json; charset=utf-8 1.9838ms
2026-06-28 14:21:20.857 +07:00 [INF] Request starting HTTP/1.1 OPTIONS http://localhost:5059/api/blog/topfive - null null
2026-06-28 14:21:20.857 +07:00 [INF] Request starting HTTP/1.1 GET http://localhost:5059/api/blog/topfive - null null
2026-06-28 14:21:20.857 +07:00 [INF] Request starting HTTP/1.1 GET http://localhost:5059/api/authen/check-valid-token - null null
2026-06-28 14:21:20.858 +07:00 [INF] CORS policy execution successful.
2026-06-28 14:21:20.858 +07:00 [INF] CORS policy execution successful.
2026-06-28 14:21:20.858 +07:00 [INF] CORS policy execution successful.
2026-06-28 14:21:20.858 +07:00 [INF] Request finished HTTP/1.1 OPTIONS http://localhost:5059/api/blog/topfive - 204 null null 0.4128ms
2026-06-28 14:21:20.858 +07:00 [INF] Executing endpoint 'BlogApp.Controllers.BlogController.GetTop5Blogs (BlogApp)'
2026-06-28 14:21:20.858 +07:00 [INF] Executing endpoint 'BlogApp.Controllers.AuthenController.CheckValidToken (BlogApp)'
2026-06-28 14:21:20.858 +07:00 [INF] Route matched with {action = "GetTop5Blogs", controller = "Blog"}. Executing controller action with signature Microsoft.AspNetCore.Mvc.ActionResult GetTop5Blogs() on controller BlogApp.Controllers.BlogController (BlogApp).
2026-06-28 14:21:20.858 +07:00 [INF] Route matched with {action = "CheckValidToken", controller = "Authen"}. Executing controller action with signature Microsoft.AspNetCore.Mvc.ActionResult`1[BlogApp.DTOs.ResponseBaseDTO] CheckValidToken() on controller BlogApp.Controllers.AuthenController (BlogApp).
2026-06-28 14:21:20.859 +07:00 [INF] Executing OkObjectResult, writing value of type 'BlogApp.DTOs.ResponseBaseDTO'.
2026-06-28 14:21:20.859 +07:00 [INF] Executed action BlogApp.Controllers.AuthenController.CheckValidToken (BlogApp) in 0.5191ms
2026-06-28 14:21:20.859 +07:00 [INF] Executed DbCommand (1ms) [Parameters=[], CommandType='"Text"', CommandTimeout='30']
SELECT b."Id", b."AmountOfAccesses", b."AuthorId", b."Content", b."CoverImage", b."CreatedAt", b."PublishedAt", b."State", b."Tags", b."Title", b."UpdatedAt"
FROM "Blogs" AS b
ORDER BY b."CreatedAt" DESC
2026-06-28 14:21:20.859 +07:00 [INF] Executed DbCommand (2ms) [Parameters=[], CommandType='"Text"', CommandTimeout='30']

            SELECT tag AS Name, COUNT(*) AS blog_count
            FROM "Blogs", UNNEST("Tags") AS tag
            GROUP BY tag
            ORDER BY blog_count DESC
            LIMIT 5
2026-06-28 14:21:20.859 +07:00 [INF] Executed endpoint 'BlogApp.Controllers.AuthenController.CheckValidToken (BlogApp)'
2026-06-28 14:21:20.859 +07:00 [INF] HTTP GET /api/authen/check-valid-token responded 200 in 1.3080 ms
2026-06-28 14:21:20.859 +07:00 [INF] Request finished HTTP/1.1 GET http://localhost:5059/api/authen/check-valid-token - 200 null application/json; charset=utf-8 1.7468ms
2026-06-28 14:21:20.859 +07:00 [INF] Executing OkObjectResult, writing value of type 'BlogApp.DTOs.TagListRespDTO'.
2026-06-28 14:21:20.860 +07:00 [INF] Executed action BlogApp.Controllers.TagController.GetTop5Tags (BlogApp) in 4.1271ms
2026-06-28 14:21:20.860 +07:00 [INF] Executed endpoint 'BlogApp.Controllers.TagController.GetTop5Tags (BlogApp)'
2026-06-28 14:21:20.860 +07:00 [INF] HTTP GET /api/tags/topfive responded 200 in 4.6206 ms
2026-06-28 14:21:20.860 +07:00 [INF] Request finished HTTP/1.1 GET http://localhost:5059/api/tags/topfive - 200 null application/json; charset=utf-8 5.0097ms
2026-06-28 14:21:20.860 +07:00 [INF] Executing OkObjectResult, writing value of type 'BlogApp.DTOs.BlogListRespDTO'.
2026-06-28 14:21:20.860 +07:00 [INF] Executed DbCommand (1ms) [Parameters=[], CommandType='"Text"', CommandTimeout='30']
SELECT b."Id", b."AmountOfAccesses", b."AuthorId", b."Content", b."CoverImage", b."CreatedAt", b."PublishedAt", b."State", b."Tags", b."Title", b."UpdatedAt"
FROM "Blogs" AS b
ORDER BY b."CreatedAt" DESC
2026-06-28 14:21:20.860 +07:00 [INF] Executed action BlogApp.Controllers.BlogController.Get5LatestBlogs (BlogApp) in 3.1046ms
2026-06-28 14:21:20.860 +07:00 [INF] Request starting HTTP/1.1 GET http://localhost:5059/api/tags/topfive - null null
2026-06-28 14:21:20.860 +07:00 [INF] Executed endpoint 'BlogApp.Controllers.BlogController.Get5LatestBlogs (BlogApp)'
2026-06-28 14:21:20.860 +07:00 [INF] CORS policy execution successful.
2026-06-28 14:21:20.860 +07:00 [INF] HTTP GET /api/blog/fivelatest responded 200 in 4.0063 ms
2026-06-28 14:21:20.861 +07:00 [INF] Request finished HTTP/1.1 GET http://localhost:5059/api/blog/fivelatest - 200 null application/json; charset=utf-8 4.4798ms
2026-06-28 14:21:20.861 +07:00 [INF] Request starting HTTP/1.1 GET http://localhost:5059/api/blog/fivelatest - null null
2026-06-28 14:21:20.861 +07:00 [INF] Executing endpoint 'BlogApp.Controllers.TagController.GetTop5Tags (BlogApp)'
2026-06-28 14:21:20.861 +07:00 [INF] CORS policy execution successful.
2026-06-28 14:21:20.861 +07:00 [INF] Route matched with {action = "GetTop5Tags", controller = "Tag"}. Executing controller action with signature Microsoft.AspNetCore.Mvc.ActionResult GetTop5Tags() on controller BlogApp.Controllers.TagController (BlogApp).
2026-06-28 14:21:20.861 +07:00 [INF] Executing OkObjectResult, writing value of type 'BlogApp.DTOs.BlogListRespDTO'.
2026-06-28 14:21:20.861 +07:00 [INF] Executing endpoint 'BlogApp.Controllers.BlogController.Get5LatestBlogs (BlogApp)'
2026-06-28 14:21:20.861 +07:00 [INF] Route matched with {action = "Get5LatestBlogs", controller = "Blog"}. Executing controller action with signature Microsoft.AspNetCore.Mvc.ActionResult Get5LatestBlogs() on controller BlogApp.Controllers.BlogController (BlogApp).
2026-06-28 14:21:20.861 +07:00 [INF] Executed action BlogApp.Controllers.BlogController.GetTop5Blogs (BlogApp) in 2.9529ms
2026-06-28 14:21:20.861 +07:00 [INF] Executed endpoint 'BlogApp.Controllers.BlogController.GetTop5Blogs (BlogApp)'
2026-06-28 14:21:20.861 +07:00 [INF] HTTP GET /api/blog/topfive responded 200 in 3.5790 ms
2026-06-28 14:21:20.862 +07:00 [INF] Request finished HTTP/1.1 GET http://localhost:5059/api/blog/topfive - 200 null application/json; charset=utf-8 4.1514ms
2026-06-28 14:21:20.862 +07:00 [INF] Request starting HTTP/1.1 GET http://localhost:5059/api/blog/topfive - null null
2026-06-28 14:21:20.862 +07:00 [INF] CORS policy execution successful.
2026-06-28 14:21:20.862 +07:00 [INF] Executing endpoint 'BlogApp.Controllers.BlogController.GetTop5Blogs (BlogApp)'
2026-06-28 14:21:20.862 +07:00 [INF] Route matched with {action = "GetTop5Blogs", controller = "Blog"}. Executing controller action with signature Microsoft.AspNetCore.Mvc.ActionResult GetTop5Blogs() on controller BlogApp.Controllers.BlogController (BlogApp).
2026-06-28 14:21:20.863 +07:00 [INF] Executed DbCommand (1ms) [Parameters=[], CommandType='"Text"', CommandTimeout='30']

            SELECT tag AS Name, COUNT(*) AS blog_count
            FROM "Blogs", UNNEST("Tags") AS tag
            GROUP BY tag
            ORDER BY blog_count DESC
            LIMIT 5
2026-06-28 14:21:20.863 +07:00 [INF] Executed DbCommand (1ms) [Parameters=[], CommandType='"Text"', CommandTimeout='30']
SELECT b."Id", b."AmountOfAccesses", b."AuthorId", b."Content", b."CoverImage", b."CreatedAt", b."PublishedAt", b."State", b."Tags", b."Title", b."UpdatedAt"
FROM "Blogs" AS b
ORDER BY b."CreatedAt" DESC
2026-06-28 14:21:20.863 +07:00 [INF] Executing OkObjectResult, writing value of type 'BlogApp.DTOs.TagListRespDTO'.
2026-06-28 14:21:20.863 +07:00 [INF] Executed action BlogApp.Controllers.TagController.GetTop5Tags (BlogApp) in 2.0991ms
2026-06-28 14:21:20.863 +07:00 [INF] Executed endpoint 'BlogApp.Controllers.TagController.GetTop5Tags (BlogApp)'
2026-06-28 14:21:20.863 +07:00 [INF] HTTP GET /api/tags/topfive responded 200 in 2.7753 ms
2026-06-28 14:21:20.863 +07:00 [INF] Request finished HTTP/1.1 GET http://localhost:5059/api/tags/topfive - 200 null application/json; charset=utf-8 3.1954ms
2026-06-28 14:21:20.864 +07:00 [INF] Executed DbCommand (1ms) [Parameters=[], CommandType='"Text"', CommandTimeout='30']
SELECT b."Id", b."AmountOfAccesses", b."AuthorId", b."Content", b."CoverImage", b."CreatedAt", b."PublishedAt", b."State", b."Tags", b."Title", b."UpdatedAt"
FROM "Blogs" AS b
ORDER BY b."CreatedAt" DESC
2026-06-28 14:21:20.864 +07:00 [INF] Executing OkObjectResult, writing value of type 'BlogApp.DTOs.BlogListRespDTO'.
2026-06-28 14:21:20.864 +07:00 [INF] Executed action BlogApp.Controllers.BlogController.Get5LatestBlogs (BlogApp) in 2.5594ms
2026-06-28 14:21:20.864 +07:00 [INF] Executed endpoint 'BlogApp.Controllers.BlogController.Get5LatestBlogs (BlogApp)'
2026-06-28 14:21:20.864 +07:00 [INF] HTTP GET /api/blog/fivelatest responded 200 in 3.0124 ms
2026-06-28 14:21:20.864 +07:00 [INF] Request finished HTTP/1.1 GET http://localhost:5059/api/blog/fivelatest - 200 null application/json; charset=utf-8 3.4847ms
2026-06-28 14:21:20.864 +07:00 [INF] Executing OkObjectResult, writing value of type 'BlogApp.DTOs.BlogListRespDTO'.
2026-06-28 14:21:20.864 +07:00 [INF] Executed action BlogApp.Controllers.BlogController.GetTop5Blogs (BlogApp) in 2.1823ms
2026-06-28 14:21:20.864 +07:00 [INF] Executed endpoint 'BlogApp.Controllers.BlogController.GetTop5Blogs (BlogApp)'
2026-06-28 14:21:20.865 +07:00 [INF] HTTP GET /api/blog/topfive responded 200 in 2.6278 ms
2026-06-28 14:21:20.865 +07:00 [INF] Request finished HTTP/1.1 GET http://localhost:5059/api/blog/topfive - 200 null application/json; charset=utf-8 3.0387ms
2026-06-28 14:22:13.376 +07:00 [INF] Request starting HTTP/1.1 GET http://localhost:5059/openapi/v1.json - null null
2026-06-28 14:22:13.377 +07:00 [INF] Executing endpoint 'HTTP: GET /openapi/{documentName}.json'
2026-06-28 14:22:13.505 +07:00 [INF] Executed endpoint 'HTTP: GET /openapi/{documentName}.json'
2026-06-28 14:22:13.506 +07:00 [INF] HTTP GET /openapi/v1.json responded 200 in 129.6339 ms
2026-06-28 14:22:13.507 +07:00 [INF] Request finished HTTP/1.1 GET http://localhost:5059/openapi/v1.json - 200 null application/json;charset=utf-8 130.9498ms
2026-06-28 14:22:19.540 +07:00 [INF] Request starting HTTP/1.1 OPTIONS http://localhost:5059/api/blog/search - null null
2026-06-28 14:22:19.540 +07:00 [INF] Request starting HTTP/1.1 OPTIONS http://localhost:5059/api/authen/check-valid-token - null null
2026-06-28 14:22:19.541 +07:00 [INF] CORS policy execution successful.
2026-06-28 14:22:19.541 +07:00 [INF] CORS policy execution successful.
2026-06-28 14:22:19.541 +07:00 [INF] Request starting HTTP/1.1 OPTIONS http://localhost:5059/api/tags/topfive - null null
2026-06-28 14:22:19.541 +07:00 [INF] Request finished HTTP/1.1 OPTIONS http://localhost:5059/api/authen/check-valid-token - 204 null null 0.7018ms
2026-06-28 14:22:19.541 +07:00 [INF] Request finished HTTP/1.1 OPTIONS http://localhost:5059/api/blog/search - 204 null null 0.7448ms
2026-06-28 14:22:19.541 +07:00 [INF] CORS policy execution successful.
2026-06-28 14:22:19.542 +07:00 [INF] Request finished HTTP/1.1 OPTIONS http://localhost:5059/api/tags/topfive - 204 null null 1.3845ms
2026-06-28 14:22:19.542 +07:00 [INF] Request starting HTTP/1.1 OPTIONS http://localhost:5059/api/blog/fivelatest - null null
2026-06-28 14:22:19.542 +07:00 [INF] Request starting HTTP/1.1 OPTIONS http://localhost:5059/api/blog/topfive - null null
2026-06-28 14:22:19.543 +07:00 [INF] CORS policy execution successful.
2026-06-28 14:22:19.543 +07:00 [INF] CORS policy execution successful.
2026-06-28 14:22:19.543 +07:00 [INF] Request finished HTTP/1.1 OPTIONS http://localhost:5059/api/blog/fivelatest - 204 null null 0.4403ms
2026-06-28 14:22:19.543 +07:00 [INF] Request finished HTTP/1.1 OPTIONS http://localhost:5059/api/blog/topfive - 204 null null 0.5763ms
2026-06-28 14:22:19.544 +07:00 [INF] Request starting HTTP/1.1 GET http://localhost:5059/api/authen/check-valid-token - null null
2026-06-28 14:22:19.544 +07:00 [INF] Request starting HTTP/1.1 GET http://localhost:5059/api/tags/topfive - null null
2026-06-28 14:22:19.544 +07:00 [INF] Request starting HTTP/1.1 POST http://localhost:5059/api/blog/search - multipart/form-data; boundary=----WebKitFormBoundaryqL98BpdG7K1BspyQ 528
2026-06-28 14:22:19.544 +07:00 [INF] Request starting HTTP/1.1 POST http://localhost:5059/api/blog/search - multipart/form-data; boundary=----WebKitFormBoundaryVBvP44HrP8CYArs4 528
2026-06-28 14:22:19.544 +07:00 [INF] CORS policy execution successful.
2026-06-28 14:22:19.545 +07:00 [INF] Executing endpoint 'BlogApp.Controllers.BlogController.SearchBlogs (BlogApp)'
2026-06-28 14:22:19.544 +07:00 [INF] CORS policy execution successful.
2026-06-28 14:22:19.544 +07:00 [INF] Request starting HTTP/1.1 GET http://localhost:5059/api/blog/fivelatest - null null
2026-06-28 14:22:19.544 +07:00 [INF] CORS policy execution successful.
2026-06-28 14:22:19.545 +07:00 [INF] CORS policy execution successful.
2026-06-28 14:22:19.544 +07:00 [INF] CORS policy execution successful.
2026-06-28 14:22:19.545 +07:00 [INF] Route matched with {action = "SearchBlogs", controller = "Blog"}. Executing controller action with signature Microsoft.AspNetCore.Mvc.ActionResult SearchBlogs(BlogApp.DTOs.SearchBlogReqDTO) on controller BlogApp.Controllers.BlogController (BlogApp).
2026-06-28 14:22:19.544 +07:00 [INF] Request starting HTTP/1.1 GET http://localhost:5059/api/blog/topfive - null null
2026-06-28 14:22:19.545 +07:00 [INF] Executing endpoint 'BlogApp.Controllers.AuthenController.CheckValidToken (BlogApp)'
2026-06-28 14:22:19.545 +07:00 [INF] Executing endpoint 'BlogApp.Controllers.BlogController.Get5LatestBlogs (BlogApp)'
2026-06-28 14:22:19.545 +07:00 [INF] Executing endpoint 'BlogApp.Controllers.TagController.GetTop5Tags (BlogApp)'
2026-06-28 14:22:19.545 +07:00 [INF] Route matched with {action = "Get5LatestBlogs", controller = "Blog"}. Executing controller action with signature Microsoft.AspNetCore.Mvc.ActionResult Get5LatestBlogs() on controller BlogApp.Controllers.BlogController (BlogApp).
2026-06-28 14:22:19.545 +07:00 [INF] CORS policy execution successful.
2026-06-28 14:22:19.546 +07:00 [INF] Executing endpoint 'BlogApp.Controllers.BlogController.GetTop5Blogs (BlogApp)'
2026-06-28 14:22:19.545 +07:00 [INF] Route matched with {action = "CheckValidToken", controller = "Authen"}. Executing controller action with signature Microsoft.AspNetCore.Mvc.ActionResult`1[BlogApp.DTOs.ResponseBaseDTO] CheckValidToken() on controller BlogApp.Controllers.AuthenController (BlogApp).
2026-06-28 14:22:19.545 +07:00 [INF] Route matched with {action = "GetTop5Tags", controller = "Tag"}. Executing controller action with signature Microsoft.AspNetCore.Mvc.ActionResult GetTop5Tags() on controller BlogApp.Controllers.TagController (BlogApp).
2026-06-28 14:22:19.545 +07:00 [INF] Executing endpoint 'BlogApp.Controllers.BlogController.SearchBlogs (BlogApp)'
2026-06-28 14:22:19.546 +07:00 [INF] Route matched with {action = "GetTop5Blogs", controller = "Blog"}. Executing controller action with signature Microsoft.AspNetCore.Mvc.ActionResult GetTop5Blogs() on controller BlogApp.Controllers.BlogController (BlogApp).
2026-06-28 14:22:19.546 +07:00 [INF] Executing OkObjectResult, writing value of type 'BlogApp.DTOs.ResponseBaseDTO'.
2026-06-28 14:22:19.546 +07:00 [INF] Executing BadRequestObjectResult, writing value of type 'Microsoft.AspNetCore.Mvc.ValidationProblemDetails'.
2026-06-28 14:22:19.568 +07:00 [INF] Route matched with {action = "SearchBlogs", controller = "Blog"}. Executing controller action with signature Microsoft.AspNetCore.Mvc.ActionResult SearchBlogs(BlogApp.DTOs.SearchBlogReqDTO) on controller BlogApp.Controllers.BlogController (BlogApp).
2026-06-28 14:22:19.568 +07:00 [INF] Executed action BlogApp.Controllers.AuthenController.CheckValidToken (BlogApp) in 22.2429ms
2026-06-28 14:22:19.568 +07:00 [INF] Executed action BlogApp.Controllers.BlogController.SearchBlogs (BlogApp) in 23.0638ms
2026-06-28 14:22:19.568 +07:00 [INF] Executed endpoint 'BlogApp.Controllers.AuthenController.CheckValidToken (BlogApp)'
2026-06-28 14:22:19.568 +07:00 [INF] Executed endpoint 'BlogApp.Controllers.BlogController.SearchBlogs (BlogApp)'
2026-06-28 14:22:19.568 +07:00 [INF] HTTP GET /api/authen/check-valid-token responded 200 in 23.5297 ms
2026-06-28 14:22:19.568 +07:00 [INF] HTTP POST /api/blog/search responded 400 in 23.9563 ms
2026-06-28 14:22:19.569 +07:00 [INF] Request finished HTTP/1.1 POST http://localhost:5059/api/blog/search - 400 null application/problem+json; charset=utf-8 25.3722ms
2026-06-28 14:22:19.569 +07:00 [INF] Request finished HTTP/1.1 GET http://localhost:5059/api/authen/check-valid-token - 200 null application/json; charset=utf-8 25.3604ms
2026-06-28 14:22:19.570 +07:00 [INF] Executing BadRequestObjectResult, writing value of type 'Microsoft.AspNetCore.Mvc.ValidationProblemDetails'.
2026-06-28 14:22:19.570 +07:00 [INF] Executed DbCommand (1ms) [Parameters=[], CommandType='"Text"', CommandTimeout='30']

            SELECT tag AS Name, COUNT(*) AS blog_count
            FROM "Blogs", UNNEST("Tags") AS tag
            GROUP BY tag
            ORDER BY blog_count DESC
            LIMIT 5
2026-06-28 14:22:19.570 +07:00 [INF] Executed action BlogApp.Controllers.BlogController.SearchBlogs (BlogApp) in 1.6593ms
2026-06-28 14:22:19.570 +07:00 [INF] Executed DbCommand (1ms) [Parameters=[], CommandType='"Text"', CommandTimeout='30']
SELECT b."Id", b."AmountOfAccesses", b."AuthorId", b."Content", b."CoverImage", b."CreatedAt", b."PublishedAt", b."State", b."Tags", b."Title", b."UpdatedAt"
FROM "Blogs" AS b
ORDER BY b."CreatedAt" DESC
2026-06-28 14:22:19.570 +07:00 [INF] Executed DbCommand (2ms) [Parameters=[], CommandType='"Text"', CommandTimeout='30']
SELECT b."Id", b."AmountOfAccesses", b."AuthorId", b."Content", b."CoverImage", b."CreatedAt", b."PublishedAt", b."State", b."Tags", b."Title", b."UpdatedAt"
FROM "Blogs" AS b
ORDER BY b."CreatedAt" DESC
2026-06-28 14:22:19.570 +07:00 [INF] Executed endpoint 'BlogApp.Controllers.BlogController.SearchBlogs (BlogApp)'
2026-06-28 14:22:19.570 +07:00 [INF] Executing OkObjectResult, writing value of type 'BlogApp.DTOs.TagListRespDTO'.
2026-06-28 14:22:19.570 +07:00 [INF] HTTP POST /api/blog/search responded 400 in 25.0762 ms
2026-06-28 14:22:19.570 +07:00 [INF] Executing OkObjectResult, writing value of type 'BlogApp.DTOs.BlogListRespDTO'.
2026-06-28 14:22:19.570 +07:00 [INF] Executed action BlogApp.Controllers.TagController.GetTop5Tags (BlogApp) in 2.5482ms
2026-06-28 14:22:19.570 +07:00 [INF] Request finished HTTP/1.1 POST http://localhost:5059/api/blog/search - 400 null application/problem+json; charset=utf-8 26.1138ms
2026-06-28 14:22:19.570 +07:00 [INF] Executing OkObjectResult, writing value of type 'BlogApp.DTOs.BlogListRespDTO'.
2026-06-28 14:22:19.570 +07:00 [INF] Executed endpoint 'BlogApp.Controllers.TagController.GetTop5Tags (BlogApp)'
2026-06-28 14:22:19.570 +07:00 [INF] Executed action BlogApp.Controllers.BlogController.GetTop5Blogs (BlogApp) in 2.5015ms
2026-06-28 14:22:19.571 +07:00 [INF] Executed action BlogApp.Controllers.BlogController.Get5LatestBlogs (BlogApp) in 25.2452ms
2026-06-28 14:22:19.571 +07:00 [INF] Request starting HTTP/1.1 GET http://localhost:5059/api/authen/check-valid-token - null null
2026-06-28 14:22:19.571 +07:00 [INF] HTTP GET /api/tags/topfive responded 200 in 25.6486 ms
2026-06-28 14:22:19.571 +07:00 [INF] CORS policy execution successful.
2026-06-28 14:22:19.571 +07:00 [INF] Executed endpoint 'BlogApp.Controllers.BlogController.Get5LatestBlogs (BlogApp)'
2026-06-28 14:22:19.571 +07:00 [INF] Request finished HTTP/1.1 GET http://localhost:5059/api/tags/topfive - 200 null application/json; charset=utf-8 27.1293ms
2026-06-28 14:22:19.571 +07:00 [INF] Executed endpoint 'BlogApp.Controllers.BlogController.GetTop5Blogs (BlogApp)'
2026-06-28 14:22:19.571 +07:00 [INF] HTTP GET /api/blog/fivelatest responded 200 in 26.0404 ms
2026-06-28 14:22:19.571 +07:00 [INF] Request finished HTTP/1.1 GET http://localhost:5059/api/blog/fivelatest - 200 null application/json; charset=utf-8 27.2145ms
2026-06-28 14:22:19.571 +07:00 [INF] HTTP GET /api/blog/topfive responded 200 in 25.7786 ms
2026-06-28 14:22:19.571 +07:00 [INF] Executing endpoint 'BlogApp.Controllers.AuthenController.CheckValidToken (BlogApp)'
2026-06-28 14:22:19.572 +07:00 [INF] Request finished HTTP/1.1 GET http://localhost:5059/api/blog/topfive - 200 null application/json; charset=utf-8 27.4312ms
2026-06-28 14:22:19.572 +07:00 [INF] Request starting HTTP/1.1 GET http://localhost:5059/api/tags/topfive - null null
2026-06-28 14:22:19.572 +07:00 [INF] Request starting HTTP/1.1 GET http://localhost:5059/api/blog/fivelatest - null null
2026-06-28 14:22:19.572 +07:00 [INF] Route matched with {action = "CheckValidToken", controller = "Authen"}. Executing controller action with signature Microsoft.AspNetCore.Mvc.ActionResult`1[BlogApp.DTOs.ResponseBaseDTO] CheckValidToken() on controller BlogApp.Controllers.AuthenController (BlogApp).
2026-06-28 14:22:19.572 +07:00 [INF] Request starting HTTP/1.1 GET http://localhost:5059/api/blog/topfive - null null
2026-06-28 14:22:19.572 +07:00 [INF] CORS policy execution successful.
2026-06-28 14:22:19.572 +07:00 [INF] CORS policy execution successful.
2026-06-28 14:22:19.572 +07:00 [INF] Executing OkObjectResult, writing value of type 'BlogApp.DTOs.ResponseBaseDTO'.
2026-06-28 14:22:19.572 +07:00 [INF] CORS policy execution successful.
2026-06-28 14:22:19.572 +07:00 [INF] Executed action BlogApp.Controllers.AuthenController.CheckValidToken (BlogApp) in 0.2838ms
2026-06-28 14:22:19.573 +07:00 [INF] Executing endpoint 'BlogApp.Controllers.BlogController.Get5LatestBlogs (BlogApp)'
2026-06-28 14:22:19.573 +07:00 [INF] Executing endpoint 'BlogApp.Controllers.TagController.GetTop5Tags (BlogApp)'
2026-06-28 14:22:19.573 +07:00 [INF] Route matched with {action = "Get5LatestBlogs", controller = "Blog"}. Executing controller action with signature Microsoft.AspNetCore.Mvc.ActionResult Get5LatestBlogs() on controller BlogApp.Controllers.BlogController (BlogApp).
2026-06-28 14:22:19.573 +07:00 [INF] Executed endpoint 'BlogApp.Controllers.AuthenController.CheckValidToken (BlogApp)'
2026-06-28 14:22:19.573 +07:00 [INF] Executing endpoint 'BlogApp.Controllers.BlogController.GetTop5Blogs (BlogApp)'
2026-06-28 14:22:19.573 +07:00 [INF] Route matched with {action = "GetTop5Tags", controller = "Tag"}. Executing controller action with signature Microsoft.AspNetCore.Mvc.ActionResult GetTop5Tags() on controller BlogApp.Controllers.TagController (BlogApp).
2026-06-28 14:22:19.573 +07:00 [INF] HTTP GET /api/authen/check-valid-token responded 200 in 1.7316 ms
2026-06-28 14:22:19.573 +07:00 [INF] Route matched with {action = "GetTop5Blogs", controller = "Blog"}. Executing controller action with signature Microsoft.AspNetCore.Mvc.ActionResult GetTop5Blogs() on controller BlogApp.Controllers.BlogController (BlogApp).
2026-06-28 14:22:19.573 +07:00 [INF] Request finished HTTP/1.1 GET http://localhost:5059/api/authen/check-valid-token - 200 null application/json; charset=utf-8 2.5672ms
2026-06-28 14:22:19.575 +07:00 [INF] Executed DbCommand (1ms) [Parameters=[], CommandType='"Text"', CommandTimeout='30']
SELECT b."Id", b."AmountOfAccesses", b."AuthorId", b."Content", b."CoverImage", b."CreatedAt", b."PublishedAt", b."State", b."Tags", b."Title", b."UpdatedAt"
FROM "Blogs" AS b
ORDER BY b."CreatedAt" DESC
2026-06-28 14:22:19.575 +07:00 [INF] Executed DbCommand (1ms) [Parameters=[], CommandType='"Text"', CommandTimeout='30']
SELECT b."Id", b."AmountOfAccesses", b."AuthorId", b."Content", b."CoverImage", b."CreatedAt", b."PublishedAt", b."State", b."Tags", b."Title", b."UpdatedAt"
FROM "Blogs" AS b
ORDER BY b."CreatedAt" DESC
2026-06-28 14:22:19.575 +07:00 [INF] Executed DbCommand (1ms) [Parameters=[], CommandType='"Text"', CommandTimeout='30']

            SELECT tag AS Name, COUNT(*) AS blog_count
            FROM "Blogs", UNNEST("Tags") AS tag
            GROUP BY tag
            ORDER BY blog_count DESC
            LIMIT 5
2026-06-28 14:22:19.575 +07:00 [INF] Executing OkObjectResult, writing value of type 'BlogApp.DTOs.BlogListRespDTO'.
2026-06-28 14:22:19.575 +07:00 [INF] Executing OkObjectResult, writing value of type 'BlogApp.DTOs.BlogListRespDTO'.
2026-06-28 14:22:19.575 +07:00 [INF] Executing OkObjectResult, writing value of type 'BlogApp.DTOs.TagListRespDTO'.
2026-06-28 14:22:19.575 +07:00 [INF] Executed action BlogApp.Controllers.BlogController.GetTop5Blogs (BlogApp) in 1.978ms
2026-06-28 14:22:19.575 +07:00 [INF] Executed action BlogApp.Controllers.BlogController.Get5LatestBlogs (BlogApp) in 2.3954ms
2026-06-28 14:22:19.575 +07:00 [INF] Executed endpoint 'BlogApp.Controllers.BlogController.Get5LatestBlogs (BlogApp)'
2026-06-28 14:22:19.575 +07:00 [INF] HTTP GET /api/blog/fivelatest responded 200 in 2.8725 ms
2026-06-28 14:22:19.575 +07:00 [INF] Executed endpoint 'BlogApp.Controllers.BlogController.GetTop5Blogs (BlogApp)'
2026-06-28 14:22:19.575 +07:00 [INF] Executed action BlogApp.Controllers.TagController.GetTop5Tags (BlogApp) in 2.2414ms
2026-06-28 14:22:19.575 +07:00 [INF] Request finished HTTP/1.1 GET http://localhost:5059/api/blog/fivelatest - 200 null application/json; charset=utf-8 3.9185ms
2026-06-28 14:22:19.575 +07:00 [INF] HTTP GET /api/blog/topfive responded 200 in 2.9559 ms
2026-06-28 14:22:19.576 +07:00 [INF] Executed endpoint 'BlogApp.Controllers.TagController.GetTop5Tags (BlogApp)'
2026-06-28 14:22:19.576 +07:00 [INF] Request finished HTTP/1.1 GET http://localhost:5059/api/blog/topfive - 200 null application/json; charset=utf-8 3.7755ms
2026-06-28 14:22:19.576 +07:00 [INF] HTTP GET /api/tags/topfive responded 200 in 3.4430 ms
2026-06-28 14:22:19.576 +07:00 [INF] Request finished HTTP/1.1 GET http://localhost:5059/api/tags/topfive - 200 null application/json; charset=utf-8 4.3366ms
2026-06-28 14:22:43.783 +07:00 [INF] Request starting HTTP/1.1 OPTIONS http://localhost:5059/api/blog/search - null null
2026-06-28 14:22:43.783 +07:00 [INF] Request starting HTTP/1.1 OPTIONS http://localhost:5059/api/authen/check-valid-token - null null
2026-06-28 14:22:43.784 +07:00 [INF] CORS policy execution successful.
2026-06-28 14:22:43.784 +07:00 [INF] Request starting HTTP/1.1 OPTIONS http://localhost:5059/api/tags/topfive - null null
2026-06-28 14:22:43.784 +07:00 [INF] CORS policy execution successful.
2026-06-28 14:22:43.784 +07:00 [INF] CORS policy execution successful.
2026-06-28 14:22:43.784 +07:00 [INF] Request finished HTTP/1.1 OPTIONS http://localhost:5059/api/blog/search - 204 null null 0.5193ms
2026-06-28 14:22:43.784 +07:00 [INF] Request finished HTTP/1.1 OPTIONS http://localhost:5059/api/authen/check-valid-token - 204 null null 0.5343ms
2026-06-28 14:22:43.784 +07:00 [INF] Request finished HTTP/1.1 OPTIONS http://localhost:5059/api/tags/topfive - 204 null null 0.2472ms
2026-06-28 14:22:43.785 +07:00 [INF] Request starting HTTP/1.1 OPTIONS http://localhost:5059/api/blog/topfive - null null
2026-06-28 14:22:43.785 +07:00 [INF] Request starting HTTP/1.1 OPTIONS http://localhost:5059/api/blog/fivelatest - null null
2026-06-28 14:22:43.785 +07:00 [INF] CORS policy execution successful.
2026-06-28 14:22:43.785 +07:00 [INF] CORS policy execution successful.
2026-06-28 14:22:43.785 +07:00 [INF] Request finished HTTP/1.1 OPTIONS http://localhost:5059/api/blog/topfive - 204 null null 0.3742ms
2026-06-28 14:22:43.785 +07:00 [INF] Request finished HTTP/1.1 OPTIONS http://localhost:5059/api/blog/fivelatest - 204 null null 0.3938ms
2026-06-28 14:22:43.786 +07:00 [INF] Request starting HTTP/1.1 POST http://localhost:5059/api/blog/search - multipart/form-data; boundary=----WebKitFormBoundaryqrPTci7qIeBxEOac 528
2026-06-28 14:22:43.786 +07:00 [INF] CORS policy execution successful.
2026-06-28 14:22:43.786 +07:00 [INF] Executing endpoint 'BlogApp.Controllers.BlogController.SearchBlogs (BlogApp)'
2026-06-28 14:22:43.786 +07:00 [INF] Route matched with {action = "SearchBlogs", controller = "Blog"}. Executing controller action with signature Microsoft.AspNetCore.Mvc.ActionResult SearchBlogs(BlogApp.DTOs.SearchBlogReqDTO) on controller BlogApp.Controllers.BlogController (BlogApp).
2026-06-28 14:22:43.787 +07:00 [INF] Request starting HTTP/1.1 POST http://localhost:5059/api/blog/search - multipart/form-data; boundary=----WebKitFormBoundaryIYfVHqfUOqLdNDOu 528
2026-06-28 14:22:43.787 +07:00 [INF] Request starting HTTP/1.1 GET http://localhost:5059/api/authen/check-valid-token - null null
2026-06-28 14:22:43.787 +07:00 [INF] Request starting HTTP/1.1 GET http://localhost:5059/api/tags/topfive - null null
2026-06-28 14:22:43.787 +07:00 [INF] CORS policy execution successful.
2026-06-28 14:22:43.787 +07:00 [INF] Request starting HTTP/1.1 OPTIONS http://localhost:5059/api/authen/check-valid-token - null null
2026-06-28 14:22:43.808 +07:00 [INF] CORS policy execution successful.
2026-06-28 14:22:43.808 +07:00 [INF] CORS policy execution successful.
2026-06-28 14:22:43.808 +07:00 [INF] CORS policy execution successful.
2026-06-28 14:22:43.808 +07:00 [INF] Request finished HTTP/1.1 OPTIONS http://localhost:5059/api/authen/check-valid-token - 204 null null 21.1ms
2026-06-28 14:22:43.808 +07:00 [INF] Request starting HTTP/1.1 GET http://localhost:5059/api/blog/topfive - null null
2026-06-28 14:22:43.808 +07:00 [INF] Executing endpoint 'BlogApp.Controllers.BlogController.SearchBlogs (BlogApp)'
2026-06-28 14:22:43.808 +07:00 [INF] Executing BadRequestObjectResult, writing value of type 'Microsoft.AspNetCore.Mvc.ValidationProblemDetails'.
2026-06-28 14:22:43.808 +07:00 [INF] Executing endpoint 'BlogApp.Controllers.AuthenController.CheckValidToken (BlogApp)'
2026-06-28 14:22:43.808 +07:00 [INF] Executing endpoint 'BlogApp.Controllers.TagController.GetTop5Tags (BlogApp)'
2026-06-28 14:22:43.809 +07:00 [INF] CORS policy execution successful.
2026-06-28 14:22:43.809 +07:00 [INF] Route matched with {action = "SearchBlogs", controller = "Blog"}. Executing controller action with signature Microsoft.AspNetCore.Mvc.ActionResult SearchBlogs(BlogApp.DTOs.SearchBlogReqDTO) on controller BlogApp.Controllers.BlogController (BlogApp).
2026-06-28 14:22:43.809 +07:00 [INF] Route matched with {action = "CheckValidToken", controller = "Authen"}. Executing controller action with signature Microsoft.AspNetCore.Mvc.ActionResult`1[BlogApp.DTOs.ResponseBaseDTO] CheckValidToken() on controller BlogApp.Controllers.AuthenController (BlogApp).
2026-06-28 14:22:43.809 +07:00 [INF] Route matched with {action = "GetTop5Tags", controller = "Tag"}. Executing controller action with signature Microsoft.AspNetCore.Mvc.ActionResult GetTop5Tags() on controller BlogApp.Controllers.TagController (BlogApp).
2026-06-28 14:22:43.809 +07:00 [INF] Executed action BlogApp.Controllers.BlogController.SearchBlogs (BlogApp) in 22.6796ms
2026-06-28 14:22:43.809 +07:00 [INF] Executed endpoint 'BlogApp.Controllers.BlogController.SearchBlogs (BlogApp)'
2026-06-28 14:22:43.809 +07:00 [INF] HTTP POST /api/blog/search responded 400 in 23.6098 ms
2026-06-28 14:22:43.810 +07:00 [INF] Request finished HTTP/1.1 POST http://localhost:5059/api/blog/search - 400 null application/problem+json; charset=utf-8 23.9361ms
2026-06-28 14:22:43.810 +07:00 [INF] Executing endpoint 'BlogApp.Controllers.BlogController.GetTop5Blogs (BlogApp)'
2026-06-28 14:22:43.810 +07:00 [INF] Executing OkObjectResult, writing value of type 'BlogApp.DTOs.ResponseBaseDTO'.
2026-06-28 14:22:43.810 +07:00 [INF] Request starting HTTP/1.1 OPTIONS http://localhost:5059/api/blog/fivelatest - null null
2026-06-28 14:22:43.810 +07:00 [INF] Route matched with {action = "GetTop5Blogs", controller = "Blog"}. Executing controller action with signature Microsoft.AspNetCore.Mvc.ActionResult GetTop5Blogs() on controller BlogApp.Controllers.BlogController (BlogApp).
2026-06-28 14:22:43.810 +07:00 [INF] Executed action BlogApp.Controllers.AuthenController.CheckValidToken (BlogApp) in 0.7809ms
2026-06-28 14:22:43.810 +07:00 [INF] Executed endpoint 'BlogApp.Controllers.AuthenController.CheckValidToken (BlogApp)'
2026-06-28 14:22:43.810 +07:00 [INF] CORS policy execution successful.
2026-06-28 14:22:43.811 +07:00 [INF] HTTP GET /api/authen/check-valid-token responded 200 in 2.4359 ms
2026-06-28 14:22:43.811 +07:00 [INF] Request finished HTTP/1.1 OPTIONS http://localhost:5059/api/blog/fivelatest - 204 null null 0.7671ms
2026-06-28 14:22:43.810 +07:00 [INF] Request starting HTTP/1.1 GET http://localhost:5059/api/blog/fivelatest - null null
2026-06-28 14:22:43.811 +07:00 [INF] Request finished HTTP/1.1 GET http://localhost:5059/api/authen/check-valid-token - 200 null application/json; charset=utf-8 23.7281ms
2026-06-28 14:22:43.811 +07:00 [INF] Executing BadRequestObjectResult, writing value of type 'Microsoft.AspNetCore.Mvc.ValidationProblemDetails'.
2026-06-28 14:22:43.811 +07:00 [INF] CORS policy execution successful.
2026-06-28 14:22:43.811 +07:00 [INF] Executed action BlogApp.Controllers.BlogController.SearchBlogs (BlogApp) in 2.0224ms
2026-06-28 14:22:43.811 +07:00 [INF] Executed endpoint 'BlogApp.Controllers.BlogController.SearchBlogs (BlogApp)'
2026-06-28 14:22:43.811 +07:00 [INF] Executing endpoint 'BlogApp.Controllers.BlogController.Get5LatestBlogs (BlogApp)'
2026-06-28 14:22:43.811 +07:00 [INF] HTTP POST /api/blog/search responded 400 in 3.3729 ms
2026-06-28 14:22:43.811 +07:00 [INF] Route matched with {action = "Get5LatestBlogs", controller = "Blog"}. Executing controller action with signature Microsoft.AspNetCore.Mvc.ActionResult Get5LatestBlogs() on controller BlogApp.Controllers.BlogController (BlogApp).
2026-06-28 14:22:43.812 +07:00 [INF] Request finished HTTP/1.1 POST http://localhost:5059/api/blog/search - 400 null application/problem+json; charset=utf-8 24.6192ms
2026-06-28 14:22:43.812 +07:00 [INF] Request starting HTTP/1.1 GET http://localhost:5059/api/authen/check-valid-token - null null
2026-06-28 14:22:43.812 +07:00 [INF] CORS policy execution successful.
2026-06-28 14:22:43.812 +07:00 [INF] Executing endpoint 'BlogApp.Controllers.AuthenController.CheckValidToken (BlogApp)'
2026-06-28 14:22:43.812 +07:00 [INF] Route matched with {action = "CheckValidToken", controller = "Authen"}. Executing controller action with signature Microsoft.AspNetCore.Mvc.ActionResult`1[BlogApp.DTOs.ResponseBaseDTO] CheckValidToken() on controller BlogApp.Controllers.AuthenController (BlogApp).
2026-06-28 14:22:43.812 +07:00 [INF] Executing OkObjectResult, writing value of type 'BlogApp.DTOs.ResponseBaseDTO'.
2026-06-28 14:22:43.812 +07:00 [INF] Executed DbCommand (2ms) [Parameters=[], CommandType='"Text"', CommandTimeout='30']

            SELECT tag AS Name, COUNT(*) AS blog_count
            FROM "Blogs", UNNEST("Tags") AS tag
            GROUP BY tag
            ORDER BY blog_count DESC
            LIMIT 5
2026-06-28 14:22:43.812 +07:00 [INF] Executed DbCommand (1ms) [Parameters=[], CommandType='"Text"', CommandTimeout='30']
SELECT b."Id", b."AmountOfAccesses", b."AuthorId", b."Content", b."CoverImage", b."CreatedAt", b."PublishedAt", b."State", b."Tags", b."Title", b."UpdatedAt"
FROM "Blogs" AS b
ORDER BY b."CreatedAt" DESC
2026-06-28 14:22:43.813 +07:00 [INF] Executed action BlogApp.Controllers.AuthenController.CheckValidToken (BlogApp) in 0.2391ms
2026-06-28 14:22:43.813 +07:00 [INF] Executed endpoint 'BlogApp.Controllers.AuthenController.CheckValidToken (BlogApp)'
2026-06-28 14:22:43.813 +07:00 [INF] Executing OkObjectResult, writing value of type 'BlogApp.DTOs.TagListRespDTO'.
2026-06-28 14:22:43.813 +07:00 [INF] HTTP GET /api/authen/check-valid-token responded 200 in 0.9053 ms
2026-06-28 14:22:43.813 +07:00 [INF] Executed DbCommand (1ms) [Parameters=[], CommandType='"Text"', CommandTimeout='30']
SELECT b."Id", b."AmountOfAccesses", b."AuthorId", b."Content", b."CoverImage", b."CreatedAt", b."PublishedAt", b."State", b."Tags", b."Title", b."UpdatedAt"
FROM "Blogs" AS b
ORDER BY b."CreatedAt" DESC
2026-06-28 14:22:43.813 +07:00 [INF] Executed action BlogApp.Controllers.TagController.GetTop5Tags (BlogApp) in 3.575ms
2026-06-28 14:22:43.813 +07:00 [INF] Request finished HTTP/1.1 GET http://localhost:5059/api/authen/check-valid-token - 200 null application/json; charset=utf-8 1.205ms
2026-06-28 14:22:43.813 +07:00 [INF] Executing OkObjectResult, writing value of type 'BlogApp.DTOs.BlogListRespDTO'.
2026-06-28 14:22:43.813 +07:00 [INF] Executed endpoint 'BlogApp.Controllers.TagController.GetTop5Tags (BlogApp)'
2026-06-28 14:22:43.813 +07:00 [INF] Executing OkObjectResult, writing value of type 'BlogApp.DTOs.BlogListRespDTO'.
2026-06-28 14:22:43.813 +07:00 [INF] HTTP GET /api/tags/topfive responded 200 in 5.1036 ms
2026-06-28 14:22:43.813 +07:00 [INF] Executed action BlogApp.Controllers.BlogController.GetTop5Blogs (BlogApp) in 3.2769ms
2026-06-28 14:22:43.814 +07:00 [INF] Request finished HTTP/1.1 GET http://localhost:5059/api/tags/topfive - 200 null application/json; charset=utf-8 26.6036ms
2026-06-28 14:22:43.814 +07:00 [INF] Executed endpoint 'BlogApp.Controllers.BlogController.GetTop5Blogs (BlogApp)'
2026-06-28 14:22:43.813 +07:00 [INF] Executed action BlogApp.Controllers.BlogController.Get5LatestBlogs (BlogApp) in 1.7296ms
2026-06-28 14:22:43.814 +07:00 [INF] HTTP GET /api/blog/topfive responded 200 in 4.5919 ms
2026-06-28 14:22:43.814 +07:00 [INF] Executed endpoint 'BlogApp.Controllers.BlogController.Get5LatestBlogs (BlogApp)'
2026-06-28 14:22:43.814 +07:00 [INF] Request finished HTTP/1.1 GET http://localhost:5059/api/blog/topfive - 200 null application/json; charset=utf-8 5.6053ms
2026-06-28 14:22:43.814 +07:00 [INF] HTTP GET /api/blog/fivelatest responded 200 in 2.7082 ms
2026-06-28 14:22:43.814 +07:00 [INF] Request finished HTTP/1.1 GET http://localhost:5059/api/blog/fivelatest - 200 null application/json; charset=utf-8 3.8286ms
2026-06-28 14:22:43.815 +07:00 [INF] Request starting HTTP/1.1 GET http://localhost:5059/api/tags/topfive - null null
2026-06-28 14:22:43.815 +07:00 [INF] Request starting HTTP/1.1 GET http://localhost:5059/api/blog/topfive - null null
2026-06-28 14:22:43.815 +07:00 [INF] Request starting HTTP/1.1 GET http://localhost:5059/api/blog/fivelatest - null null
2026-06-28 14:22:43.815 +07:00 [INF] CORS policy execution successful.
2026-06-28 14:22:43.815 +07:00 [INF] CORS policy execution successful.
2026-06-28 14:22:43.815 +07:00 [INF] CORS policy execution successful.
2026-06-28 14:22:43.815 +07:00 [INF] Executing endpoint 'BlogApp.Controllers.TagController.GetTop5Tags (BlogApp)'
2026-06-28 14:22:43.815 +07:00 [INF] Executing endpoint 'BlogApp.Controllers.BlogController.Get5LatestBlogs (BlogApp)'
2026-06-28 14:22:43.815 +07:00 [INF] Route matched with {action = "GetTop5Tags", controller = "Tag"}. Executing controller action with signature Microsoft.AspNetCore.Mvc.ActionResult GetTop5Tags() on controller BlogApp.Controllers.TagController (BlogApp).
2026-06-28 14:22:43.815 +07:00 [INF] Executing endpoint 'BlogApp.Controllers.BlogController.GetTop5Blogs (BlogApp)'
2026-06-28 14:22:43.815 +07:00 [INF] Route matched with {action = "Get5LatestBlogs", controller = "Blog"}. Executing controller action with signature Microsoft.AspNetCore.Mvc.ActionResult Get5LatestBlogs() on controller BlogApp.Controllers.BlogController (BlogApp).
2026-06-28 14:22:43.816 +07:00 [INF] Route matched with {action = "GetTop5Blogs", controller = "Blog"}. Executing controller action with signature Microsoft.AspNetCore.Mvc.ActionResult GetTop5Blogs() on controller BlogApp.Controllers.BlogController (BlogApp).
2026-06-28 14:22:43.817 +07:00 [INF] Executed DbCommand (1ms) [Parameters=[], CommandType='"Text"', CommandTimeout='30']
SELECT b."Id", b."AmountOfAccesses", b."AuthorId", b."Content", b."CoverImage", b."CreatedAt", b."PublishedAt", b."State", b."Tags", b."Title", b."UpdatedAt"
FROM "Blogs" AS b
ORDER BY b."CreatedAt" DESC
2026-06-28 14:22:43.817 +07:00 [INF] Executed DbCommand (1ms) [Parameters=[], CommandType='"Text"', CommandTimeout='30']

            SELECT tag AS Name, COUNT(*) AS blog_count
            FROM "Blogs", UNNEST("Tags") AS tag
            GROUP BY tag
            ORDER BY blog_count DESC
            LIMIT 5
2026-06-28 14:22:43.817 +07:00 [INF] Executed DbCommand (1ms) [Parameters=[], CommandType='"Text"', CommandTimeout='30']
SELECT b."Id", b."AmountOfAccesses", b."AuthorId", b."Content", b."CoverImage", b."CreatedAt", b."PublishedAt", b."State", b."Tags", b."Title", b."UpdatedAt"
FROM "Blogs" AS b
ORDER BY b."CreatedAt" DESC
2026-06-28 14:22:43.817 +07:00 [INF] Executing OkObjectResult, writing value of type 'BlogApp.DTOs.TagListRespDTO'.
2026-06-28 14:22:43.817 +07:00 [INF] Executing OkObjectResult, writing value of type 'BlogApp.DTOs.BlogListRespDTO'.
2026-06-28 14:22:43.817 +07:00 [INF] Executing OkObjectResult, writing value of type 'BlogApp.DTOs.BlogListRespDTO'.
2026-06-28 14:22:43.817 +07:00 [INF] Executed action BlogApp.Controllers.TagController.GetTop5Tags (BlogApp) in 2.0169ms
2026-06-28 14:22:43.818 +07:00 [INF] Executed action BlogApp.Controllers.BlogController.GetTop5Blogs (BlogApp) in 1.926ms
2026-06-28 14:22:43.817 +07:00 [INF] Executed action BlogApp.Controllers.BlogController.Get5LatestBlogs (BlogApp) in 1.9032ms
2026-06-28 14:22:43.818 +07:00 [INF] Executed endpoint 'BlogApp.Controllers.TagController.GetTop5Tags (BlogApp)'
2026-06-28 14:22:43.818 +07:00 [INF] Executed endpoint 'BlogApp.Controllers.BlogController.GetTop5Blogs (BlogApp)'
2026-06-28 14:22:43.818 +07:00 [INF] Executed endpoint 'BlogApp.Controllers.BlogController.Get5LatestBlogs (BlogApp)'
2026-06-28 14:22:43.818 +07:00 [INF] HTTP GET /api/tags/topfive responded 200 in 2.7128 ms
2026-06-28 14:22:43.818 +07:00 [INF] HTTP GET /api/blog/topfive responded 200 in 2.7184 ms
2026-06-28 14:22:43.818 +07:00 [INF] HTTP GET /api/blog/fivelatest responded 200 in 2.7287 ms
2026-06-28 14:22:43.818 +07:00 [INF] Request finished HTTP/1.1 GET http://localhost:5059/api/tags/topfive - 200 null application/json; charset=utf-8 3.2895ms
2026-06-28 14:22:43.818 +07:00 [INF] Request finished HTTP/1.1 GET http://localhost:5059/api/blog/topfive - 200 null application/json; charset=utf-8 3.2836ms
2026-06-28 14:22:43.818 +07:00 [INF] Request finished HTTP/1.1 GET http://localhost:5059/api/blog/fivelatest - 200 null application/json; charset=utf-8 3.3467ms
2026-06-28 14:22:48.494 +07:00 [INF] Request starting HTTP/1.1 POST http://localhost:5059/api/blog/search - multipart/form-data; boundary=----WebKitFormBoundaryAi9PMTWIp9gTnoCM 531
2026-06-28 14:22:48.495 +07:00 [INF] CORS policy execution successful.
2026-06-28 14:22:48.495 +07:00 [INF] Executing endpoint 'BlogApp.Controllers.BlogController.SearchBlogs (BlogApp)'
2026-06-28 14:22:48.495 +07:00 [INF] Route matched with {action = "SearchBlogs", controller = "Blog"}. Executing controller action with signature Microsoft.AspNetCore.Mvc.ActionResult SearchBlogs(BlogApp.DTOs.SearchBlogReqDTO) on controller BlogApp.Controllers.BlogController (BlogApp).
2026-06-28 14:22:48.497 +07:00 [INF] Executing BadRequestObjectResult, writing value of type 'Microsoft.AspNetCore.Mvc.ValidationProblemDetails'.
2026-06-28 14:22:48.497 +07:00 [INF] Executed action BlogApp.Controllers.BlogController.SearchBlogs (BlogApp) in 1.3237ms
2026-06-28 14:22:48.497 +07:00 [INF] Executed endpoint 'BlogApp.Controllers.BlogController.SearchBlogs (BlogApp)'
2026-06-28 14:22:48.497 +07:00 [INF] HTTP POST /api/blog/search responded 400 in 2.0536 ms
2026-06-28 14:22:48.497 +07:00 [INF] Request finished HTTP/1.1 POST http://localhost:5059/api/blog/search - 400 null application/problem+json; charset=utf-8 2.5005ms
2026-06-28 14:22:54.477 +07:00 [INF] Request starting HTTP/1.1 OPTIONS http://localhost:5059/api/blog/search - null null
2026-06-28 14:22:54.477 +07:00 [INF] CORS policy execution successful.
2026-06-28 14:22:54.477 +07:00 [INF] Request finished HTTP/1.1 OPTIONS http://localhost:5059/api/blog/search - 204 null null 0.326ms
2026-06-28 14:22:54.478 +07:00 [INF] Request starting HTTP/1.1 POST http://localhost:5059/api/blog/search - multipart/form-data; boundary=----WebKitFormBoundaryk9Uf9bPZjsEpD4s9 531
2026-06-28 14:22:54.478 +07:00 [INF] CORS policy execution successful.
2026-06-28 14:22:54.478 +07:00 [INF] Executing endpoint 'BlogApp.Controllers.BlogController.SearchBlogs (BlogApp)'
2026-06-28 14:22:54.479 +07:00 [INF] Route matched with {action = "SearchBlogs", controller = "Blog"}. Executing controller action with signature Microsoft.AspNetCore.Mvc.ActionResult SearchBlogs(BlogApp.DTOs.SearchBlogReqDTO) on controller BlogApp.Controllers.BlogController (BlogApp).
2026-06-28 14:22:54.479 +07:00 [INF] Executing BadRequestObjectResult, writing value of type 'Microsoft.AspNetCore.Mvc.ValidationProblemDetails'.
2026-06-28 14:22:54.479 +07:00 [INF] Executed action BlogApp.Controllers.BlogController.SearchBlogs (BlogApp) in 0.7309ms
2026-06-28 14:22:54.479 +07:00 [INF] Executed endpoint 'BlogApp.Controllers.BlogController.SearchBlogs (BlogApp)'
2026-06-28 14:22:54.479 +07:00 [INF] HTTP POST /api/blog/search responded 400 in 1.1877 ms
2026-06-28 14:22:54.480 +07:00 [INF] Request finished HTTP/1.1 POST http://localhost:5059/api/blog/search - 400 null application/problem+json; charset=utf-8 1.4649ms
2026-06-28 14:23:00.828 +07:00 [INF] Request starting HTTP/1.1 OPTIONS http://localhost:5059/api/blog/search - null null
2026-06-28 14:23:00.828 +07:00 [INF] CORS policy execution successful.
2026-06-28 14:23:00.828 +07:00 [INF] Request finished HTTP/1.1 OPTIONS http://localhost:5059/api/blog/search - 204 null null 0.3231ms
2026-06-28 14:23:00.829 +07:00 [INF] Request starting HTTP/1.1 POST http://localhost:5059/api/blog/search - multipart/form-data; boundary=----WebKitFormBoundaryYMpTBClH7Hbyg77Q 531
2026-06-28 14:23:00.829 +07:00 [INF] CORS policy execution successful.
2026-06-28 14:23:00.830 +07:00 [INF] Executing endpoint 'BlogApp.Controllers.BlogController.SearchBlogs (BlogApp)'
2026-06-28 14:23:00.830 +07:00 [INF] Route matched with {action = "SearchBlogs", controller = "Blog"}. Executing controller action with signature Microsoft.AspNetCore.Mvc.ActionResult SearchBlogs(BlogApp.DTOs.SearchBlogReqDTO) on controller BlogApp.Controllers.BlogController (BlogApp).
2026-06-28 14:23:00.831 +07:00 [INF] Executing BadRequestObjectResult, writing value of type 'Microsoft.AspNetCore.Mvc.ValidationProblemDetails'.
2026-06-28 14:23:00.831 +07:00 [INF] Executed action BlogApp.Controllers.BlogController.SearchBlogs (BlogApp) in 0.9371ms
2026-06-28 14:23:00.831 +07:00 [INF] Executed endpoint 'BlogApp.Controllers.BlogController.SearchBlogs (BlogApp)'
2026-06-28 14:23:00.831 +07:00 [INF] HTTP POST /api/blog/search responded 400 in 1.5544 ms
2026-06-28 14:23:00.831 +07:00 [INF] Request finished HTTP/1.1 POST http://localhost:5059/api/blog/search - 400 null application/problem+json; charset=utf-8 1.8886ms
2026-06-28 14:23:06.105 +07:00 [INF] Request starting HTTP/1.1 OPTIONS http://localhost:5059/api/blog/search - null null
2026-06-28 14:23:06.106 +07:00 [INF] CORS policy execution successful.
2026-06-28 14:23:06.106 +07:00 [INF] Request finished HTTP/1.1 OPTIONS http://localhost:5059/api/blog/search - 204 null null 0.3618ms
2026-06-28 14:23:06.106 +07:00 [INF] Request starting HTTP/1.1 POST http://localhost:5059/api/blog/search - multipart/form-data; boundary=----WebKitFormBoundary6S4rJRR5cCzewZjB 531
2026-06-28 14:23:06.107 +07:00 [INF] CORS policy execution successful.
2026-06-28 14:23:06.107 +07:00 [INF] Executing endpoint 'BlogApp.Controllers.BlogController.SearchBlogs (BlogApp)'
2026-06-28 14:23:06.107 +07:00 [INF] Route matched with {action = "SearchBlogs", controller = "Blog"}. Executing controller action with signature Microsoft.AspNetCore.Mvc.ActionResult SearchBlogs(BlogApp.DTOs.SearchBlogReqDTO) on controller BlogApp.Controllers.BlogController (BlogApp).
2026-06-28 14:23:06.108 +07:00 [INF] Executing BadRequestObjectResult, writing value of type 'Microsoft.AspNetCore.Mvc.ValidationProblemDetails'.
2026-06-28 14:23:06.108 +07:00 [INF] Executed action BlogApp.Controllers.BlogController.SearchBlogs (BlogApp) in 0.7493ms
2026-06-28 14:23:06.108 +07:00 [INF] Executed endpoint 'BlogApp.Controllers.BlogController.SearchBlogs (BlogApp)'
2026-06-28 14:23:06.108 +07:00 [INF] HTTP POST /api/blog/search responded 400 in 1.2029 ms
2026-06-28 14:23:06.108 +07:00 [INF] Request finished HTTP/1.1 POST http://localhost:5059/api/blog/search - 400 null application/problem+json; charset=utf-8 1.478ms
2026-06-28 14:23:11.782 +07:00 [INF] Request starting HTTP/1.1 OPTIONS http://localhost:5059/api/blog/search - null null
2026-06-28 14:23:11.782 +07:00 [INF] CORS policy execution successful.
2026-06-28 14:23:11.782 +07:00 [INF] Request finished HTTP/1.1 OPTIONS http://localhost:5059/api/blog/search - 204 null null 0.3571ms
2026-06-28 14:23:11.783 +07:00 [INF] Request starting HTTP/1.1 POST http://localhost:5059/api/blog/search - multipart/form-data; boundary=----WebKitFormBoundarya8l8J4BpgjS5aye5 528
2026-06-28 14:23:11.783 +07:00 [INF] CORS policy execution successful.
2026-06-28 14:23:11.784 +07:00 [INF] Executing endpoint 'BlogApp.Controllers.BlogController.SearchBlogs (BlogApp)'
2026-06-28 14:23:11.784 +07:00 [INF] Route matched with {action = "SearchBlogs", controller = "Blog"}. Executing controller action with signature Microsoft.AspNetCore.Mvc.ActionResult SearchBlogs(BlogApp.DTOs.SearchBlogReqDTO) on controller BlogApp.Controllers.BlogController (BlogApp).
2026-06-28 14:23:11.784 +07:00 [INF] Executing BadRequestObjectResult, writing value of type 'Microsoft.AspNetCore.Mvc.ValidationProblemDetails'.
2026-06-28 14:23:11.784 +07:00 [INF] Executed action BlogApp.Controllers.BlogController.SearchBlogs (BlogApp) in 0.6376ms
2026-06-28 14:23:11.785 +07:00 [INF] Executed endpoint 'BlogApp.Controllers.BlogController.SearchBlogs (BlogApp)'
2026-06-28 14:23:11.785 +07:00 [INF] HTTP POST /api/blog/search responded 400 in 1.2235 ms
2026-06-28 14:23:11.785 +07:00 [INF] Request finished HTTP/1.1 POST http://localhost:5059/api/blog/search - 400 null application/problem+json; charset=utf-8 1.5733ms
2026-06-28 14:23:14.044 +07:00 [INF] Request starting HTTP/1.1 POST http://localhost:5059/api/blog/search - multipart/form-data; boundary=----WebKitFormBoundaryP4bccFLIRDejLPrY 528
2026-06-28 14:23:14.044 +07:00 [INF] CORS policy execution successful.
2026-06-28 14:23:14.045 +07:00 [INF] Executing endpoint 'BlogApp.Controllers.BlogController.SearchBlogs (BlogApp)'
2026-06-28 14:23:14.045 +07:00 [INF] Route matched with {action = "SearchBlogs", controller = "Blog"}. Executing controller action with signature Microsoft.AspNetCore.Mvc.ActionResult SearchBlogs(BlogApp.DTOs.SearchBlogReqDTO) on controller BlogApp.Controllers.BlogController (BlogApp).
2026-06-28 14:23:14.045 +07:00 [INF] Executing BadRequestObjectResult, writing value of type 'Microsoft.AspNetCore.Mvc.ValidationProblemDetails'.
2026-06-28 14:23:14.045 +07:00 [INF] Executed action BlogApp.Controllers.BlogController.SearchBlogs (BlogApp) in 0.622ms
2026-06-28 14:23:14.045 +07:00 [INF] Executed endpoint 'BlogApp.Controllers.BlogController.SearchBlogs (BlogApp)'
2026-06-28 14:23:14.046 +07:00 [INF] HTTP POST /api/blog/search responded 400 in 1.1524 ms
2026-06-28 14:23:14.046 +07:00 [INF] Request finished HTTP/1.1 POST http://localhost:5059/api/blog/search - 400 null application/problem+json; charset=utf-8 1.6031ms
2026-06-28 14:23:17.032 +07:00 [INF] Request starting HTTP/1.1 OPTIONS http://localhost:5059/api/blog/search - null null
2026-06-28 14:23:17.032 +07:00 [INF] CORS policy execution successful.
2026-06-28 14:23:17.032 +07:00 [INF] Request finished HTTP/1.1 OPTIONS http://localhost:5059/api/blog/search - 204 null null 0.372ms
2026-06-28 14:23:17.032 +07:00 [INF] Request starting HTTP/1.1 OPTIONS http://localhost:5059/api/authen/check-valid-token - null null
2026-06-28 14:23:17.033 +07:00 [INF] CORS policy execution successful.
2026-06-28 14:23:17.033 +07:00 [INF] Request finished HTTP/1.1 OPTIONS http://localhost:5059/api/authen/check-valid-token - 204 null null 0.8476ms
2026-06-28 14:23:17.033 +07:00 [INF] Request starting HTTP/1.1 OPTIONS http://localhost:5059/api/tags/topfive - null null
2026-06-28 14:23:17.033 +07:00 [INF] Request starting HTTP/1.1 POST http://localhost:5059/api/blog/search - multipart/form-data; boundary=----WebKitFormBoundaryNLDtdiqcBdZTgkMA 528
2026-06-28 14:23:17.034 +07:00 [INF] Request starting HTTP/1.1 OPTIONS http://localhost:5059/api/blog/fivelatest - null null
2026-06-28 14:23:17.034 +07:00 [INF] CORS policy execution successful.
2026-06-28 14:23:17.034 +07:00 [INF] Request starting HTTP/1.1 OPTIONS http://localhost:5059/api/blog/topfive - null null
2026-06-28 14:23:17.034 +07:00 [INF] CORS policy execution successful.
2026-06-28 14:23:17.034 +07:00 [INF] CORS policy execution successful.
2026-06-28 14:23:17.034 +07:00 [INF] Request starting HTTP/1.1 GET http://localhost:5059/api/authen/check-valid-token - null null
2026-06-28 14:23:17.034 +07:00 [INF] CORS policy execution successful.
2026-06-28 14:23:17.034 +07:00 [INF] Request finished HTTP/1.1 OPTIONS http://localhost:5059/api/tags/topfive - 204 null null 0.5144ms
2026-06-28 14:23:17.055 +07:00 [INF] Request finished HTTP/1.1 OPTIONS http://localhost:5059/api/blog/fivelatest - 204 null null 20.9768ms
2026-06-28 14:23:17.055 +07:00 [INF] CORS policy execution successful.
2026-06-28 14:23:17.055 +07:00 [INF] Executing endpoint 'BlogApp.Controllers.BlogController.SearchBlogs (BlogApp)'
2026-06-28 14:23:17.055 +07:00 [INF] Request finished HTTP/1.1 OPTIONS http://localhost:5059/api/blog/topfive - 204 null null 21.2037ms
2026-06-28 14:23:17.055 +07:00 [INF] Request starting HTTP/1.1 GET http://localhost:5059/api/tags/topfive - null null
2026-06-28 14:23:17.055 +07:00 [INF] Request starting HTTP/1.1 POST http://localhost:5059/api/blog/search - multipart/form-data; boundary=----WebKitFormBoundaryA1B0vBoVf9AWjjcm 528
2026-06-28 14:23:17.056 +07:00 [INF] Route matched with {action = "SearchBlogs", controller = "Blog"}. Executing controller action with signature Microsoft.AspNetCore.Mvc.ActionResult SearchBlogs(BlogApp.DTOs.SearchBlogReqDTO) on controller BlogApp.Controllers.BlogController (BlogApp).
2026-06-28 14:23:17.056 +07:00 [INF] Request starting HTTP/1.1 OPTIONS http://localhost:5059/api/blog/fivelatest - null null
2026-06-28 14:23:17.056 +07:00 [INF] Executing endpoint 'BlogApp.Controllers.AuthenController.CheckValidToken (BlogApp)'
2026-06-28 14:23:17.056 +07:00 [INF] CORS policy execution successful.
2026-06-28 14:23:17.056 +07:00 [INF] CORS policy execution successful.
2026-06-28 14:23:17.056 +07:00 [INF] CORS policy execution successful.
2026-06-28 14:23:17.056 +07:00 [INF] Route matched with {action = "CheckValidToken", controller = "Authen"}. Executing controller action with signature Microsoft.AspNetCore.Mvc.ActionResult`1[BlogApp.DTOs.ResponseBaseDTO] CheckValidToken() on controller BlogApp.Controllers.AuthenController (BlogApp).
2026-06-28 14:23:17.056 +07:00 [INF] Request finished HTTP/1.1 OPTIONS http://localhost:5059/api/blog/fivelatest - 204 null null 0.5589ms
2026-06-28 14:23:17.057 +07:00 [INF] Executing endpoint 'BlogApp.Controllers.BlogController.SearchBlogs (BlogApp)'
2026-06-28 14:23:17.057 +07:00 [INF] Executing endpoint 'BlogApp.Controllers.TagController.GetTop5Tags (BlogApp)'
2026-06-28 14:23:17.057 +07:00 [INF] Route matched with {action = "SearchBlogs", controller = "Blog"}. Executing controller action with signature Microsoft.AspNetCore.Mvc.ActionResult SearchBlogs(BlogApp.DTOs.SearchBlogReqDTO) on controller BlogApp.Controllers.BlogController (BlogApp).
2026-06-28 14:23:17.057 +07:00 [INF] Executing OkObjectResult, writing value of type 'BlogApp.DTOs.ResponseBaseDTO'.
2026-06-28 14:23:17.057 +07:00 [INF] Route matched with {action = "GetTop5Tags", controller = "Tag"}. Executing controller action with signature Microsoft.AspNetCore.Mvc.ActionResult GetTop5Tags() on controller BlogApp.Controllers.TagController (BlogApp).
2026-06-28 14:23:17.057 +07:00 [INF] Executing BadRequestObjectResult, writing value of type 'Microsoft.AspNetCore.Mvc.ValidationProblemDetails'.
2026-06-28 14:23:17.057 +07:00 [INF] Executed action BlogApp.Controllers.AuthenController.CheckValidToken (BlogApp) in 0.4176ms
2026-06-28 14:23:17.057 +07:00 [INF] Executed endpoint 'BlogApp.Controllers.AuthenController.CheckValidToken (BlogApp)'
2026-06-28 14:23:17.057 +07:00 [INF] Request starting HTTP/1.1 OPTIONS http://localhost:5059/api/blog/topfive - null null
2026-06-28 14:23:17.057 +07:00 [INF] Executed action BlogApp.Controllers.BlogController.SearchBlogs (BlogApp) in 0.9768ms
2026-06-28 14:23:17.057 +07:00 [INF] HTTP GET /api/authen/check-valid-token responded 200 in 2.1484 ms
2026-06-28 14:23:17.057 +07:00 [INF] Request finished HTTP/1.1 GET http://localhost:5059/api/authen/check-valid-token - 200 null application/json; charset=utf-8 23.3239ms
2026-06-28 14:23:17.057 +07:00 [INF] Executed endpoint 'BlogApp.Controllers.BlogController.SearchBlogs (BlogApp)'
2026-06-28 14:23:17.057 +07:00 [INF] Executing BadRequestObjectResult, writing value of type 'Microsoft.AspNetCore.Mvc.ValidationProblemDetails'.
2026-06-28 14:23:17.057 +07:00 [INF] Request starting HTTP/1.1 GET http://localhost:5059/api/blog/topfive - null null
2026-06-28 14:23:17.057 +07:00 [INF] CORS policy execution successful.
2026-06-28 14:23:17.058 +07:00 [INF] Executed action BlogApp.Controllers.BlogController.SearchBlogs (BlogApp) in 0.8716ms
2026-06-28 14:23:17.058 +07:00 [INF] Request finished HTTP/1.1 OPTIONS http://localhost:5059/api/blog/topfive - 204 null null 0.6195ms
2026-06-28 14:23:17.058 +07:00 [INF] HTTP POST /api/blog/search responded 400 in 23.5337 ms
2026-06-28 14:23:17.058 +07:00 [INF] CORS policy execution successful.
2026-06-28 14:23:17.058 +07:00 [INF] Request finished HTTP/1.1 POST http://localhost:5059/api/blog/search - 400 null application/problem+json; charset=utf-8 24.547ms
2026-06-28 14:23:17.058 +07:00 [INF] Executing endpoint 'BlogApp.Controllers.BlogController.GetTop5Blogs (BlogApp)'
2026-06-28 14:23:17.058 +07:00 [INF] Executed endpoint 'BlogApp.Controllers.BlogController.SearchBlogs (BlogApp)'
2026-06-28 14:23:17.058 +07:00 [INF] Route matched with {action = "GetTop5Blogs", controller = "Blog"}. Executing controller action with signature Microsoft.AspNetCore.Mvc.ActionResult GetTop5Blogs() on controller BlogApp.Controllers.BlogController (BlogApp).
2026-06-28 14:23:17.058 +07:00 [INF] HTTP POST /api/blog/search responded 400 in 1.8213 ms
2026-06-28 14:23:17.058 +07:00 [INF] Request starting HTTP/1.1 GET http://localhost:5059/api/blog/fivelatest - null null
2026-06-28 14:23:17.059 +07:00 [INF] Request finished HTTP/1.1 POST http://localhost:5059/api/blog/search - 400 null application/problem+json; charset=utf-8 4.0198ms
2026-06-28 14:23:17.059 +07:00 [INF] Request starting HTTP/1.1 GET http://localhost:5059/api/authen/check-valid-token - null null
2026-06-28 14:23:17.059 +07:00 [INF] CORS policy execution successful.
2026-06-28 14:23:17.060 +07:00 [INF] CORS policy execution successful.
2026-06-28 14:23:17.059 +07:00 [INF] Executed DbCommand (1ms) [Parameters=[], CommandType='"Text"', CommandTimeout='30']

            SELECT tag AS Name, COUNT(*) AS blog_count
            FROM "Blogs", UNNEST("Tags") AS tag
            GROUP BY tag
            ORDER BY blog_count DESC
            LIMIT 5
2026-06-28 14:23:17.060 +07:00 [INF] Executing endpoint 'BlogApp.Controllers.BlogController.Get5LatestBlogs (BlogApp)'
2026-06-28 14:23:17.060 +07:00 [INF] Executing endpoint 'BlogApp.Controllers.AuthenController.CheckValidToken (BlogApp)'
2026-06-28 14:23:17.060 +07:00 [INF] Route matched with {action = "Get5LatestBlogs", controller = "Blog"}. Executing controller action with signature Microsoft.AspNetCore.Mvc.ActionResult Get5LatestBlogs() on controller BlogApp.Controllers.BlogController (BlogApp).
2026-06-28 14:23:17.060 +07:00 [INF] Route matched with {action = "CheckValidToken", controller = "Authen"}. Executing controller action with signature Microsoft.AspNetCore.Mvc.ActionResult`1[BlogApp.DTOs.ResponseBaseDTO] CheckValidToken() on controller BlogApp.Controllers.AuthenController (BlogApp).
2026-06-28 14:23:17.060 +07:00 [INF] Executing OkObjectResult, writing value of type 'BlogApp.DTOs.TagListRespDTO'.
2026-06-28 14:23:17.060 +07:00 [INF] Executing OkObjectResult, writing value of type 'BlogApp.DTOs.ResponseBaseDTO'.
2026-06-28 14:23:17.060 +07:00 [INF] Executed action BlogApp.Controllers.TagController.GetTop5Tags (BlogApp) in 3.2337ms
2026-06-28 14:23:17.060 +07:00 [INF] Executed action BlogApp.Controllers.AuthenController.CheckValidToken (BlogApp) in 0.1917ms
2026-06-28 14:23:17.060 +07:00 [INF] Executed endpoint 'BlogApp.Controllers.TagController.GetTop5Tags (BlogApp)'
2026-06-28 14:23:17.061 +07:00 [INF] Executed endpoint 'BlogApp.Controllers.AuthenController.CheckValidToken (BlogApp)'
2026-06-28 14:23:17.061 +07:00 [INF] Executed DbCommand (1ms) [Parameters=[], CommandType='"Text"', CommandTimeout='30']
SELECT b."Id", b."AmountOfAccesses", b."AuthorId", b."Content", b."CoverImage", b."CreatedAt", b."PublishedAt", b."State", b."Tags", b."Title", b."UpdatedAt"
FROM "Blogs" AS b
ORDER BY b."CreatedAt" DESC
2026-06-28 14:23:17.061 +07:00 [INF] HTTP GET /api/authen/check-valid-token responded 200 in 1.1148 ms
2026-06-28 14:23:17.061 +07:00 [INF] Request finished HTTP/1.1 GET http://localhost:5059/api/authen/check-valid-token - 200 null application/json; charset=utf-8 1.7906ms
2026-06-28 14:23:17.061 +07:00 [INF] HTTP GET /api/tags/topfive responded 200 in 4.1828 ms
2026-06-28 14:23:17.061 +07:00 [INF] Request starting HTTP/1.1 GET http://localhost:5059/api/tags/topfive - null null
2026-06-28 14:23:17.061 +07:00 [INF] Executing OkObjectResult, writing value of type 'BlogApp.DTOs.BlogListRespDTO'.
2026-06-28 14:23:17.061 +07:00 [INF] CORS policy execution successful.
2026-06-28 14:23:17.061 +07:00 [INF] Executed DbCommand (1ms) [Parameters=[], CommandType='"Text"', CommandTimeout='30']
SELECT b."Id", b."AmountOfAccesses", b."AuthorId", b."Content", b."CoverImage", b."CreatedAt", b."PublishedAt", b."State", b."Tags", b."Title", b."UpdatedAt"
FROM "Blogs" AS b
ORDER BY b."CreatedAt" DESC
2026-06-28 14:23:17.061 +07:00 [INF] Request finished HTTP/1.1 GET http://localhost:5059/api/tags/topfive - 200 null application/json; charset=utf-8 6.1365ms
2026-06-28 14:23:17.061 +07:00 [INF] Executed action BlogApp.Controllers.BlogController.GetTop5Blogs (BlogApp) in 3.0355ms
2026-06-28 14:23:17.062 +07:00 [INF] Executing endpoint 'BlogApp.Controllers.TagController.GetTop5Tags (BlogApp)'
2026-06-28 14:23:17.062 +07:00 [INF] Executing OkObjectResult, writing value of type 'BlogApp.DTOs.BlogListRespDTO'.
2026-06-28 14:23:17.062 +07:00 [INF] Executed endpoint 'BlogApp.Controllers.BlogController.GetTop5Blogs (BlogApp)'
2026-06-28 14:23:17.062 +07:00 [INF] Route matched with {action = "GetTop5Tags", controller = "Tag"}. Executing controller action with signature Microsoft.AspNetCore.Mvc.ActionResult GetTop5Tags() on controller BlogApp.Controllers.TagController (BlogApp).
2026-06-28 14:23:17.062 +07:00 [INF] HTTP GET /api/blog/topfive responded 200 in 3.9256 ms
2026-06-28 14:23:17.062 +07:00 [INF] Request starting HTTP/1.1 GET http://localhost:5059/api/blog/topfive - null null
2026-06-28 14:23:17.062 +07:00 [INF] Executed action BlogApp.Controllers.BlogController.Get5LatestBlogs (BlogApp) in 2.0479ms
2026-06-28 14:23:17.062 +07:00 [INF] Request finished HTTP/1.1 GET http://localhost:5059/api/blog/topfive - 200 null application/json; charset=utf-8 4.7447ms
2026-06-28 14:23:17.062 +07:00 [INF] CORS policy execution successful.
2026-06-28 14:23:17.062 +07:00 [INF] Executed endpoint 'BlogApp.Controllers.BlogController.Get5LatestBlogs (BlogApp)'
2026-06-28 14:23:17.063 +07:00 [INF] HTTP GET /api/blog/fivelatest responded 200 in 3.0010 ms
2026-06-28 14:23:17.063 +07:00 [INF] Executing endpoint 'BlogApp.Controllers.BlogController.GetTop5Blogs (BlogApp)'
2026-06-28 14:23:17.063 +07:00 [INF] Request finished HTTP/1.1 GET http://localhost:5059/api/blog/fivelatest - 200 null application/json; charset=utf-8 4.2238ms
2026-06-28 14:23:17.063 +07:00 [INF] Route matched with {action = "GetTop5Blogs", controller = "Blog"}. Executing controller action with signature Microsoft.AspNetCore.Mvc.ActionResult GetTop5Blogs() on controller BlogApp.Controllers.BlogController (BlogApp).
2026-06-28 14:23:17.063 +07:00 [INF] Request starting HTTP/1.1 GET http://localhost:5059/api/blog/fivelatest - null null
2026-06-28 14:23:17.063 +07:00 [INF] CORS policy execution successful.
2026-06-28 14:23:17.064 +07:00 [INF] Executing endpoint 'BlogApp.Controllers.BlogController.Get5LatestBlogs (BlogApp)'
2026-06-28 14:23:17.064 +07:00 [INF] Route matched with {action = "Get5LatestBlogs", controller = "Blog"}. Executing controller action with signature Microsoft.AspNetCore.Mvc.ActionResult Get5LatestBlogs() on controller BlogApp.Controllers.BlogController (BlogApp).
2026-06-28 14:23:17.064 +07:00 [INF] Executed DbCommand (1ms) [Parameters=[], CommandType='"Text"', CommandTimeout='30']

            SELECT tag AS Name, COUNT(*) AS blog_count
            FROM "Blogs", UNNEST("Tags") AS tag
            GROUP BY tag
            ORDER BY blog_count DESC
            LIMIT 5
2026-06-28 14:23:17.065 +07:00 [INF] Executing OkObjectResult, writing value of type 'BlogApp.DTOs.TagListRespDTO'.
2026-06-28 14:23:17.065 +07:00 [INF] Executed DbCommand (1ms) [Parameters=[], CommandType='"Text"', CommandTimeout='30']
SELECT b."Id", b."AmountOfAccesses", b."AuthorId", b."Content", b."CoverImage", b."CreatedAt", b."PublishedAt", b."State", b."Tags", b."Title", b."UpdatedAt"
FROM "Blogs" AS b
ORDER BY b."CreatedAt" DESC
2026-06-28 14:23:17.065 +07:00 [INF] Executed action BlogApp.Controllers.TagController.GetTop5Tags (BlogApp) in 2.7976ms
2026-06-28 14:23:17.065 +07:00 [INF] Executed endpoint 'BlogApp.Controllers.TagController.GetTop5Tags (BlogApp)'
2026-06-28 14:23:17.065 +07:00 [INF] HTTP GET /api/tags/topfive responded 200 in 3.5430 ms
2026-06-28 14:23:17.065 +07:00 [INF] Request finished HTTP/1.1 GET http://localhost:5059/api/tags/topfive - 200 null application/json; charset=utf-8 4.0715ms
2026-06-28 14:23:17.065 +07:00 [INF] Executing OkObjectResult, writing value of type 'BlogApp.DTOs.BlogListRespDTO'.
2026-06-28 14:23:17.065 +07:00 [INF] Executed DbCommand (1ms) [Parameters=[], CommandType='"Text"', CommandTimeout='30']
SELECT b."Id", b."AmountOfAccesses", b."AuthorId", b."Content", b."CoverImage", b."CreatedAt", b."PublishedAt", b."State", b."Tags", b."Title", b."UpdatedAt"
FROM "Blogs" AS b
ORDER BY b."CreatedAt" DESC
2026-06-28 14:23:17.065 +07:00 [INF] Executed action BlogApp.Controllers.BlogController.GetTop5Blogs (BlogApp) in 2.5338ms
2026-06-28 14:23:17.066 +07:00 [INF] Executed endpoint 'BlogApp.Controllers.BlogController.GetTop5Blogs (BlogApp)'
2026-06-28 14:23:17.066 +07:00 [INF] HTTP GET /api/blog/topfive responded 200 in 3.0890 ms
2026-06-28 14:23:17.066 +07:00 [INF] Request finished HTTP/1.1 GET http://localhost:5059/api/blog/topfive - 200 null application/json; charset=utf-8 3.5923ms
2026-06-28 14:23:17.066 +07:00 [INF] Executing OkObjectResult, writing value of type 'BlogApp.DTOs.BlogListRespDTO'.
2026-06-28 14:23:17.066 +07:00 [INF] Executed action BlogApp.Controllers.BlogController.Get5LatestBlogs (BlogApp) in 2.1123ms
2026-06-28 14:23:17.066 +07:00 [INF] Executed endpoint 'BlogApp.Controllers.BlogController.Get5LatestBlogs (BlogApp)'
2026-06-28 14:23:17.066 +07:00 [INF] HTTP GET /api/blog/fivelatest responded 200 in 2.5406 ms
2026-06-28 14:23:17.066 +07:00 [INF] Request finished HTTP/1.1 GET http://localhost:5059/api/blog/fivelatest - 200 null application/json; charset=utf-8 2.9023ms
2026-06-28 14:23:39.042 +07:00 [INF] Request starting HTTP/1.1 OPTIONS http://localhost:5059/api/blog/search - null null
2026-06-28 14:23:39.042 +07:00 [INF] CORS policy execution successful.
2026-06-28 14:23:39.042 +07:00 [INF] Request finished HTTP/1.1 OPTIONS http://localhost:5059/api/blog/search - 204 null null 0.6211ms
2026-06-28 14:23:39.043 +07:00 [INF] Request starting HTTP/1.1 POST http://localhost:5059/api/blog/search - multipart/form-data; boundary=----WebKitFormBoundary8T8XgkCoIJFeajUZ 528
2026-06-28 14:23:39.043 +07:00 [INF] CORS policy execution successful.
2026-06-28 14:23:39.043 +07:00 [INF] Executing endpoint 'BlogApp.Controllers.BlogController.SearchBlogs (BlogApp)'
2026-06-28 14:23:39.043 +07:00 [INF] Route matched with {action = "SearchBlogs", controller = "Blog"}. Executing controller action with signature Microsoft.AspNetCore.Mvc.ActionResult SearchBlogs(BlogApp.DTOs.SearchBlogReqDTO) on controller BlogApp.Controllers.BlogController (BlogApp).
2026-06-28 14:23:39.044 +07:00 [INF] Executing BadRequestObjectResult, writing value of type 'Microsoft.AspNetCore.Mvc.ValidationProblemDetails'.
2026-06-28 14:23:39.044 +07:00 [INF] Executed action BlogApp.Controllers.BlogController.SearchBlogs (BlogApp) in 0.7527ms
2026-06-28 14:23:39.044 +07:00 [INF] Executed endpoint 'BlogApp.Controllers.BlogController.SearchBlogs (BlogApp)'
2026-06-28 14:23:39.044 +07:00 [INF] HTTP POST /api/blog/search responded 400 in 1.2360 ms
2026-06-28 14:23:39.044 +07:00 [INF] Request finished HTTP/1.1 POST http://localhost:5059/api/blog/search - 400 null application/problem+json; charset=utf-8 1.5428ms
2026-06-28 14:26:26.658 +07:00 [INF] User profile is available. Using '/home/kieudangkimbao2000/.aspnet/DataProtection-Keys' as key repository; keys will not be encrypted at rest.
2026-06-28 14:26:26.858 +07:00 [WRN] The ASP.NET Core developer certificate is not trusted. For information about trusting the ASP.NET Core developer certificate, see https://aka.ms/aspnet/https-trust-dev-cert
2026-06-28 14:26:26.871 +07:00 [INF] Now listening on: https://localhost:7065
2026-06-28 14:26:26.872 +07:00 [INF] Now listening on: http://localhost:5059
2026-06-28 14:26:26.873 +07:00 [INF] Application started. Press Ctrl+C to shut down.
2026-06-28 14:26:26.873 +07:00 [INF] Hosting environment: Development
2026-06-28 14:26:26.873 +07:00 [INF] Content root path: /home/kieudangkimbao2000/WorkSpace/BlogApp/backend
2026-06-28 14:26:29.897 +07:00 [INF] Request starting HTTP/1.1 OPTIONS http://localhost:5059/api/tags/topfive - null null
2026-06-28 14:26:29.897 +07:00 [INF] Request starting HTTP/1.1 OPTIONS http://localhost:5059/api/blog/fivelatest - null null
2026-06-28 14:26:29.897 +07:00 [INF] Request starting HTTP/1.1 OPTIONS http://localhost:5059/api/blog/search - null null
2026-06-28 14:26:29.897 +07:00 [INF] Request starting HTTP/1.1 OPTIONS http://localhost:5059/api/authen/check-valid-token - null null
2026-06-28 14:26:29.897 +07:00 [INF] Request starting HTTP/1.1 OPTIONS http://localhost:5059/api/blog/search - null null
2026-06-28 14:26:29.897 +07:00 [INF] Request starting HTTP/1.1 OPTIONS http://localhost:5059/api/blog/topfive - null null
2026-06-28 14:26:29.924 +07:00 [INF] CORS policy execution successful.
2026-06-28 14:26:29.924 +07:00 [INF] CORS policy execution successful.
2026-06-28 14:26:29.924 +07:00 [INF] CORS policy execution successful.
2026-06-28 14:26:29.924 +07:00 [INF] CORS policy execution successful.
2026-06-28 14:26:29.924 +07:00 [INF] CORS policy execution successful.
2026-06-28 14:26:29.924 +07:00 [INF] CORS policy execution successful.
2026-06-28 14:26:29.929 +07:00 [INF] Request finished HTTP/1.1 OPTIONS http://localhost:5059/api/blog/topfive - 204 null null 33.4065ms
2026-06-28 14:26:29.929 +07:00 [INF] Request finished HTTP/1.1 OPTIONS http://localhost:5059/api/blog/fivelatest - 204 null null 33.3918ms
2026-06-28 14:26:29.929 +07:00 [INF] Request finished HTTP/1.1 OPTIONS http://localhost:5059/api/authen/check-valid-token - 204 null null 33.3901ms
2026-06-28 14:26:29.929 +07:00 [INF] Request finished HTTP/1.1 OPTIONS http://localhost:5059/api/blog/search - 204 null null 33.395ms
2026-06-28 14:26:29.929 +07:00 [INF] Request finished HTTP/1.1 OPTIONS http://localhost:5059/api/blog/search - 204 null null 33.3983ms
2026-06-28 14:26:29.929 +07:00 [INF] Request finished HTTP/1.1 OPTIONS http://localhost:5059/api/tags/topfive - 204 null null 33.3978ms
2026-06-28 14:26:29.933 +07:00 [INF] Request starting HTTP/1.1 OPTIONS http://localhost:5059/api/blog/fivelatest - null null
2026-06-28 14:26:29.933 +07:00 [INF] Request starting HTTP/1.1 OPTIONS http://localhost:5059/api/authen/check-valid-token - null null
2026-06-28 14:26:29.933 +07:00 [INF] Request starting HTTP/1.1 OPTIONS http://localhost:5059/api/blog/topfive - null null
2026-06-28 14:26:29.933 +07:00 [INF] Request starting HTTP/1.1 OPTIONS http://localhost:5059/api/tags/topfive - null null
2026-06-28 14:26:29.933 +07:00 [INF] Request starting HTTP/1.1 GET http://localhost:5059/api/blog/fivelatest - null null
2026-06-28 14:26:29.933 +07:00 [INF] Request starting HTTP/1.1 GET http://localhost:5059/api/blog/topfive - null null
2026-06-28 14:26:29.935 +07:00 [INF] CORS policy execution successful.
2026-06-28 14:26:29.935 +07:00 [INF] CORS policy execution successful.
2026-06-28 14:26:29.935 +07:00 [INF] CORS policy execution successful.
2026-06-28 14:26:29.935 +07:00 [INF] CORS policy execution successful.
2026-06-28 14:26:29.935 +07:00 [INF] CORS policy execution successful.
2026-06-28 14:26:29.935 +07:00 [INF] Request finished HTTP/1.1 OPTIONS http://localhost:5059/api/blog/fivelatest - 204 null null 2.6084ms
2026-06-28 14:26:29.935 +07:00 [INF] Request finished HTTP/1.1 OPTIONS http://localhost:5059/api/tags/topfive - 204 null null 2.6078ms
2026-06-28 14:26:29.935 +07:00 [INF] CORS policy execution successful.
2026-06-28 14:26:29.935 +07:00 [INF] Request finished HTTP/1.1 OPTIONS http://localhost:5059/api/blog/topfive - 204 null null 2.8131ms
2026-06-28 14:26:29.936 +07:00 [INF] Request finished HTTP/1.1 OPTIONS http://localhost:5059/api/authen/check-valid-token - 204 null null 3.3039ms
2026-06-28 14:26:29.937 +07:00 [INF] Request starting HTTP/1.1 GET http://localhost:5059/api/tags/topfive - null null
2026-06-28 14:26:29.937 +07:00 [INF] Request starting HTTP/1.1 GET http://localhost:5059/api/authen/check-valid-token - null null
2026-06-28 14:26:29.937 +07:00 [INF] CORS policy execution successful.
2026-06-28 14:26:29.937 +07:00 [INF] CORS policy execution successful.
2026-06-28 14:26:29.937 +07:00 [INF] Request starting HTTP/1.1 POST http://localhost:5059/api/blog/search - multipart/form-data; boundary=----WebKitFormBoundaryfXX3F8DSPjuBvoPX 528
2026-06-28 14:26:29.937 +07:00 [INF] Request starting HTTP/1.1 POST http://localhost:5059/api/blog/search - multipart/form-data; boundary=----WebKitFormBoundaryQeFCNuCae7E8fAYu 528
2026-06-28 14:26:29.938 +07:00 [INF] CORS policy execution successful.
2026-06-28 14:26:29.938 +07:00 [INF] CORS policy execution successful.
2026-06-28 14:26:30.015 +07:00 [INF] Executing endpoint 'BlogApp.Controllers.BlogController.GetTop5Blogs (BlogApp)'
2026-06-28 14:26:30.015 +07:00 [INF] Executing endpoint 'BlogApp.Controllers.BlogController.Get5LatestBlogs (BlogApp)'
2026-06-28 14:26:30.015 +07:00 [INF] Executing endpoint 'BlogApp.Controllers.BlogController.SearchBlogs (BlogApp)'
2026-06-28 14:26:30.015 +07:00 [INF] Executing endpoint 'BlogApp.Controllers.BlogController.SearchBlogs (BlogApp)'
2026-06-28 14:26:30.015 +07:00 [INF] Executing endpoint 'BlogApp.Controllers.TagController.GetTop5Tags (BlogApp)'
2026-06-28 14:26:30.017 +07:00 [INF] Executing endpoint 'BlogApp.Controllers.AuthenController.CheckValidToken (BlogApp)'
2026-06-28 14:26:30.028 +07:00 [INF] Route matched with {action = "GetTop5Blogs", controller = "Blog"}. Executing controller action with signature Microsoft.AspNetCore.Mvc.ActionResult GetTop5Blogs() on controller BlogApp.Controllers.BlogController (BlogApp).
2026-06-28 14:26:30.028 +07:00 [INF] Route matched with {action = "GetTop5Tags", controller = "Tag"}. Executing controller action with signature Microsoft.AspNetCore.Mvc.ActionResult GetTop5Tags() on controller BlogApp.Controllers.TagController (BlogApp).
2026-06-28 14:26:30.028 +07:00 [INF] Route matched with {action = "Get5LatestBlogs", controller = "Blog"}. Executing controller action with signature Microsoft.AspNetCore.Mvc.ActionResult Get5LatestBlogs() on controller BlogApp.Controllers.BlogController (BlogApp).
2026-06-28 14:26:30.028 +07:00 [INF] Route matched with {action = "CheckValidToken", controller = "Authen"}. Executing controller action with signature Microsoft.AspNetCore.Mvc.ActionResult`1[BlogApp.DTOs.ResponseBaseDTO] CheckValidToken() on controller BlogApp.Controllers.AuthenController (BlogApp).
2026-06-28 14:26:30.035 +07:00 [INF] Route matched with {action = "SearchBlogs", controller = "Blog"}. Executing controller action with signature Microsoft.AspNetCore.Mvc.ActionResult SearchBlogs(BlogApp.DTOs.SearchBlogReqDTO) on controller BlogApp.Controllers.BlogController (BlogApp).
2026-06-28 14:26:30.035 +07:00 [INF] Route matched with {action = "SearchBlogs", controller = "Blog"}. Executing controller action with signature Microsoft.AspNetCore.Mvc.ActionResult SearchBlogs(BlogApp.DTOs.SearchBlogReqDTO) on controller BlogApp.Controllers.BlogController (BlogApp).
2026-06-28 14:26:30.134 +07:00 [INF] Executing OkObjectResult, writing value of type 'BlogApp.DTOs.ResponseBaseDTO'.
2026-06-28 14:26:30.154 +07:00 [INF] Executed action BlogApp.Controllers.AuthenController.CheckValidToken (BlogApp) in 122.8588ms
2026-06-28 14:26:30.154 +07:00 [INF] Executed endpoint 'BlogApp.Controllers.AuthenController.CheckValidToken (BlogApp)'
2026-06-28 14:26:30.162 +07:00 [INF] HTTP GET /api/authen/check-valid-token responded 200 in 216.4915 ms
2026-06-28 14:26:30.164 +07:00 [INF] Executing BadRequestObjectResult, writing value of type 'Microsoft.AspNetCore.Mvc.ValidationProblemDetails'.
2026-06-28 14:26:30.164 +07:00 [INF] Request finished HTTP/1.1 GET http://localhost:5059/api/authen/check-valid-token - 200 null application/json; charset=utf-8 227.3709ms
2026-06-28 14:26:30.164 +07:00 [INF] Executing BadRequestObjectResult, writing value of type 'Microsoft.AspNetCore.Mvc.ValidationProblemDetails'.
2026-06-28 14:26:30.165 +07:00 [INF] Request starting HTTP/1.1 GET http://localhost:5059/api/authen/check-valid-token - null null
2026-06-28 14:26:30.165 +07:00 [INF] CORS policy execution successful.
2026-06-28 14:26:30.168 +07:00 [INF] Executing endpoint 'BlogApp.Controllers.AuthenController.CheckValidToken (BlogApp)'
2026-06-28 14:26:30.168 +07:00 [INF] Route matched with {action = "CheckValidToken", controller = "Authen"}. Executing controller action with signature Microsoft.AspNetCore.Mvc.ActionResult`1[BlogApp.DTOs.ResponseBaseDTO] CheckValidToken() on controller BlogApp.Controllers.AuthenController (BlogApp).
2026-06-28 14:26:30.170 +07:00 [INF] Executing OkObjectResult, writing value of type 'BlogApp.DTOs.ResponseBaseDTO'.
2026-06-28 14:26:30.171 +07:00 [INF] Executed action BlogApp.Controllers.AuthenController.CheckValidToken (BlogApp) in 1.8717ms
2026-06-28 14:26:30.171 +07:00 [INF] Executed endpoint 'BlogApp.Controllers.AuthenController.CheckValidToken (BlogApp)'
2026-06-28 14:26:30.171 +07:00 [INF] HTTP GET /api/authen/check-valid-token responded 200 in 5.8606 ms
2026-06-28 14:26:30.171 +07:00 [INF] Request finished HTTP/1.1 GET http://localhost:5059/api/authen/check-valid-token - 200 null application/json; charset=utf-8 6.3542ms
2026-06-28 14:26:30.183 +07:00 [INF] Executed action BlogApp.Controllers.BlogController.SearchBlogs (BlogApp) in 147.843ms
2026-06-28 14:26:30.183 +07:00 [INF] Executed action BlogApp.Controllers.BlogController.SearchBlogs (BlogApp) in 147.8094ms
2026-06-28 14:26:30.183 +07:00 [INF] Executed endpoint 'BlogApp.Controllers.BlogController.SearchBlogs (BlogApp)'
2026-06-28 14:26:30.183 +07:00 [INF] Executed endpoint 'BlogApp.Controllers.BlogController.SearchBlogs (BlogApp)'
2026-06-28 14:26:30.183 +07:00 [INF] HTTP POST /api/blog/search responded 400 in 245.2978 ms
2026-06-28 14:26:30.183 +07:00 [INF] HTTP POST /api/blog/search responded 400 in 245.4243 ms
2026-06-28 14:26:30.184 +07:00 [INF] Request finished HTTP/1.1 POST http://localhost:5059/api/blog/search - 400 null application/problem+json; charset=utf-8 246.2167ms
2026-06-28 14:26:30.184 +07:00 [INF] Request finished HTTP/1.1 POST http://localhost:5059/api/blog/search - 400 null application/problem+json; charset=utf-8 246.3275ms
2026-06-28 14:26:30.819 +07:00 [INF] Executed DbCommand (15ms) [Parameters=[], CommandType='"Text"', CommandTimeout='30']

            SELECT tag AS Name, COUNT(*) AS blog_count
            FROM "Blogs", UNNEST("Tags") AS tag
            GROUP BY tag
            ORDER BY blog_count DESC
            LIMIT 5
2026-06-28 14:26:30.819 +07:00 [INF] Executed DbCommand (15ms) [Parameters=[], CommandType='"Text"', CommandTimeout='30']
SELECT b."Id", b."AmountOfAccesses", b."AuthorId", b."Content", b."CoverImage", b."CreatedAt", b."PublishedAt", b."State", b."Tags", b."Title", b."UpdatedAt"
FROM "Blogs" AS b
ORDER BY b."CreatedAt" DESC
2026-06-28 14:26:30.819 +07:00 [INF] Executed DbCommand (15ms) [Parameters=[], CommandType='"Text"', CommandTimeout='30']
SELECT b."Id", b."AmountOfAccesses", b."AuthorId", b."Content", b."CoverImage", b."CreatedAt", b."PublishedAt", b."State", b."Tags", b."Title", b."UpdatedAt"
FROM "Blogs" AS b
ORDER BY b."CreatedAt" DESC
2026-06-28 14:26:30.860 +07:00 [INF] Executing OkObjectResult, writing value of type 'BlogApp.DTOs.TagListRespDTO'.
2026-06-28 14:26:30.866 +07:00 [INF] Executed action BlogApp.Controllers.TagController.GetTop5Tags (BlogApp) in 837.8132ms
2026-06-28 14:26:30.866 +07:00 [INF] Executed endpoint 'BlogApp.Controllers.TagController.GetTop5Tags (BlogApp)'
2026-06-28 14:26:30.866 +07:00 [INF] HTTP GET /api/tags/topfive responded 200 in 929.0608 ms
2026-06-28 14:26:30.871 +07:00 [INF] Request finished HTTP/1.1 GET http://localhost:5059/api/tags/topfive - 200 null application/json; charset=utf-8 934.2551ms
2026-06-28 14:26:30.871 +07:00 [INF] Request starting HTTP/1.1 GET http://localhost:5059/api/tags/topfive - null null
2026-06-28 14:26:30.872 +07:00 [INF] CORS policy execution successful.
2026-06-28 14:26:30.872 +07:00 [INF] Executing endpoint 'BlogApp.Controllers.TagController.GetTop5Tags (BlogApp)'
2026-06-28 14:26:30.872 +07:00 [INF] Route matched with {action = "GetTop5Tags", controller = "Tag"}. Executing controller action with signature Microsoft.AspNetCore.Mvc.ActionResult GetTop5Tags() on controller BlogApp.Controllers.TagController (BlogApp).
2026-06-28 14:26:30.922 +07:00 [INF] Executed DbCommand (1ms) [Parameters=[], CommandType='"Text"', CommandTimeout='30']

            SELECT tag AS Name, COUNT(*) AS blog_count
            FROM "Blogs", UNNEST("Tags") AS tag
            GROUP BY tag
            ORDER BY blog_count DESC
            LIMIT 5
2026-06-28 14:26:30.922 +07:00 [INF] Executing OkObjectResult, writing value of type 'BlogApp.DTOs.TagListRespDTO'.
2026-06-28 14:26:30.923 +07:00 [INF] Executed action BlogApp.Controllers.TagController.GetTop5Tags (BlogApp) in 50.3882ms
2026-06-28 14:26:30.923 +07:00 [INF] Executed endpoint 'BlogApp.Controllers.TagController.GetTop5Tags (BlogApp)'
2026-06-28 14:26:30.923 +07:00 [INF] HTTP GET /api/tags/topfive responded 200 in 51.0465 ms
2026-06-28 14:26:30.923 +07:00 [INF] Request finished HTTP/1.1 GET http://localhost:5059/api/tags/topfive - 200 null application/json; charset=utf-8 51.6371ms
2026-06-28 14:26:30.959 +07:00 [INF] Executing OkObjectResult, writing value of type 'BlogApp.DTOs.BlogListRespDTO'.
2026-06-28 14:26:30.959 +07:00 [INF] Executing OkObjectResult, writing value of type 'BlogApp.DTOs.BlogListRespDTO'.
2026-06-28 14:26:30.966 +07:00 [INF] Executed action BlogApp.Controllers.BlogController.Get5LatestBlogs (BlogApp) in 937.5039ms
2026-06-28 14:26:30.966 +07:00 [INF] Executed action BlogApp.Controllers.BlogController.GetTop5Blogs (BlogApp) in 937.6381ms
2026-06-28 14:26:30.966 +07:00 [INF] Executed endpoint 'BlogApp.Controllers.BlogController.Get5LatestBlogs (BlogApp)'
2026-06-28 14:26:30.966 +07:00 [INF] Executed endpoint 'BlogApp.Controllers.BlogController.GetTop5Blogs (BlogApp)'
2026-06-28 14:26:30.966 +07:00 [INF] HTTP GET /api/blog/fivelatest responded 200 in 1030.1294 ms
2026-06-28 14:26:30.966 +07:00 [INF] HTTP GET /api/blog/topfive responded 200 in 1030.1919 ms
2026-06-28 14:26:30.966 +07:00 [INF] Request finished HTTP/1.1 GET http://localhost:5059/api/blog/fivelatest - 200 null application/json; charset=utf-8 1033.5511ms
2026-06-28 14:26:30.967 +07:00 [INF] Request finished HTTP/1.1 GET http://localhost:5059/api/blog/topfive - 200 null application/json; charset=utf-8 1033.647ms
2026-06-28 14:26:30.967 +07:00 [INF] Request starting HTTP/1.1 GET http://localhost:5059/api/blog/topfive - null null
2026-06-28 14:26:30.967 +07:00 [INF] Request starting HTTP/1.1 GET http://localhost:5059/api/blog/fivelatest - null null
2026-06-28 14:26:30.968 +07:00 [INF] CORS policy execution successful.
2026-06-28 14:26:30.968 +07:00 [INF] CORS policy execution successful.
2026-06-28 14:26:30.968 +07:00 [INF] Executing endpoint 'BlogApp.Controllers.BlogController.Get5LatestBlogs (BlogApp)'
2026-06-28 14:26:30.968 +07:00 [INF] Executing endpoint 'BlogApp.Controllers.BlogController.GetTop5Blogs (BlogApp)'
2026-06-28 14:26:30.968 +07:00 [INF] Route matched with {action = "Get5LatestBlogs", controller = "Blog"}. Executing controller action with signature Microsoft.AspNetCore.Mvc.ActionResult Get5LatestBlogs() on controller BlogApp.Controllers.BlogController (BlogApp).
2026-06-28 14:26:30.968 +07:00 [INF] Route matched with {action = "GetTop5Blogs", controller = "Blog"}. Executing controller action with signature Microsoft.AspNetCore.Mvc.ActionResult GetTop5Blogs() on controller BlogApp.Controllers.BlogController (BlogApp).
2026-06-28 14:26:30.973 +07:00 [INF] Executed DbCommand (1ms) [Parameters=[], CommandType='"Text"', CommandTimeout='30']
SELECT b."Id", b."AmountOfAccesses", b."AuthorId", b."Content", b."CoverImage", b."CreatedAt", b."PublishedAt", b."State", b."Tags", b."Title", b."UpdatedAt"
FROM "Blogs" AS b
ORDER BY b."CreatedAt" DESC
2026-06-28 14:26:30.973 +07:00 [INF] Executed DbCommand (1ms) [Parameters=[], CommandType='"Text"', CommandTimeout='30']
SELECT b."Id", b."AmountOfAccesses", b."AuthorId", b."Content", b."CoverImage", b."CreatedAt", b."PublishedAt", b."State", b."Tags", b."Title", b."UpdatedAt"
FROM "Blogs" AS b
ORDER BY b."CreatedAt" DESC
2026-06-28 14:26:30.973 +07:00 [INF] Executing OkObjectResult, writing value of type 'BlogApp.DTOs.BlogListRespDTO'.
2026-06-28 14:26:30.973 +07:00 [INF] Executing OkObjectResult, writing value of type 'BlogApp.DTOs.BlogListRespDTO'.
2026-06-28 14:26:30.973 +07:00 [INF] Executed action BlogApp.Controllers.BlogController.Get5LatestBlogs (BlogApp) in 5.0077ms
2026-06-28 14:26:30.974 +07:00 [INF] Executed endpoint 'BlogApp.Controllers.BlogController.Get5LatestBlogs (BlogApp)'
2026-06-28 14:26:30.974 +07:00 [INF] Executed action BlogApp.Controllers.BlogController.GetTop5Blogs (BlogApp) in 5.169ms
2026-06-28 14:26:30.974 +07:00 [INF] HTTP GET /api/blog/fivelatest responded 200 in 5.7845 ms
2026-06-28 14:26:30.974 +07:00 [INF] Executed endpoint 'BlogApp.Controllers.BlogController.GetTop5Blogs (BlogApp)'
2026-06-28 14:26:30.974 +07:00 [INF] Request finished HTTP/1.1 GET http://localhost:5059/api/blog/fivelatest - 200 null application/json; charset=utf-8 6.5654ms
2026-06-28 14:26:30.974 +07:00 [INF] HTTP GET /api/blog/topfive responded 200 in 6.2144 ms
2026-06-28 14:26:30.974 +07:00 [INF] Request finished HTTP/1.1 GET http://localhost:5059/api/blog/topfive - 200 null application/json; charset=utf-8 6.9835ms
2026-06-28 14:26:33.262 +07:00 [INF] Request starting HTTP/1.1 POST http://localhost:5059/api/blog/search - multipart/form-data; boundary=----WebKitFormBoundaryudgHU7Jka7h1Qdq6 528
2026-06-28 14:26:33.262 +07:00 [INF] CORS policy execution successful.
2026-06-28 14:26:33.263 +07:00 [INF] Executing endpoint 'BlogApp.Controllers.BlogController.SearchBlogs (BlogApp)'
2026-06-28 14:26:33.263 +07:00 [INF] Route matched with {action = "SearchBlogs", controller = "Blog"}. Executing controller action with signature Microsoft.AspNetCore.Mvc.ActionResult SearchBlogs(BlogApp.DTOs.SearchBlogReqDTO) on controller BlogApp.Controllers.BlogController (BlogApp).
2026-06-28 14:26:33.268 +07:00 [INF] Executing BadRequestObjectResult, writing value of type 'Microsoft.AspNetCore.Mvc.ValidationProblemDetails'.
2026-06-28 14:26:33.269 +07:00 [INF] Executed action BlogApp.Controllers.BlogController.SearchBlogs (BlogApp) in 5.4116ms
2026-06-28 14:26:33.269 +07:00 [INF] Executed endpoint 'BlogApp.Controllers.BlogController.SearchBlogs (BlogApp)'
2026-06-28 14:26:33.269 +07:00 [INF] HTTP POST /api/blog/search responded 400 in 6.5813 ms
2026-06-28 14:26:33.269 +07:00 [INF] Request finished HTTP/1.1 POST http://localhost:5059/api/blog/search - 400 null application/problem+json; charset=utf-8 7.6929ms
2026-06-28 14:27:12.482 +07:00 [INF] Request starting HTTP/1.1 OPTIONS http://localhost:5059/api/blog/search - null null
2026-06-28 14:27:12.482 +07:00 [INF] CORS policy execution successful.
2026-06-28 14:27:12.483 +07:00 [INF] Request finished HTTP/1.1 OPTIONS http://localhost:5059/api/blog/search - 204 null null 0.5806ms
2026-06-28 14:27:12.483 +07:00 [INF] Request starting HTTP/1.1 POST http://localhost:5059/api/blog/search - text/plain;charset=UTF-8 74
2026-06-28 14:27:12.484 +07:00 [INF] CORS policy execution successful.
2026-06-28 14:27:12.484 +07:00 [INF] Executing endpoint 'BlogApp.Controllers.BlogController.SearchBlogs (BlogApp)'
2026-06-28 14:27:12.484 +07:00 [INF] Route matched with {action = "SearchBlogs", controller = "Blog"}. Executing controller action with signature Microsoft.AspNetCore.Mvc.ActionResult SearchBlogs(BlogApp.DTOs.SearchBlogReqDTO) on controller BlogApp.Controllers.BlogController (BlogApp).
2026-06-28 14:27:12.485 +07:00 [INF] Executing BadRequestObjectResult, writing value of type 'Microsoft.AspNetCore.Mvc.ValidationProblemDetails'.
2026-06-28 14:27:12.485 +07:00 [INF] Executed action BlogApp.Controllers.BlogController.SearchBlogs (BlogApp) in 0.9207ms
2026-06-28 14:27:12.485 +07:00 [INF] Executed endpoint 'BlogApp.Controllers.BlogController.SearchBlogs (BlogApp)'
2026-06-28 14:27:12.485 +07:00 [INF] HTTP POST /api/blog/search responded 400 in 1.6055 ms
2026-06-28 14:27:12.485 +07:00 [INF] Request finished HTTP/1.1 POST http://localhost:5059/api/blog/search - 400 null application/problem+json; charset=utf-8 2.0402ms
2026-06-28 14:27:16.638 +07:00 [INF] Request starting HTTP/1.1 POST http://localhost:5059/api/blog/search - text/plain;charset=UTF-8 74
2026-06-28 14:27:16.639 +07:00 [INF] CORS policy execution successful.
2026-06-28 14:27:16.639 +07:00 [INF] Executing endpoint 'BlogApp.Controllers.BlogController.SearchBlogs (BlogApp)'
2026-06-28 14:27:16.640 +07:00 [INF] Route matched with {action = "SearchBlogs", controller = "Blog"}. Executing controller action with signature Microsoft.AspNetCore.Mvc.ActionResult SearchBlogs(BlogApp.DTOs.SearchBlogReqDTO) on controller BlogApp.Controllers.BlogController (BlogApp).
2026-06-28 14:27:16.641 +07:00 [INF] Executing BadRequestObjectResult, writing value of type 'Microsoft.AspNetCore.Mvc.ValidationProblemDetails'.
2026-06-28 14:27:16.641 +07:00 [INF] Executed action BlogApp.Controllers.BlogController.SearchBlogs (BlogApp) in 1.0398ms
2026-06-28 14:27:16.641 +07:00 [INF] Executed endpoint 'BlogApp.Controllers.BlogController.SearchBlogs (BlogApp)'
2026-06-28 14:27:16.641 +07:00 [INF] HTTP POST /api/blog/search responded 400 in 2.0843 ms
2026-06-28 14:27:16.641 +07:00 [INF] Request finished HTTP/1.1 POST http://localhost:5059/api/blog/search - 400 null application/problem+json; charset=utf-8 2.9522ms
2026-06-28 14:27:18.693 +07:00 [INF] Request starting HTTP/1.1 OPTIONS http://localhost:5059/api/blog/search - null null
2026-06-28 14:27:18.693 +07:00 [INF] CORS policy execution successful.
2026-06-28 14:27:18.693 +07:00 [INF] Request finished HTTP/1.1 OPTIONS http://localhost:5059/api/blog/search - 204 null null 0.5367ms
2026-06-28 14:27:18.694 +07:00 [INF] Request starting HTTP/1.1 POST http://localhost:5059/api/blog/search - text/plain;charset=UTF-8 74
2026-06-28 14:27:18.694 +07:00 [INF] CORS policy execution successful.
2026-06-28 14:27:18.695 +07:00 [INF] Executing endpoint 'BlogApp.Controllers.BlogController.SearchBlogs (BlogApp)'
2026-06-28 14:27:18.695 +07:00 [INF] Route matched with {action = "SearchBlogs", controller = "Blog"}. Executing controller action with signature Microsoft.AspNetCore.Mvc.ActionResult SearchBlogs(BlogApp.DTOs.SearchBlogReqDTO) on controller BlogApp.Controllers.BlogController (BlogApp).
2026-06-28 14:27:18.695 +07:00 [INF] Executing BadRequestObjectResult, writing value of type 'Microsoft.AspNetCore.Mvc.ValidationProblemDetails'.
2026-06-28 14:27:18.696 +07:00 [INF] Executed action BlogApp.Controllers.BlogController.SearchBlogs (BlogApp) in 0.7102ms
2026-06-28 14:27:18.696 +07:00 [INF] Executed endpoint 'BlogApp.Controllers.BlogController.SearchBlogs (BlogApp)'
2026-06-28 14:27:18.696 +07:00 [INF] HTTP POST /api/blog/search responded 400 in 1.3214 ms
2026-06-28 14:27:18.696 +07:00 [INF] Request finished HTTP/1.1 POST http://localhost:5059/api/blog/search - 400 null application/problem+json; charset=utf-8 1.6992ms
2026-06-28 14:27:20.187 +07:00 [INF] Request starting HTTP/1.1 POST http://localhost:5059/api/blog/search - text/plain;charset=UTF-8 74
2026-06-28 14:27:20.188 +07:00 [INF] CORS policy execution successful.
2026-06-28 14:27:20.188 +07:00 [INF] Executing endpoint 'BlogApp.Controllers.BlogController.SearchBlogs (BlogApp)'
2026-06-28 14:27:20.188 +07:00 [INF] Route matched with {action = "SearchBlogs", controller = "Blog"}. Executing controller action with signature Microsoft.AspNetCore.Mvc.ActionResult SearchBlogs(BlogApp.DTOs.SearchBlogReqDTO) on controller BlogApp.Controllers.BlogController (BlogApp).
2026-06-28 14:27:20.189 +07:00 [INF] Executing BadRequestObjectResult, writing value of type 'Microsoft.AspNetCore.Mvc.ValidationProblemDetails'.
2026-06-28 14:27:20.189 +07:00 [INF] Executed action BlogApp.Controllers.BlogController.SearchBlogs (BlogApp) in 0.8044ms
2026-06-28 14:27:20.189 +07:00 [INF] Executed endpoint 'BlogApp.Controllers.BlogController.SearchBlogs (BlogApp)'
2026-06-28 14:27:20.189 +07:00 [INF] HTTP POST /api/blog/search responded 400 in 1.4618 ms
2026-06-28 14:27:20.190 +07:00 [INF] Request finished HTTP/1.1 POST http://localhost:5059/api/blog/search - 400 null application/problem+json; charset=utf-8 2.0136ms
2026-06-28 14:27:43.101 +07:00 [INF] User profile is available. Using '/home/kieudangkimbao2000/.aspnet/DataProtection-Keys' as key repository; keys will not be encrypted at rest.
2026-06-28 14:27:43.298 +07:00 [WRN] The ASP.NET Core developer certificate is not trusted. For information about trusting the ASP.NET Core developer certificate, see https://aka.ms/aspnet/https-trust-dev-cert
2026-06-28 14:27:43.311 +07:00 [INF] Now listening on: https://localhost:7065
2026-06-28 14:27:43.312 +07:00 [INF] Now listening on: http://localhost:5059
2026-06-28 14:27:43.313 +07:00 [INF] Application started. Press Ctrl+C to shut down.
2026-06-28 14:27:43.313 +07:00 [INF] Hosting environment: Development
2026-06-28 14:27:43.313 +07:00 [INF] Content root path: /home/kieudangkimbao2000/WorkSpace/BlogApp/backend
2026-06-28 14:27:47.801 +07:00 [INF] Request starting HTTP/1.1 OPTIONS http://localhost:5059/api/blog/search - null null
2026-06-28 14:27:47.824 +07:00 [INF] CORS policy execution successful.
2026-06-28 14:27:47.828 +07:00 [INF] Request finished HTTP/1.1 OPTIONS http://localhost:5059/api/blog/search - 204 null null 28.7373ms
2026-06-28 14:27:47.831 +07:00 [INF] Request starting HTTP/1.1 POST http://localhost:5059/api/blog/search - text/plain;charset=UTF-8 74
2026-06-28 14:27:47.834 +07:00 [INF] CORS policy execution successful.
2026-06-28 14:27:47.898 +07:00 [INF] Executing endpoint 'BlogApp.Controllers.BlogController.SearchBlogs (BlogApp)'
2026-06-28 14:27:47.910 +07:00 [INF] Route matched with {action = "SearchBlogs", controller = "Blog"}. Executing controller action with signature Microsoft.AspNetCore.Mvc.ActionResult SearchBlogs(BlogApp.DTOs.SearchBlogReqDTO) on controller BlogApp.Controllers.BlogController (BlogApp).
2026-06-28 14:27:48.013 +07:00 [INF] Executing ObjectResult, writing value of type 'Microsoft.AspNetCore.Mvc.ProblemDetails'.
2026-06-28 14:27:48.040 +07:00 [INF] Executed action BlogApp.Controllers.BlogController.SearchBlogs (BlogApp) in 126.9192ms
2026-06-28 14:27:48.040 +07:00 [INF] Executed endpoint 'BlogApp.Controllers.BlogController.SearchBlogs (BlogApp)'
2026-06-28 14:27:48.042 +07:00 [INF] HTTP POST /api/blog/search responded 415 in 205.9250 ms
2026-06-28 14:27:48.044 +07:00 [INF] Request finished HTTP/1.1 POST http://localhost:5059/api/blog/search - 415 null application/problem+json; charset=utf-8 213.0558ms
2026-06-28 14:28:35.916 +07:00 [INF] Request starting HTTP/1.1 OPTIONS http://localhost:5059/api/blog/search - null null
2026-06-28 14:28:35.918 +07:00 [INF] CORS policy execution successful.
2026-06-28 14:28:35.918 +07:00 [INF] Request finished HTTP/1.1 OPTIONS http://localhost:5059/api/blog/search - 204 null null 1.9092ms
2026-06-28 14:28:35.916 +07:00 [INF] Request starting HTTP/1.1 OPTIONS http://localhost:5059/api/authen/check-valid-token - null null
2026-06-28 14:28:35.919 +07:00 [INF] Request starting HTTP/1.1 OPTIONS http://localhost:5059/api/tags/topfive - null null
2026-06-28 14:28:35.920 +07:00 [INF] Request starting HTTP/1.1 OPTIONS http://localhost:5059/api/blog/fivelatest - null null
2026-06-28 14:28:35.920 +07:00 [INF] Request starting HTTP/1.1 OPTIONS http://localhost:5059/api/blog/topfive - null null
2026-06-28 14:28:35.920 +07:00 [INF] CORS policy execution successful.
2026-06-28 14:28:35.920 +07:00 [INF] CORS policy execution successful.
2026-06-28 14:28:35.921 +07:00 [INF] Request finished HTTP/1.1 OPTIONS http://localhost:5059/api/blog/fivelatest - 204 null null 1.8012ms
2026-06-28 14:28:35.921 +07:00 [INF] CORS policy execution successful.
2026-06-28 14:28:35.921 +07:00 [INF] Request starting HTTP/1.1 POST http://localhost:5059/api/blog/search - text/plain;charset=UTF-8 74
2026-06-28 14:28:35.921 +07:00 [INF] Request finished HTTP/1.1 OPTIONS http://localhost:5059/api/blog/topfive - 204 null null 1.2535ms
2026-06-28 14:28:35.921 +07:00 [INF] Request starting HTTP/1.1 OPTIONS http://localhost:5059/api/blog/search - null null
2026-06-28 14:28:35.922 +07:00 [INF] CORS policy execution successful.
2026-06-28 14:28:35.923 +07:00 [INF] CORS policy execution successful.
2026-06-28 14:28:35.922 +07:00 [INF] Request finished HTTP/1.1 OPTIONS http://localhost:5059/api/tags/topfive - 204 null null 2.6269ms
2026-06-28 14:28:35.923 +07:00 [INF] CORS policy execution successful.
2026-06-28 14:28:35.923 +07:00 [INF] Request finished HTTP/1.1 OPTIONS http://localhost:5059/api/authen/check-valid-token - 204 null null 6.4848ms
2026-06-28 14:28:35.923 +07:00 [INF] Request finished HTTP/1.1 OPTIONS http://localhost:5059/api/blog/search - 204 null null 1.803ms
2026-06-28 14:28:35.924 +07:00 [INF] Request starting HTTP/1.1 OPTIONS http://localhost:5059/api/authen/check-valid-token - null null
2026-06-28 14:28:35.924 +07:00 [INF] Request starting HTTP/1.1 OPTIONS http://localhost:5059/api/tags/topfive - null null
2026-06-28 14:28:35.924 +07:00 [INF] Request starting HTTP/1.1 OPTIONS http://localhost:5059/api/blog/fivelatest - null null
2026-06-28 14:28:35.924 +07:00 [INF] Request starting HTTP/1.1 OPTIONS http://localhost:5059/api/blog/topfive - null null
2026-06-28 14:28:35.925 +07:00 [INF] Request starting HTTP/1.1 GET http://localhost:5059/api/blog/topfive - null null
2026-06-28 14:28:35.925 +07:00 [INF] CORS policy execution successful.
2026-06-28 14:28:35.925 +07:00 [INF] CORS policy execution successful.
2026-06-28 14:28:35.946 +07:00 [INF] CORS policy execution successful.
2026-06-28 14:28:35.946 +07:00 [INF] CORS policy execution successful.
2026-06-28 14:28:35.946 +07:00 [INF] Request finished HTTP/1.1 OPTIONS http://localhost:5059/api/blog/fivelatest - 204 null null 21.5208ms
2026-06-28 14:28:35.946 +07:00 [INF] CORS policy execution successful.
2026-06-28 14:28:35.946 +07:00 [INF] Request finished HTTP/1.1 OPTIONS http://localhost:5059/api/tags/topfive - 204 null null 21.5533ms
2026-06-28 14:28:35.946 +07:00 [INF] Request finished HTTP/1.1 OPTIONS http://localhost:5059/api/authen/check-valid-token - 204 null null 22.0029ms
2026-06-28 14:28:35.946 +07:00 [INF] Request finished HTTP/1.1 OPTIONS http://localhost:5059/api/blog/topfive - 204 null null 21.5394ms
2026-06-28 14:28:35.947 +07:00 [INF] Executing endpoint 'BlogApp.Controllers.BlogController.SearchBlogs (BlogApp)'
2026-06-28 14:28:35.947 +07:00 [INF] Executing endpoint 'BlogApp.Controllers.BlogController.GetTop5Blogs (BlogApp)'
2026-06-28 14:28:35.948 +07:00 [INF] Route matched with {action = "SearchBlogs", controller = "Blog"}. Executing controller action with signature Microsoft.AspNetCore.Mvc.ActionResult SearchBlogs(BlogApp.DTOs.SearchBlogReqDTO) on controller BlogApp.Controllers.BlogController (BlogApp).
2026-06-28 14:28:35.949 +07:00 [INF] Route matched with {action = "GetTop5Blogs", controller = "Blog"}. Executing controller action with signature Microsoft.AspNetCore.Mvc.ActionResult GetTop5Blogs() on controller BlogApp.Controllers.BlogController (BlogApp).
2026-06-28 14:28:35.949 +07:00 [INF] Request starting HTTP/1.1 GET http://localhost:5059/api/blog/fivelatest - null null
2026-06-28 14:28:35.949 +07:00 [INF] Request starting HTTP/1.1 GET http://localhost:5059/api/authen/check-valid-token - null null
2026-06-28 14:28:35.949 +07:00 [INF] Request starting HTTP/1.1 POST http://localhost:5059/api/blog/search - text/plain;charset=UTF-8 74
2026-06-28 14:28:35.949 +07:00 [INF] Request starting HTTP/1.1 GET http://localhost:5059/api/tags/topfive - null null
2026-06-28 14:28:35.949 +07:00 [INF] CORS policy execution successful.
2026-06-28 14:28:35.949 +07:00 [INF] CORS policy execution successful.
2026-06-28 14:28:35.949 +07:00 [INF] CORS policy execution successful.
2026-06-28 14:28:35.949 +07:00 [INF] CORS policy execution successful.
2026-06-28 14:28:35.953 +07:00 [INF] Executing endpoint 'BlogApp.Controllers.BlogController.Get5LatestBlogs (BlogApp)'
2026-06-28 14:28:35.953 +07:00 [INF] Executing endpoint 'BlogApp.Controllers.TagController.GetTop5Tags (BlogApp)'
2026-06-28 14:28:35.953 +07:00 [INF] Executing endpoint 'BlogApp.Controllers.BlogController.SearchBlogs (BlogApp)'
2026-06-28 14:28:35.954 +07:00 [INF] Route matched with {action = "SearchBlogs", controller = "Blog"}. Executing controller action with signature Microsoft.AspNetCore.Mvc.ActionResult SearchBlogs(BlogApp.DTOs.SearchBlogReqDTO) on controller BlogApp.Controllers.BlogController (BlogApp).
2026-06-28 14:28:35.955 +07:00 [INF] Route matched with {action = "GetTop5Tags", controller = "Tag"}. Executing controller action with signature Microsoft.AspNetCore.Mvc.ActionResult GetTop5Tags() on controller BlogApp.Controllers.TagController (BlogApp).
2026-06-28 14:28:35.955 +07:00 [INF] Route matched with {action = "Get5LatestBlogs", controller = "Blog"}. Executing controller action with signature Microsoft.AspNetCore.Mvc.ActionResult Get5LatestBlogs() on controller BlogApp.Controllers.BlogController (BlogApp).
2026-06-28 14:28:35.957 +07:00 [INF] Executing endpoint 'BlogApp.Controllers.AuthenController.CheckValidToken (BlogApp)'
2026-06-28 14:28:35.959 +07:00 [INF] Route matched with {action = "CheckValidToken", controller = "Authen"}. Executing controller action with signature Microsoft.AspNetCore.Mvc.ActionResult`1[BlogApp.DTOs.ResponseBaseDTO] CheckValidToken() on controller BlogApp.Controllers.AuthenController (BlogApp).
2026-06-28 14:28:35.959 +07:00 [INF] Executing ObjectResult, writing value of type 'Microsoft.AspNetCore.Mvc.ProblemDetails'.
2026-06-28 14:28:35.959 +07:00 [INF] Executing ObjectResult, writing value of type 'Microsoft.AspNetCore.Mvc.ProblemDetails'.
2026-06-28 14:28:35.961 +07:00 [INF] Executed action BlogApp.Controllers.BlogController.SearchBlogs (BlogApp) in 6.4657ms
2026-06-28 14:28:35.961 +07:00 [INF] Executed action BlogApp.Controllers.BlogController.SearchBlogs (BlogApp) in 12.5164ms
2026-06-28 14:28:35.961 +07:00 [INF] Executed endpoint 'BlogApp.Controllers.BlogController.SearchBlogs (BlogApp)'
2026-06-28 14:28:35.961 +07:00 [INF] Executed endpoint 'BlogApp.Controllers.BlogController.SearchBlogs (BlogApp)'
2026-06-28 14:28:35.961 +07:00 [INF] HTTP POST /api/blog/search responded 415 in 11.2431 ms
2026-06-28 14:28:35.961 +07:00 [INF] HTTP POST /api/blog/search responded 415 in 37.7345 ms
2026-06-28 14:28:35.961 +07:00 [INF] Request finished HTTP/1.1 POST http://localhost:5059/api/blog/search - 415 null application/problem+json; charset=utf-8 12.1303ms
2026-06-28 14:28:35.961 +07:00 [INF] Request finished HTTP/1.1 POST http://localhost:5059/api/blog/search - 415 null application/problem+json; charset=utf-8 40.1681ms
2026-06-28 14:28:35.962 +07:00 [INF] Executing OkObjectResult, writing value of type 'BlogApp.DTOs.ResponseBaseDTO'.
2026-06-28 14:28:35.970 +07:00 [INF] Executed action BlogApp.Controllers.AuthenController.CheckValidToken (BlogApp) in 9.6074ms
2026-06-28 14:28:35.970 +07:00 [INF] Executed endpoint 'BlogApp.Controllers.AuthenController.CheckValidToken (BlogApp)'
2026-06-28 14:28:35.970 +07:00 [INF] HTTP GET /api/authen/check-valid-token responded 200 in 20.4299 ms
2026-06-28 14:28:35.970 +07:00 [INF] Request finished HTTP/1.1 GET http://localhost:5059/api/authen/check-valid-token - 200 null application/json; charset=utf-8 21.5453ms
2026-06-28 14:28:35.971 +07:00 [INF] Request starting HTTP/1.1 GET http://localhost:5059/api/authen/check-valid-token - null null
2026-06-28 14:28:35.971 +07:00 [INF] CORS policy execution successful.
2026-06-28 14:28:35.972 +07:00 [INF] Executing endpoint 'BlogApp.Controllers.AuthenController.CheckValidToken (BlogApp)'
2026-06-28 14:28:35.972 +07:00 [INF] Route matched with {action = "CheckValidToken", controller = "Authen"}. Executing controller action with signature Microsoft.AspNetCore.Mvc.ActionResult`1[BlogApp.DTOs.ResponseBaseDTO] CheckValidToken() on controller BlogApp.Controllers.AuthenController (BlogApp).
2026-06-28 14:28:35.973 +07:00 [INF] Executing OkObjectResult, writing value of type 'BlogApp.DTOs.ResponseBaseDTO'.
2026-06-28 14:28:35.973 +07:00 [INF] Executed action BlogApp.Controllers.AuthenController.CheckValidToken (BlogApp) in 0.8549ms
2026-06-28 14:28:35.973 +07:00 [INF] Executed endpoint 'BlogApp.Controllers.AuthenController.CheckValidToken (BlogApp)'
2026-06-28 14:28:35.973 +07:00 [INF] HTTP GET /api/authen/check-valid-token responded 200 in 2.1678 ms
2026-06-28 14:28:35.974 +07:00 [INF] Request finished HTTP/1.1 GET http://localhost:5059/api/authen/check-valid-token - 200 null application/json; charset=utf-8 2.8874ms
2026-06-28 14:28:36.669 +07:00 [INF] Executed DbCommand (15ms) [Parameters=[], CommandType='"Text"', CommandTimeout='30']
SELECT b."Id", b."AmountOfAccesses", b."AuthorId", b."Content", b."CoverImage", b."CreatedAt", b."PublishedAt", b."State", b."Tags", b."Title", b."UpdatedAt"
FROM "Blogs" AS b
ORDER BY b."CreatedAt" DESC
2026-06-28 14:28:36.669 +07:00 [INF] Executed DbCommand (15ms) [Parameters=[], CommandType='"Text"', CommandTimeout='30']

            SELECT tag AS Name, COUNT(*) AS blog_count
            FROM "Blogs", UNNEST("Tags") AS tag
            GROUP BY tag
            ORDER BY blog_count DESC
            LIMIT 5
2026-06-28 14:28:36.669 +07:00 [INF] Executed DbCommand (15ms) [Parameters=[], CommandType='"Text"', CommandTimeout='30']
SELECT b."Id", b."AmountOfAccesses", b."AuthorId", b."Content", b."CoverImage", b."CreatedAt", b."PublishedAt", b."State", b."Tags", b."Title", b."UpdatedAt"
FROM "Blogs" AS b
ORDER BY b."CreatedAt" DESC
2026-06-28 14:28:36.712 +07:00 [INF] Executing OkObjectResult, writing value of type 'BlogApp.DTOs.TagListRespDTO'.
2026-06-28 14:28:36.719 +07:00 [INF] Executed action BlogApp.Controllers.TagController.GetTop5Tags (BlogApp) in 764.071ms
2026-06-28 14:28:36.719 +07:00 [INF] Executed endpoint 'BlogApp.Controllers.TagController.GetTop5Tags (BlogApp)'
2026-06-28 14:28:36.720 +07:00 [INF] HTTP GET /api/tags/topfive responded 200 in 769.8183 ms
2026-06-28 14:28:36.724 +07:00 [INF] Request finished HTTP/1.1 GET http://localhost:5059/api/tags/topfive - 200 null application/json; charset=utf-8 775.5395ms
2026-06-28 14:28:36.725 +07:00 [INF] Request starting HTTP/1.1 GET http://localhost:5059/api/tags/topfive - null null
2026-06-28 14:28:36.725 +07:00 [INF] CORS policy execution successful.
2026-06-28 14:28:36.726 +07:00 [INF] Executing endpoint 'BlogApp.Controllers.TagController.GetTop5Tags (BlogApp)'
2026-06-28 14:28:36.726 +07:00 [INF] Route matched with {action = "GetTop5Tags", controller = "Tag"}. Executing controller action with signature Microsoft.AspNetCore.Mvc.ActionResult GetTop5Tags() on controller BlogApp.Controllers.TagController (BlogApp).
2026-06-28 14:28:36.778 +07:00 [INF] Executed DbCommand (1ms) [Parameters=[], CommandType='"Text"', CommandTimeout='30']

            SELECT tag AS Name, COUNT(*) AS blog_count
            FROM "Blogs", UNNEST("Tags") AS tag
            GROUP BY tag
            ORDER BY blog_count DESC
            LIMIT 5
2026-06-28 14:28:36.778 +07:00 [INF] Executing OkObjectResult, writing value of type 'BlogApp.DTOs.TagListRespDTO'.
2026-06-28 14:28:36.779 +07:00 [INF] Executed action BlogApp.Controllers.TagController.GetTop5Tags (BlogApp) in 52.7865ms
2026-06-28 14:28:36.779 +07:00 [INF] Executed endpoint 'BlogApp.Controllers.TagController.GetTop5Tags (BlogApp)'
2026-06-28 14:28:36.779 +07:00 [INF] HTTP GET /api/tags/topfive responded 200 in 53.5985 ms
2026-06-28 14:28:36.779 +07:00 [INF] Request finished HTTP/1.1 GET http://localhost:5059/api/tags/topfive - 200 null application/json; charset=utf-8 54.2286ms
2026-06-28 14:28:36.811 +07:00 [INF] Executing OkObjectResult, writing value of type 'BlogApp.DTOs.BlogListRespDTO'.
2026-06-28 14:28:36.811 +07:00 [INF] Executing OkObjectResult, writing value of type 'BlogApp.DTOs.BlogListRespDTO'.
2026-06-28 14:28:36.819 +07:00 [INF] Executed action BlogApp.Controllers.BlogController.GetTop5Blogs (BlogApp) in 869.8167ms
2026-06-28 14:28:36.819 +07:00 [INF] Executed action BlogApp.Controllers.BlogController.Get5LatestBlogs (BlogApp) in 863.6995ms
2026-06-28 14:28:36.819 +07:00 [INF] Executed endpoint 'BlogApp.Controllers.BlogController.GetTop5Blogs (BlogApp)'
2026-06-28 14:28:36.819 +07:00 [INF] Executed endpoint 'BlogApp.Controllers.BlogController.Get5LatestBlogs (BlogApp)'
2026-06-28 14:28:36.819 +07:00 [INF] HTTP GET /api/blog/topfive responded 200 in 872.9579 ms
2026-06-28 14:28:36.819 +07:00 [INF] HTTP GET /api/blog/fivelatest responded 200 in 869.7192 ms
2026-06-28 14:28:36.819 +07:00 [INF] Request finished HTTP/1.1 GET http://localhost:5059/api/blog/topfive - 200 null application/json; charset=utf-8 894.6891ms
2026-06-28 14:28:36.819 +07:00 [INF] Request finished HTTP/1.1 GET http://localhost:5059/api/blog/fivelatest - 200 null application/json; charset=utf-8 870.5453ms
2026-06-28 14:28:36.820 +07:00 [INF] Request starting HTTP/1.1 GET http://localhost:5059/api/blog/topfive - null null
2026-06-28 14:28:36.820 +07:00 [INF] Request starting HTTP/1.1 GET http://localhost:5059/api/blog/fivelatest - null null
2026-06-28 14:28:36.821 +07:00 [INF] CORS policy execution successful.
2026-06-28 14:28:36.821 +07:00 [INF] CORS policy execution successful.
2026-06-28 14:28:36.821 +07:00 [INF] Executing endpoint 'BlogApp.Controllers.BlogController.GetTop5Blogs (BlogApp)'
2026-06-28 14:28:36.821 +07:00 [INF] Executing endpoint 'BlogApp.Controllers.BlogController.Get5LatestBlogs (BlogApp)'
2026-06-28 14:28:36.821 +07:00 [INF] Route matched with {action = "GetTop5Blogs", controller = "Blog"}. Executing controller action with signature Microsoft.AspNetCore.Mvc.ActionResult GetTop5Blogs() on controller BlogApp.Controllers.BlogController (BlogApp).
2026-06-28 14:28:36.821 +07:00 [INF] Route matched with {action = "Get5LatestBlogs", controller = "Blog"}. Executing controller action with signature Microsoft.AspNetCore.Mvc.ActionResult Get5LatestBlogs() on controller BlogApp.Controllers.BlogController (BlogApp).
2026-06-28 14:28:36.826 +07:00 [INF] Executed DbCommand (1ms) [Parameters=[], CommandType='"Text"', CommandTimeout='30']
SELECT b."Id", b."AmountOfAccesses", b."AuthorId", b."Content", b."CoverImage", b."CreatedAt", b."PublishedAt", b."State", b."Tags", b."Title", b."UpdatedAt"
FROM "Blogs" AS b
ORDER BY b."CreatedAt" DESC
2026-06-28 14:28:36.826 +07:00 [INF] Executed DbCommand (1ms) [Parameters=[], CommandType='"Text"', CommandTimeout='30']
SELECT b."Id", b."AmountOfAccesses", b."AuthorId", b."Content", b."CoverImage", b."CreatedAt", b."PublishedAt", b."State", b."Tags", b."Title", b."UpdatedAt"
FROM "Blogs" AS b
ORDER BY b."CreatedAt" DESC
2026-06-28 14:28:36.826 +07:00 [INF] Executing OkObjectResult, writing value of type 'BlogApp.DTOs.BlogListRespDTO'.
2026-06-28 14:28:36.826 +07:00 [INF] Executing OkObjectResult, writing value of type 'BlogApp.DTOs.BlogListRespDTO'.
2026-06-28 14:28:36.827 +07:00 [INF] Executed action BlogApp.Controllers.BlogController.Get5LatestBlogs (BlogApp) in 5.5333ms
2026-06-28 14:28:36.827 +07:00 [INF] Executed action BlogApp.Controllers.BlogController.GetTop5Blogs (BlogApp) in 5.6107ms
2026-06-28 14:28:36.827 +07:00 [INF] Executed endpoint 'BlogApp.Controllers.BlogController.Get5LatestBlogs (BlogApp)'
2026-06-28 14:28:36.827 +07:00 [INF] Executed endpoint 'BlogApp.Controllers.BlogController.GetTop5Blogs (BlogApp)'
2026-06-28 14:28:36.827 +07:00 [INF] HTTP GET /api/blog/fivelatest responded 200 in 6.2984 ms
2026-06-28 14:28:36.827 +07:00 [INF] HTTP GET /api/blog/topfive responded 200 in 6.4390 ms
2026-06-28 14:28:36.827 +07:00 [INF] Request finished HTTP/1.1 GET http://localhost:5059/api/blog/fivelatest - 200 null application/json; charset=utf-8 6.9207ms
2026-06-28 14:28:36.827 +07:00 [INF] Request finished HTTP/1.1 GET http://localhost:5059/api/blog/topfive - 200 null application/json; charset=utf-8 7.0049ms
2026-06-28 14:28:37.405 +07:00 [INF] Request starting HTTP/1.1 POST http://localhost:5059/api/blog/search - text/plain;charset=UTF-8 74
2026-06-28 14:28:37.406 +07:00 [INF] CORS policy execution successful.
2026-06-28 14:28:37.406 +07:00 [INF] Executing endpoint 'BlogApp.Controllers.BlogController.SearchBlogs (BlogApp)'
2026-06-28 14:28:37.406 +07:00 [INF] Route matched with {action = "SearchBlogs", controller = "Blog"}. Executing controller action with signature Microsoft.AspNetCore.Mvc.ActionResult SearchBlogs(BlogApp.DTOs.SearchBlogReqDTO) on controller BlogApp.Controllers.BlogController (BlogApp).
2026-06-28 14:28:37.408 +07:00 [INF] Executing ObjectResult, writing value of type 'Microsoft.AspNetCore.Mvc.ProblemDetails'.
2026-06-28 14:28:37.408 +07:00 [INF] Executed action BlogApp.Controllers.BlogController.SearchBlogs (BlogApp) in 1.3173ms
2026-06-28 14:28:37.408 +07:00 [INF] Executed endpoint 'BlogApp.Controllers.BlogController.SearchBlogs (BlogApp)'
2026-06-28 14:28:37.408 +07:00 [INF] HTTP POST /api/blog/search responded 415 in 2.2770 ms
2026-06-28 14:28:37.408 +07:00 [INF] Request finished HTTP/1.1 POST http://localhost:5059/api/blog/search - 415 null application/problem+json; charset=utf-8 3.3759ms
2026-06-28 14:28:40.677 +07:00 [INF] Request starting HTTP/1.1 POST http://localhost:5059/api/blog/search - text/plain;charset=UTF-8 74
2026-06-28 14:28:40.678 +07:00 [INF] CORS policy execution successful.
2026-06-28 14:28:40.678 +07:00 [INF] Executing endpoint 'BlogApp.Controllers.BlogController.SearchBlogs (BlogApp)'
2026-06-28 14:28:40.678 +07:00 [INF] Route matched with {action = "SearchBlogs", controller = "Blog"}. Executing controller action with signature Microsoft.AspNetCore.Mvc.ActionResult SearchBlogs(BlogApp.DTOs.SearchBlogReqDTO) on controller BlogApp.Controllers.BlogController (BlogApp).
2026-06-28 14:28:40.679 +07:00 [INF] Executing ObjectResult, writing value of type 'Microsoft.AspNetCore.Mvc.ProblemDetails'.
2026-06-28 14:28:40.680 +07:00 [INF] Executed action BlogApp.Controllers.BlogController.SearchBlogs (BlogApp) in 1.0912ms
2026-06-28 14:28:40.680 +07:00 [INF] Executed endpoint 'BlogApp.Controllers.BlogController.SearchBlogs (BlogApp)'
2026-06-28 14:28:40.680 +07:00 [INF] HTTP POST /api/blog/search responded 415 in 2.0344 ms
2026-06-28 14:28:40.680 +07:00 [INF] Request finished HTTP/1.1 POST http://localhost:5059/api/blog/search - 415 null application/problem+json; charset=utf-8 2.8725ms
2026-06-28 14:28:42.551 +07:00 [INF] Request starting HTTP/1.1 OPTIONS http://localhost:5059/api/blog/search - null null
2026-06-28 14:28:42.552 +07:00 [INF] CORS policy execution successful.
2026-06-28 14:28:42.552 +07:00 [INF] Request finished HTTP/1.1 OPTIONS http://localhost:5059/api/blog/search - 204 null null 0.8069ms
2026-06-28 14:28:42.553 +07:00 [INF] Request starting HTTP/1.1 POST http://localhost:5059/api/blog/search - text/plain;charset=UTF-8 74
2026-06-28 14:28:42.553 +07:00 [INF] CORS policy execution successful.
2026-06-28 14:28:42.554 +07:00 [INF] Executing endpoint 'BlogApp.Controllers.BlogController.SearchBlogs (BlogApp)'
2026-06-28 14:28:42.554 +07:00 [INF] Route matched with {action = "SearchBlogs", controller = "Blog"}. Executing controller action with signature Microsoft.AspNetCore.Mvc.ActionResult SearchBlogs(BlogApp.DTOs.SearchBlogReqDTO) on controller BlogApp.Controllers.BlogController (BlogApp).
2026-06-28 14:28:42.554 +07:00 [INF] Executing ObjectResult, writing value of type 'Microsoft.AspNetCore.Mvc.ProblemDetails'.
2026-06-28 14:28:42.554 +07:00 [INF] Executed action BlogApp.Controllers.BlogController.SearchBlogs (BlogApp) in 0.545ms
2026-06-28 14:28:42.554 +07:00 [INF] Executed endpoint 'BlogApp.Controllers.BlogController.SearchBlogs (BlogApp)'
2026-06-28 14:28:42.554 +07:00 [INF] HTTP POST /api/blog/search responded 415 in 1.2060 ms
2026-06-28 14:28:42.555 +07:00 [INF] Request finished HTTP/1.1 POST http://localhost:5059/api/blog/search - 415 null application/problem+json; charset=utf-8 1.6248ms
2026-06-28 14:29:49.103 +07:00 [INF] Request starting HTTP/1.1 OPTIONS http://localhost:5059/api/blog/search - null null
2026-06-28 14:29:49.103 +07:00 [INF] CORS policy execution successful.
2026-06-28 14:29:49.104 +07:00 [INF] Request finished HTTP/1.1 OPTIONS http://localhost:5059/api/blog/search - 204 null null 0.4868ms
2026-06-28 14:29:49.104 +07:00 [INF] Request starting HTTP/1.1 POST http://localhost:5059/api/blog/search - text/plain;charset=UTF-8 74
2026-06-28 14:29:49.105 +07:00 [INF] CORS policy execution successful.
2026-06-28 14:29:49.105 +07:00 [INF] Executing endpoint 'BlogApp.Controllers.BlogController.SearchBlogs (BlogApp)'
2026-06-28 14:29:49.105 +07:00 [INF] Route matched with {action = "SearchBlogs", controller = "Blog"}. Executing controller action with signature Microsoft.AspNetCore.Mvc.ActionResult SearchBlogs(BlogApp.DTOs.SearchBlogReqDTO) on controller BlogApp.Controllers.BlogController (BlogApp).
2026-06-28 14:29:49.106 +07:00 [INF] Executing ObjectResult, writing value of type 'Microsoft.AspNetCore.Mvc.ProblemDetails'.
2026-06-28 14:29:49.106 +07:00 [INF] Executed action BlogApp.Controllers.BlogController.SearchBlogs (BlogApp) in 0.6701ms
2026-06-28 14:29:49.106 +07:00 [INF] Executed endpoint 'BlogApp.Controllers.BlogController.SearchBlogs (BlogApp)'
2026-06-28 14:29:49.106 +07:00 [INF] HTTP POST /api/blog/search responded 415 in 1.3667 ms
2026-06-28 14:29:49.106 +07:00 [INF] Request finished HTTP/1.1 POST http://localhost:5059/api/blog/search - 415 null application/problem+json; charset=utf-8 1.7237ms
2026-06-28 14:29:50.513 +07:00 [INF] Request starting HTTP/1.1 POST http://localhost:5059/api/blog/search - text/plain;charset=UTF-8 80
2026-06-28 14:29:50.513 +07:00 [INF] CORS policy execution successful.
2026-06-28 14:29:50.514 +07:00 [INF] Executing endpoint 'BlogApp.Controllers.BlogController.SearchBlogs (BlogApp)'
2026-06-28 14:29:50.514 +07:00 [INF] Route matched with {action = "SearchBlogs", controller = "Blog"}. Executing controller action with signature Microsoft.AspNetCore.Mvc.ActionResult SearchBlogs(BlogApp.DTOs.SearchBlogReqDTO) on controller BlogApp.Controllers.BlogController (BlogApp).
2026-06-28 14:29:50.514 +07:00 [INF] Executing ObjectResult, writing value of type 'Microsoft.AspNetCore.Mvc.ProblemDetails'.
2026-06-28 14:29:50.515 +07:00 [INF] Executed action BlogApp.Controllers.BlogController.SearchBlogs (BlogApp) in 0.6243ms
2026-06-28 14:29:50.515 +07:00 [INF] Executed endpoint 'BlogApp.Controllers.BlogController.SearchBlogs (BlogApp)'
2026-06-28 14:29:50.515 +07:00 [INF] HTTP POST /api/blog/search responded 415 in 1.2627 ms
2026-06-28 14:29:50.515 +07:00 [INF] Request finished HTTP/1.1 POST http://localhost:5059/api/blog/search - 415 null application/problem+json; charset=utf-8 1.6617ms
2026-06-28 14:29:50.961 +07:00 [INF] Request starting HTTP/1.1 POST http://localhost:5059/api/blog/search - text/plain;charset=UTF-8 80
2026-06-28 14:29:50.961 +07:00 [INF] CORS policy execution successful.
2026-06-28 14:29:50.961 +07:00 [INF] Executing endpoint 'BlogApp.Controllers.BlogController.SearchBlogs (BlogApp)'
2026-06-28 14:29:50.962 +07:00 [INF] Route matched with {action = "SearchBlogs", controller = "Blog"}. Executing controller action with signature Microsoft.AspNetCore.Mvc.ActionResult SearchBlogs(BlogApp.DTOs.SearchBlogReqDTO) on controller BlogApp.Controllers.BlogController (BlogApp).
2026-06-28 14:29:50.962 +07:00 [INF] Executing ObjectResult, writing value of type 'Microsoft.AspNetCore.Mvc.ProblemDetails'.
2026-06-28 14:29:50.962 +07:00 [INF] Executed action BlogApp.Controllers.BlogController.SearchBlogs (BlogApp) in 0.7287ms
2026-06-28 14:29:50.962 +07:00 [INF] Executed endpoint 'BlogApp.Controllers.BlogController.SearchBlogs (BlogApp)'
2026-06-28 14:29:50.963 +07:00 [INF] HTTP POST /api/blog/search responded 415 in 1.4335 ms
2026-06-28 14:29:50.963 +07:00 [INF] Request finished HTTP/1.1 POST http://localhost:5059/api/blog/search - 415 null application/problem+json; charset=utf-8 1.8845ms
2026-06-28 14:31:17.193 +07:00 [INF] Request starting HTTP/1.1 OPTIONS http://localhost:5059/api/blog/search - null null
2026-06-28 14:31:17.193 +07:00 [INF] CORS policy execution successful.
2026-06-28 14:31:17.194 +07:00 [INF] Request finished HTTP/1.1 OPTIONS http://localhost:5059/api/blog/search - 204 null null 0.5331ms
2026-06-28 14:31:17.195 +07:00 [INF] Request starting HTTP/1.1 POST http://localhost:5059/api/blog/search - application/json 80
2026-06-28 14:31:17.195 +07:00 [INF] CORS policy execution successful.
2026-06-28 14:31:17.195 +07:00 [INF] Executing endpoint 'BlogApp.Controllers.BlogController.SearchBlogs (BlogApp)'
2026-06-28 14:31:17.195 +07:00 [INF] Route matched with {action = "SearchBlogs", controller = "Blog"}. Executing controller action with signature Microsoft.AspNetCore.Mvc.ActionResult SearchBlogs(BlogApp.DTOs.SearchBlogReqDTO) on controller BlogApp.Controllers.BlogController (BlogApp).
2026-06-28 14:31:17.213 +07:00 [INF] Executing BadRequestObjectResult, writing value of type 'Microsoft.AspNetCore.Mvc.ValidationProblemDetails'.
2026-06-28 14:31:17.216 +07:00 [INF] Executed action BlogApp.Controllers.BlogController.SearchBlogs (BlogApp) in 20.5897ms
2026-06-28 14:31:17.216 +07:00 [INF] Executed endpoint 'BlogApp.Controllers.BlogController.SearchBlogs (BlogApp)'
2026-06-28 14:31:17.216 +07:00 [INF] HTTP POST /api/blog/search responded 400 in 21.3256 ms
2026-06-28 14:31:17.216 +07:00 [INF] Request finished HTTP/1.1 POST http://localhost:5059/api/blog/search - 400 null application/problem+json; charset=utf-8 21.7361ms
2026-06-28 14:31:17.849 +07:00 [INF] Request starting HTTP/1.1 POST http://localhost:5059/api/blog/search - application/json 80
2026-06-28 14:31:17.849 +07:00 [INF] CORS policy execution successful.
2026-06-28 14:31:17.850 +07:00 [INF] Executing endpoint 'BlogApp.Controllers.BlogController.SearchBlogs (BlogApp)'
2026-06-28 14:31:17.850 +07:00 [INF] Route matched with {action = "SearchBlogs", controller = "Blog"}. Executing controller action with signature Microsoft.AspNetCore.Mvc.ActionResult SearchBlogs(BlogApp.DTOs.SearchBlogReqDTO) on controller BlogApp.Controllers.BlogController (BlogApp).
2026-06-28 14:31:17.851 +07:00 [INF] Executing BadRequestObjectResult, writing value of type 'Microsoft.AspNetCore.Mvc.ValidationProblemDetails'.
2026-06-28 14:31:17.851 +07:00 [INF] Executed action BlogApp.Controllers.BlogController.SearchBlogs (BlogApp) in 0.925ms
2026-06-28 14:31:17.851 +07:00 [INF] Executed endpoint 'BlogApp.Controllers.BlogController.SearchBlogs (BlogApp)'
2026-06-28 14:31:17.851 +07:00 [INF] HTTP POST /api/blog/search responded 400 in 1.6986 ms
2026-06-28 14:31:17.851 +07:00 [INF] Request finished HTTP/1.1 POST http://localhost:5059/api/blog/search - 400 null application/problem+json; charset=utf-8 2.2987ms
2026-06-28 14:31:42.580 +07:00 [INF] Request starting HTTP/1.1 OPTIONS http://localhost:5059/api/blog/search - null null
2026-06-28 14:31:42.580 +07:00 [INF] CORS policy execution successful.
2026-06-28 14:31:42.580 +07:00 [INF] Request finished HTTP/1.1 OPTIONS http://localhost:5059/api/blog/search - 204 null null 0.3851ms
2026-06-28 14:31:42.582 +07:00 [INF] Request starting HTTP/1.1 POST http://localhost:5059/api/blog/search - application/json 80
2026-06-28 14:31:42.582 +07:00 [INF] CORS policy execution successful.
2026-06-28 14:31:42.582 +07:00 [INF] Executing endpoint 'BlogApp.Controllers.BlogController.SearchBlogs (BlogApp)'
2026-06-28 14:31:42.582 +07:00 [INF] Route matched with {action = "SearchBlogs", controller = "Blog"}. Executing controller action with signature Microsoft.AspNetCore.Mvc.ActionResult SearchBlogs(BlogApp.DTOs.SearchBlogReqDTO) on controller BlogApp.Controllers.BlogController (BlogApp).
2026-06-28 14:31:42.583 +07:00 [INF] Executing BadRequestObjectResult, writing value of type 'Microsoft.AspNetCore.Mvc.ValidationProblemDetails'.
2026-06-28 14:31:42.583 +07:00 [INF] Executed action BlogApp.Controllers.BlogController.SearchBlogs (BlogApp) in 0.6007ms
2026-06-28 14:31:42.583 +07:00 [INF] Executed endpoint 'BlogApp.Controllers.BlogController.SearchBlogs (BlogApp)'
2026-06-28 14:31:42.583 +07:00 [INF] HTTP POST /api/blog/search responded 400 in 1.1966 ms
2026-06-28 14:31:42.583 +07:00 [INF] Request finished HTTP/1.1 POST http://localhost:5059/api/blog/search - 400 null application/problem+json; charset=utf-8 1.489ms
2026-06-28 14:31:51.528 +07:00 [INF] User profile is available. Using '/home/kieudangkimbao2000/.aspnet/DataProtection-Keys' as key repository; keys will not be encrypted at rest.
2026-06-28 14:31:51.723 +07:00 [WRN] The ASP.NET Core developer certificate is not trusted. For information about trusting the ASP.NET Core developer certificate, see https://aka.ms/aspnet/https-trust-dev-cert
2026-06-28 14:31:51.738 +07:00 [INF] Now listening on: https://localhost:7065
2026-06-28 14:31:51.738 +07:00 [INF] Now listening on: http://localhost:5059
2026-06-28 14:31:51.739 +07:00 [INF] Application started. Press Ctrl+C to shut down.
2026-06-28 14:31:51.740 +07:00 [INF] Hosting environment: Development
2026-06-28 14:31:51.740 +07:00 [INF] Content root path: /home/kieudangkimbao2000/WorkSpace/BlogApp/backend
2026-06-28 14:31:53.243 +07:00 [INF] Request starting HTTP/1.1 OPTIONS http://localhost:5059/api/blog/search - null null
2026-06-28 14:31:53.273 +07:00 [INF] CORS policy execution successful.
2026-06-28 14:31:53.279 +07:00 [INF] Request finished HTTP/1.1 OPTIONS http://localhost:5059/api/blog/search - 204 null null 36.614ms
2026-06-28 14:31:53.281 +07:00 [INF] Request starting HTTP/1.1 POST http://localhost:5059/api/blog/search - application/json 80
2026-06-28 14:31:53.284 +07:00 [INF] CORS policy execution successful.
2026-06-28 14:31:53.353 +07:00 [INF] Executing endpoint 'BlogApp.Controllers.BlogController.SearchBlogs (BlogApp)'
2026-06-28 14:31:53.371 +07:00 [INF] Route matched with {action = "SearchBlogs", controller = "Blog"}. Executing controller action with signature Microsoft.AspNetCore.Mvc.ActionResult SearchBlogs(BlogApp.DTOs.SearchBlogReqDTO) on controller BlogApp.Controllers.BlogController (BlogApp).
2026-06-28 14:31:53.496 +07:00 [INF] Executing BadRequestObjectResult, writing value of type 'Microsoft.AspNetCore.Mvc.ValidationProblemDetails'.
2026-06-28 14:31:53.522 +07:00 [INF] Executed action BlogApp.Controllers.BlogController.SearchBlogs (BlogApp) in 146.4083ms
2026-06-28 14:31:53.522 +07:00 [INF] Executed endpoint 'BlogApp.Controllers.BlogController.SearchBlogs (BlogApp)'
2026-06-28 14:31:53.524 +07:00 [INF] HTTP POST /api/blog/search responded 400 in 237.7632 ms
2026-06-28 14:31:53.528 +07:00 [INF] Request finished HTTP/1.1 POST http://localhost:5059/api/blog/search - 400 null application/problem+json; charset=utf-8 246.1806ms
2026-06-28 14:31:54.864 +07:00 [INF] Request starting HTTP/1.1 POST http://localhost:5059/api/blog/search - application/json 80
2026-06-28 14:31:54.865 +07:00 [INF] CORS policy execution successful.
2026-06-28 14:31:54.866 +07:00 [INF] Executing endpoint 'BlogApp.Controllers.BlogController.SearchBlogs (BlogApp)'
2026-06-28 14:31:54.866 +07:00 [INF] Route matched with {action = "SearchBlogs", controller = "Blog"}. Executing controller action with signature Microsoft.AspNetCore.Mvc.ActionResult SearchBlogs(BlogApp.DTOs.SearchBlogReqDTO) on controller BlogApp.Controllers.BlogController (BlogApp).
2026-06-28 14:31:54.874 +07:00 [INF] Executing BadRequestObjectResult, writing value of type 'Microsoft.AspNetCore.Mvc.ValidationProblemDetails'.
2026-06-28 14:31:54.875 +07:00 [INF] Executed action BlogApp.Controllers.BlogController.SearchBlogs (BlogApp) in 8.1907ms
2026-06-28 14:31:54.875 +07:00 [INF] Executed endpoint 'BlogApp.Controllers.BlogController.SearchBlogs (BlogApp)'
2026-06-28 14:31:54.875 +07:00 [INF] HTTP POST /api/blog/search responded 400 in 10.2042 ms
2026-06-28 14:31:54.875 +07:00 [INF] Request finished HTTP/1.1 POST http://localhost:5059/api/blog/search - 400 null application/problem+json; charset=utf-8 11.4758ms
2026-06-28 14:31:55.559 +07:00 [INF] Request starting HTTP/1.1 POST http://localhost:5059/api/blog/search - application/json 80
2026-06-28 14:31:55.560 +07:00 [INF] CORS policy execution successful.
2026-06-28 14:31:55.563 +07:00 [INF] Executing endpoint 'BlogApp.Controllers.BlogController.SearchBlogs (BlogApp)'
2026-06-28 14:31:55.563 +07:00 [INF] Route matched with {action = "SearchBlogs", controller = "Blog"}. Executing controller action with signature Microsoft.AspNetCore.Mvc.ActionResult SearchBlogs(BlogApp.DTOs.SearchBlogReqDTO) on controller BlogApp.Controllers.BlogController (BlogApp).
2026-06-28 14:31:55.567 +07:00 [INF] Executing BadRequestObjectResult, writing value of type 'Microsoft.AspNetCore.Mvc.ValidationProblemDetails'.
2026-06-28 14:31:55.567 +07:00 [INF] Executed action BlogApp.Controllers.BlogController.SearchBlogs (BlogApp) in 4.0242ms
2026-06-28 14:31:55.567 +07:00 [INF] Executed endpoint 'BlogApp.Controllers.BlogController.SearchBlogs (BlogApp)'
2026-06-28 14:31:55.567 +07:00 [INF] HTTP POST /api/blog/search responded 400 in 7.4529 ms
2026-06-28 14:31:55.568 +07:00 [INF] Request finished HTTP/1.1 POST http://localhost:5059/api/blog/search - 400 null application/problem+json; charset=utf-8 8.3881ms
2026-06-28 14:31:56.127 +07:00 [INF] Request starting HTTP/1.1 POST http://localhost:5059/api/blog/search - application/json 80
2026-06-28 14:31:56.127 +07:00 [INF] CORS policy execution successful.
2026-06-28 14:31:56.128 +07:00 [INF] Executing endpoint 'BlogApp.Controllers.BlogController.SearchBlogs (BlogApp)'
2026-06-28 14:31:56.128 +07:00 [INF] Route matched with {action = "SearchBlogs", controller = "Blog"}. Executing controller action with signature Microsoft.AspNetCore.Mvc.ActionResult SearchBlogs(BlogApp.DTOs.SearchBlogReqDTO) on controller BlogApp.Controllers.BlogController (BlogApp).
2026-06-28 14:31:56.129 +07:00 [INF] Executing BadRequestObjectResult, writing value of type 'Microsoft.AspNetCore.Mvc.ValidationProblemDetails'.
2026-06-28 14:31:56.129 +07:00 [INF] Executed action BlogApp.Controllers.BlogController.SearchBlogs (BlogApp) in 0.9335ms
2026-06-28 14:31:56.129 +07:00 [INF] Executed endpoint 'BlogApp.Controllers.BlogController.SearchBlogs (BlogApp)'
2026-06-28 14:31:56.129 +07:00 [INF] HTTP POST /api/blog/search responded 400 in 1.9208 ms
2026-06-28 14:31:56.129 +07:00 [INF] Request finished HTTP/1.1 POST http://localhost:5059/api/blog/search - 400 null application/problem+json; charset=utf-8 2.6441ms
2026-06-28 14:31:58.270 +07:00 [INF] Request starting HTTP/1.1 POST http://localhost:5059/api/blog/search - application/json 80
2026-06-28 14:31:58.270 +07:00 [INF] CORS policy execution successful.
2026-06-28 14:31:58.271 +07:00 [INF] Executing endpoint 'BlogApp.Controllers.BlogController.SearchBlogs (BlogApp)'
2026-06-28 14:31:58.271 +07:00 [INF] Route matched with {action = "SearchBlogs", controller = "Blog"}. Executing controller action with signature Microsoft.AspNetCore.Mvc.ActionResult SearchBlogs(BlogApp.DTOs.SearchBlogReqDTO) on controller BlogApp.Controllers.BlogController (BlogApp).
2026-06-28 14:31:58.271 +07:00 [INF] Executing BadRequestObjectResult, writing value of type 'Microsoft.AspNetCore.Mvc.ValidationProblemDetails'.
2026-06-28 14:31:58.272 +07:00 [INF] Executed action BlogApp.Controllers.BlogController.SearchBlogs (BlogApp) in 0.7927ms
2026-06-28 14:31:58.272 +07:00 [INF] Executed endpoint 'BlogApp.Controllers.BlogController.SearchBlogs (BlogApp)'
2026-06-28 14:31:58.272 +07:00 [INF] HTTP POST /api/blog/search responded 400 in 1.5050 ms
2026-06-28 14:31:58.272 +07:00 [INF] Request finished HTTP/1.1 POST http://localhost:5059/api/blog/search - 400 null application/problem+json; charset=utf-8 2.1772ms
2026-06-28 14:33:11.683 +07:00 [INF] User profile is available. Using '/home/kieudangkimbao2000/.aspnet/DataProtection-Keys' as key repository; keys will not be encrypted at rest.
2026-06-28 14:33:11.887 +07:00 [WRN] The ASP.NET Core developer certificate is not trusted. For information about trusting the ASP.NET Core developer certificate, see https://aka.ms/aspnet/https-trust-dev-cert
2026-06-28 14:33:11.900 +07:00 [INF] Now listening on: https://localhost:7065
2026-06-28 14:33:11.901 +07:00 [INF] Now listening on: http://localhost:5059
2026-06-28 14:33:11.902 +07:00 [INF] Application started. Press Ctrl+C to shut down.
2026-06-28 14:33:11.902 +07:00 [INF] Hosting environment: Development
2026-06-28 14:33:11.902 +07:00 [INF] Content root path: /home/kieudangkimbao2000/WorkSpace/BlogApp/backend
2026-06-28 14:33:36.538 +07:00 [INF] Request starting HTTP/1.1 OPTIONS http://localhost:5059/api/blog/search - null null
2026-06-28 14:33:36.562 +07:00 [INF] CORS policy execution successful.
2026-06-28 14:33:36.566 +07:00 [INF] Request finished HTTP/1.1 OPTIONS http://localhost:5059/api/blog/search - 204 null null 29.3707ms
2026-06-28 14:33:36.569 +07:00 [INF] Request starting HTTP/1.1 POST http://localhost:5059/api/blog/search - application/json 80
2026-06-28 14:33:36.572 +07:00 [INF] CORS policy execution successful.
2026-06-28 14:33:36.635 +07:00 [INF] Executing endpoint 'BlogApp.Controllers.BlogController.SearchBlogs (BlogApp)'
2026-06-28 14:33:36.649 +07:00 [INF] Route matched with {action = "SearchBlogs", controller = "Blog"}. Executing controller action with signature Microsoft.AspNetCore.Mvc.ActionResult SearchBlogs(BlogApp.DTOs.SearchBlogReqDTO) on controller BlogApp.Controllers.BlogController (BlogApp).
2026-06-28 14:33:36.749 +07:00 [INF] Executing BadRequestObjectResult, writing value of type 'Microsoft.AspNetCore.Mvc.ValidationProblemDetails'.
2026-06-28 14:33:36.777 +07:00 [INF] Executed action BlogApp.Controllers.BlogController.SearchBlogs (BlogApp) in 125.6777ms
2026-06-28 14:33:36.777 +07:00 [INF] Executed endpoint 'BlogApp.Controllers.BlogController.SearchBlogs (BlogApp)'
2026-06-28 14:33:36.779 +07:00 [INF] HTTP POST /api/blog/search responded 400 in 205.1353 ms
2026-06-28 14:33:36.781 +07:00 [INF] Request finished HTTP/1.1 POST http://localhost:5059/api/blog/search - 400 null application/problem+json; charset=utf-8 211.6572ms
2026-06-28 14:33:43.480 +07:00 [INF] User profile is available. Using '/home/kieudangkimbao2000/.aspnet/DataProtection-Keys' as key repository; keys will not be encrypted at rest.
2026-06-28 14:33:43.680 +07:00 [WRN] The ASP.NET Core developer certificate is not trusted. For information about trusting the ASP.NET Core developer certificate, see https://aka.ms/aspnet/https-trust-dev-cert
2026-06-28 14:33:43.693 +07:00 [INF] Now listening on: https://localhost:7065
2026-06-28 14:33:43.693 +07:00 [INF] Now listening on: http://localhost:5059
2026-06-28 14:33:43.695 +07:00 [INF] Application started. Press Ctrl+C to shut down.
2026-06-28 14:33:43.696 +07:00 [INF] Hosting environment: Development
2026-06-28 14:33:43.696 +07:00 [INF] Content root path: /home/kieudangkimbao2000/WorkSpace/BlogApp/backend
2026-06-28 14:33:45.871 +07:00 [INF] Request starting HTTP/1.1 OPTIONS http://localhost:5059/api/blog/search - null null
2026-06-28 14:33:45.895 +07:00 [INF] CORS policy execution successful.
2026-06-28 14:33:45.900 +07:00 [INF] Request finished HTTP/1.1 OPTIONS http://localhost:5059/api/blog/search - 204 null null 30.4829ms
2026-06-28 14:33:45.903 +07:00 [INF] Request starting HTTP/1.1 POST http://localhost:5059/api/blog/search - application/json 80
2026-06-28 14:33:45.905 +07:00 [INF] CORS policy execution successful.
2026-06-28 14:33:45.969 +07:00 [INF] Executing endpoint 'BlogApp.Controllers.BlogController.SearchBlogs (BlogApp)'
2026-06-28 14:33:45.982 +07:00 [INF] Route matched with {action = "SearchBlogs", controller = "Blog"}. Executing controller action with signature Microsoft.AspNetCore.Mvc.ActionResult SearchBlogs(BlogApp.DTOs.SearchBlogReqDTO) on controller BlogApp.Controllers.BlogController (BlogApp).
2026-06-28 14:33:46.082 +07:00 [INF] Executing BadRequestObjectResult, writing value of type 'Microsoft.AspNetCore.Mvc.ValidationProblemDetails'.
2026-06-28 14:33:46.111 +07:00 [INF] Executed action BlogApp.Controllers.BlogController.SearchBlogs (BlogApp) in 125.4106ms
2026-06-28 14:33:46.112 +07:00 [INF] Executed endpoint 'BlogApp.Controllers.BlogController.SearchBlogs (BlogApp)'
2026-06-28 14:33:46.113 +07:00 [INF] HTTP POST /api/blog/search responded 400 in 205.7608 ms
2026-06-28 14:33:46.115 +07:00 [INF] Request finished HTTP/1.1 POST http://localhost:5059/api/blog/search - 400 null application/problem+json; charset=utf-8 212.3201ms
2026-06-28 14:34:08.505 +07:00 [INF] Request starting HTTP/1.1 OPTIONS http://localhost:5059/api/blog/search - null null
2026-06-28 14:34:08.505 +07:00 [INF] Request starting HTTP/1.1 OPTIONS http://localhost:5059/api/authen/check-valid-token - null null
2026-06-28 14:34:08.506 +07:00 [INF] Request starting HTTP/1.1 OPTIONS http://localhost:5059/api/tags/topfive - null null
2026-06-28 14:34:08.506 +07:00 [INF] Request starting HTTP/1.1 OPTIONS http://localhost:5059/api/blog/fivelatest - null null
2026-06-28 14:34:08.506 +07:00 [INF] CORS policy execution successful.
2026-06-28 14:34:08.506 +07:00 [INF] CORS policy execution successful.
2026-06-28 14:34:08.506 +07:00 [INF] Request starting HTTP/1.1 OPTIONS http://localhost:5059/api/blog/topfive - null null
2026-06-28 14:34:08.507 +07:00 [INF] Request finished HTTP/1.1 OPTIONS http://localhost:5059/api/blog/search - 204 null null 1.8627ms
2026-06-28 14:34:08.507 +07:00 [INF] Request finished HTTP/1.1 OPTIONS http://localhost:5059/api/blog/fivelatest - 204 null null 0.6602ms
2026-06-28 14:34:08.506 +07:00 [INF] CORS policy execution successful.
2026-06-28 14:34:08.507 +07:00 [INF] CORS policy execution successful.
2026-06-28 14:34:08.508 +07:00 [INF] Request finished HTTP/1.1 OPTIONS http://localhost:5059/api/tags/topfive - 204 null null 2.3658ms
2026-06-28 14:34:08.508 +07:00 [INF] Request finished HTTP/1.1 OPTIONS http://localhost:5059/api/blog/topfive - 204 null null 1.888ms
2026-06-28 14:34:08.509 +07:00 [INF] CORS policy execution successful.
2026-06-28 14:34:08.509 +07:00 [INF] Request finished HTTP/1.1 OPTIONS http://localhost:5059/api/authen/check-valid-token - 204 null null 3.8098ms
2026-06-28 14:34:08.509 +07:00 [INF] Request starting HTTP/1.1 POST http://localhost:5059/api/blog/search - multipart/form-data; boundary=----WebKitFormBoundaryp3lgfp9BzUs2eccy 528
2026-06-28 14:34:08.509 +07:00 [INF] CORS policy execution successful.
2026-06-28 14:34:08.511 +07:00 [INF] Executing endpoint 'BlogApp.Controllers.BlogController.SearchBlogs (BlogApp)'
2026-06-28 14:34:08.511 +07:00 [INF] Route matched with {action = "SearchBlogs", controller = "Blog"}. Executing controller action with signature Microsoft.AspNetCore.Mvc.ActionResult SearchBlogs(BlogApp.DTOs.SearchBlogReqDTO) on controller BlogApp.Controllers.BlogController (BlogApp).
2026-06-28 14:34:08.513 +07:00 [INF] Request starting HTTP/1.1 OPTIONS http://localhost:5059/api/blog/fivelatest - null null
2026-06-28 14:34:08.513 +07:00 [INF] Request starting HTTP/1.1 OPTIONS http://localhost:5059/api/blog/topfive - null null
2026-06-28 14:34:08.513 +07:00 [INF] Request starting HTTP/1.1 POST http://localhost:5059/api/blog/search - multipart/form-data; boundary=----WebKitFormBoundaryJYusZsCmaAJrsblx 528
2026-06-28 14:34:08.513 +07:00 [INF] Request starting HTTP/1.1 OPTIONS http://localhost:5059/api/authen/check-valid-token - null null
2026-06-28 14:34:08.513 +07:00 [INF] Request starting HTTP/1.1 OPTIONS http://localhost:5059/api/tags/topfive - null null
2026-06-28 14:34:08.513 +07:00 [INF] CORS policy execution successful.
2026-06-28 14:34:08.513 +07:00 [INF] CORS policy execution successful.
2026-06-28 14:34:08.514 +07:00 [INF] CORS policy execution successful.
2026-06-28 14:34:08.514 +07:00 [INF] CORS policy execution successful.
2026-06-28 14:34:08.514 +07:00 [INF] Request finished HTTP/1.1 OPTIONS http://localhost:5059/api/blog/topfive - 204 null null 1.05ms
2026-06-28 14:34:08.514 +07:00 [INF] Request finished HTTP/1.1 OPTIONS http://localhost:5059/api/blog/fivelatest - 204 null null 1.0678ms
2026-06-28 14:34:08.514 +07:00 [INF] Request finished HTTP/1.1 OPTIONS http://localhost:5059/api/tags/topfive - 204 null null 1.172ms
2026-06-28 14:34:08.515 +07:00 [INF] CORS policy execution successful.
2026-06-28 14:34:08.515 +07:00 [INF] Request finished HTTP/1.1 OPTIONS http://localhost:5059/api/authen/check-valid-token - 204 null null 2.1846ms
2026-06-28 14:34:08.515 +07:00 [INF] Request starting HTTP/1.1 GET http://localhost:5059/api/blog/fivelatest - null null
2026-06-28 14:34:08.515 +07:00 [INF] Request starting HTTP/1.1 GET http://localhost:5059/api/tags/topfive - null null
2026-06-28 14:34:08.516 +07:00 [INF] Request starting HTTP/1.1 GET http://localhost:5059/api/blog/topfive - null null
2026-06-28 14:34:08.516 +07:00 [INF] Request starting HTTP/1.1 GET http://localhost:5059/api/authen/check-valid-token - null null
2026-06-28 14:34:08.516 +07:00 [INF] CORS policy execution successful.
2026-06-28 14:34:08.516 +07:00 [INF] CORS policy execution successful.
2026-06-28 14:34:08.516 +07:00 [INF] CORS policy execution successful.
2026-06-28 14:34:08.516 +07:00 [INF] CORS policy execution successful.
2026-06-28 14:34:08.518 +07:00 [INF] Executing endpoint 'BlogApp.Controllers.BlogController.SearchBlogs (BlogApp)'
2026-06-28 14:34:08.518 +07:00 [INF] Executing endpoint 'BlogApp.Controllers.BlogController.GetTop5Blogs (BlogApp)'
2026-06-28 14:34:08.518 +07:00 [INF] Executing endpoint 'BlogApp.Controllers.TagController.GetTop5Tags (BlogApp)'
2026-06-28 14:34:08.518 +07:00 [INF] Executing endpoint 'BlogApp.Controllers.BlogController.Get5LatestBlogs (BlogApp)'
2026-06-28 14:34:08.518 +07:00 [INF] Route matched with {action = "SearchBlogs", controller = "Blog"}. Executing controller action with signature Microsoft.AspNetCore.Mvc.ActionResult SearchBlogs(BlogApp.DTOs.SearchBlogReqDTO) on controller BlogApp.Controllers.BlogController (BlogApp).
2026-06-28 14:34:08.520 +07:00 [INF] Route matched with {action = "Get5LatestBlogs", controller = "Blog"}. Executing controller action with signature Microsoft.AspNetCore.Mvc.ActionResult Get5LatestBlogs() on controller BlogApp.Controllers.BlogController (BlogApp).
2026-06-28 14:34:08.520 +07:00 [INF] Route matched with {action = "GetTop5Tags", controller = "Tag"}. Executing controller action with signature Microsoft.AspNetCore.Mvc.ActionResult GetTop5Tags() on controller BlogApp.Controllers.TagController (BlogApp).
2026-06-28 14:34:08.520 +07:00 [INF] Route matched with {action = "GetTop5Blogs", controller = "Blog"}. Executing controller action with signature Microsoft.AspNetCore.Mvc.ActionResult GetTop5Blogs() on controller BlogApp.Controllers.BlogController (BlogApp).
2026-06-28 14:34:08.521 +07:00 [INF] Executing endpoint 'BlogApp.Controllers.AuthenController.CheckValidToken (BlogApp)'
2026-06-28 14:34:08.524 +07:00 [INF] Route matched with {action = "CheckValidToken", controller = "Authen"}. Executing controller action with signature Microsoft.AspNetCore.Mvc.ActionResult`1[BlogApp.DTOs.ResponseBaseDTO] CheckValidToken() on controller BlogApp.Controllers.AuthenController (BlogApp).
2026-06-28 14:34:08.527 +07:00 [INF] Executing OkObjectResult, writing value of type 'BlogApp.DTOs.ResponseBaseDTO'.
2026-06-28 14:34:08.536 +07:00 [INF] Executed action BlogApp.Controllers.AuthenController.CheckValidToken (BlogApp) in 12.232ms
2026-06-28 14:34:08.537 +07:00 [INF] Executed endpoint 'BlogApp.Controllers.AuthenController.CheckValidToken (BlogApp)'
2026-06-28 14:34:08.537 +07:00 [INF] HTTP GET /api/authen/check-valid-token responded 200 in 20.4572 ms
2026-06-28 14:34:08.537 +07:00 [INF] Request finished HTTP/1.1 GET http://localhost:5059/api/authen/check-valid-token - 200 null application/json; charset=utf-8 21.3237ms
2026-06-28 14:34:08.538 +07:00 [INF] Request starting HTTP/1.1 GET http://localhost:5059/api/authen/check-valid-token - null null
2026-06-28 14:34:08.539 +07:00 [INF] CORS policy execution successful.
2026-06-28 14:34:08.539 +07:00 [INF] Executing endpoint 'BlogApp.Controllers.AuthenController.CheckValidToken (BlogApp)'
2026-06-28 14:34:08.539 +07:00 [INF] Route matched with {action = "CheckValidToken", controller = "Authen"}. Executing controller action with signature Microsoft.AspNetCore.Mvc.ActionResult`1[BlogApp.DTOs.ResponseBaseDTO] CheckValidToken() on controller BlogApp.Controllers.AuthenController (BlogApp).
2026-06-28 14:34:08.540 +07:00 [INF] Executing OkObjectResult, writing value of type 'BlogApp.DTOs.ResponseBaseDTO'.
2026-06-28 14:34:08.540 +07:00 [INF] Executing BadRequestObjectResult, writing value of type 'Microsoft.AspNetCore.Mvc.ValidationProblemDetails'.
2026-06-28 14:34:08.540 +07:00 [INF] Executing BadRequestObjectResult, writing value of type 'Microsoft.AspNetCore.Mvc.ValidationProblemDetails'.
2026-06-28 14:34:08.540 +07:00 [INF] Executed action BlogApp.Controllers.AuthenController.CheckValidToken (BlogApp) in 0.6604ms
2026-06-28 14:34:08.540 +07:00 [INF] Executed action BlogApp.Controllers.BlogController.SearchBlogs (BlogApp) in 21.8115ms
2026-06-28 14:34:08.540 +07:00 [INF] Executed action BlogApp.Controllers.BlogController.SearchBlogs (BlogApp) in 28.9116ms
2026-06-28 14:34:08.541 +07:00 [INF] Executed endpoint 'BlogApp.Controllers.BlogController.SearchBlogs (BlogApp)'
2026-06-28 14:34:08.541 +07:00 [INF] HTTP POST /api/blog/search responded 400 in 31.3331 ms
2026-06-28 14:34:08.541 +07:00 [INF] Request finished HTTP/1.1 POST http://localhost:5059/api/blog/search - 400 null application/problem+json; charset=utf-8 32.1138ms
2026-06-28 14:34:08.541 +07:00 [INF] Executed endpoint 'BlogApp.Controllers.BlogController.SearchBlogs (BlogApp)'
2026-06-28 14:34:08.540 +07:00 [INF] Executed endpoint 'BlogApp.Controllers.AuthenController.CheckValidToken (BlogApp)'
2026-06-28 14:34:08.541 +07:00 [INF] HTTP POST /api/blog/search responded 400 in 27.3221 ms
2026-06-28 14:34:08.541 +07:00 [INF] HTTP GET /api/authen/check-valid-token responded 200 in 2.7163 ms
2026-06-28 14:34:08.542 +07:00 [INF] Request finished HTTP/1.1 POST http://localhost:5059/api/blog/search - 400 null application/problem+json; charset=utf-8 28.6819ms
2026-06-28 14:34:08.542 +07:00 [INF] Request finished HTTP/1.1 GET http://localhost:5059/api/authen/check-valid-token - 200 null application/json; charset=utf-8 4.0093ms
2026-06-28 14:34:09.217 +07:00 [INF] Executed DbCommand (17ms) [Parameters=[], CommandType='"Text"', CommandTimeout='30']

            SELECT tag AS Name, COUNT(*) AS blog_count
            FROM "Blogs", UNNEST("Tags") AS tag
            GROUP BY tag
            ORDER BY blog_count DESC
            LIMIT 5
2026-06-28 14:34:09.217 +07:00 [INF] Executed DbCommand (17ms) [Parameters=[], CommandType='"Text"', CommandTimeout='30']
SELECT b."Id", b."AmountOfAccesses", b."AuthorId", b."Content", b."CoverImage", b."CreatedAt", b."PublishedAt", b."State", b."Tags", b."Title", b."UpdatedAt"
FROM "Blogs" AS b
ORDER BY b."CreatedAt" DESC
2026-06-28 14:34:09.217 +07:00 [INF] Executed DbCommand (17ms) [Parameters=[], CommandType='"Text"', CommandTimeout='30']
SELECT b."Id", b."AmountOfAccesses", b."AuthorId", b."Content", b."CoverImage", b."CreatedAt", b."PublishedAt", b."State", b."Tags", b."Title", b."UpdatedAt"
FROM "Blogs" AS b
ORDER BY b."CreatedAt" DESC
2026-06-28 14:34:09.266 +07:00 [INF] Executing OkObjectResult, writing value of type 'BlogApp.DTOs.TagListRespDTO'.
2026-06-28 14:34:09.272 +07:00 [INF] Executed action BlogApp.Controllers.TagController.GetTop5Tags (BlogApp) in 752.3509ms
2026-06-28 14:34:09.273 +07:00 [INF] Executed endpoint 'BlogApp.Controllers.TagController.GetTop5Tags (BlogApp)'
2026-06-28 14:34:09.273 +07:00 [INF] HTTP GET /api/tags/topfive responded 200 in 756.5758 ms
2026-06-28 14:34:09.277 +07:00 [INF] Request finished HTTP/1.1 GET http://localhost:5059/api/tags/topfive - 200 null application/json; charset=utf-8 761.7376ms
2026-06-28 14:34:09.278 +07:00 [INF] Request starting HTTP/1.1 GET http://localhost:5059/api/tags/topfive - null null
2026-06-28 14:34:09.278 +07:00 [INF] CORS policy execution successful.
2026-06-28 14:34:09.278 +07:00 [INF] Executing endpoint 'BlogApp.Controllers.TagController.GetTop5Tags (BlogApp)'
2026-06-28 14:34:09.278 +07:00 [INF] Route matched with {action = "GetTop5Tags", controller = "Tag"}. Executing controller action with signature Microsoft.AspNetCore.Mvc.ActionResult GetTop5Tags() on controller BlogApp.Controllers.TagController (BlogApp).
2026-06-28 14:34:09.330 +07:00 [INF] Executed DbCommand (1ms) [Parameters=[], CommandType='"Text"', CommandTimeout='30']

            SELECT tag AS Name, COUNT(*) AS blog_count
            FROM "Blogs", UNNEST("Tags") AS tag
            GROUP BY tag
            ORDER BY blog_count DESC
            LIMIT 5
2026-06-28 14:34:09.331 +07:00 [INF] Executing OkObjectResult, writing value of type 'BlogApp.DTOs.TagListRespDTO'.
2026-06-28 14:34:09.331 +07:00 [INF] Executed action BlogApp.Controllers.TagController.GetTop5Tags (BlogApp) in 52.3864ms
2026-06-28 14:34:09.331 +07:00 [INF] Executed endpoint 'BlogApp.Controllers.TagController.GetTop5Tags (BlogApp)'
2026-06-28 14:34:09.331 +07:00 [INF] HTTP GET /api/tags/topfive responded 200 in 53.1978 ms
2026-06-28 14:34:09.331 +07:00 [INF] Request finished HTTP/1.1 GET http://localhost:5059/api/tags/topfive - 200 null application/json; charset=utf-8 53.782ms
2026-06-28 14:34:09.361 +07:00 [INF] Executing OkObjectResult, writing value of type 'BlogApp.DTOs.BlogListRespDTO'.
2026-06-28 14:34:09.361 +07:00 [INF] Executing OkObjectResult, writing value of type 'BlogApp.DTOs.BlogListRespDTO'.
2026-06-28 14:34:09.368 +07:00 [INF] Executed action BlogApp.Controllers.BlogController.GetTop5Blogs (BlogApp) in 847.7632ms
2026-06-28 14:34:09.368 +07:00 [INF] Executed action BlogApp.Controllers.BlogController.Get5LatestBlogs (BlogApp) in 848.0045ms
2026-06-28 14:34:09.368 +07:00 [INF] Executed endpoint 'BlogApp.Controllers.BlogController.GetTop5Blogs (BlogApp)'
2026-06-28 14:34:09.368 +07:00 [INF] Executed endpoint 'BlogApp.Controllers.BlogController.Get5LatestBlogs (BlogApp)'
2026-06-28 14:34:09.368 +07:00 [INF] HTTP GET /api/blog/topfive responded 200 in 851.9044 ms
2026-06-28 14:34:09.368 +07:00 [INF] HTTP GET /api/blog/fivelatest responded 200 in 852.0069 ms
2026-06-28 14:34:09.368 +07:00 [INF] Request finished HTTP/1.1 GET http://localhost:5059/api/blog/topfive - 200 null application/json; charset=utf-8 852.6365ms
2026-06-28 14:34:09.368 +07:00 [INF] Request finished HTTP/1.1 GET http://localhost:5059/api/blog/fivelatest - 200 null application/json; charset=utf-8 852.9279ms
2026-06-28 14:34:09.369 +07:00 [INF] Request starting HTTP/1.1 GET http://localhost:5059/api/blog/fivelatest - null null
2026-06-28 14:34:09.369 +07:00 [INF] Request starting HTTP/1.1 GET http://localhost:5059/api/blog/topfive - null null
2026-06-28 14:34:09.369 +07:00 [INF] CORS policy execution successful.
2026-06-28 14:34:09.369 +07:00 [INF] CORS policy execution successful.
2026-06-28 14:34:09.370 +07:00 [INF] Executing endpoint 'BlogApp.Controllers.BlogController.GetTop5Blogs (BlogApp)'
2026-06-28 14:34:09.370 +07:00 [INF] Executing endpoint 'BlogApp.Controllers.BlogController.Get5LatestBlogs (BlogApp)'
2026-06-28 14:34:09.370 +07:00 [INF] Route matched with {action = "GetTop5Blogs", controller = "Blog"}. Executing controller action with signature Microsoft.AspNetCore.Mvc.ActionResult GetTop5Blogs() on controller BlogApp.Controllers.BlogController (BlogApp).
2026-06-28 14:34:09.370 +07:00 [INF] Route matched with {action = "Get5LatestBlogs", controller = "Blog"}. Executing controller action with signature Microsoft.AspNetCore.Mvc.ActionResult Get5LatestBlogs() on controller BlogApp.Controllers.BlogController (BlogApp).
2026-06-28 14:34:09.375 +07:00 [INF] Executed DbCommand (1ms) [Parameters=[], CommandType='"Text"', CommandTimeout='30']
SELECT b."Id", b."AmountOfAccesses", b."AuthorId", b."Content", b."CoverImage", b."CreatedAt", b."PublishedAt", b."State", b."Tags", b."Title", b."UpdatedAt"
FROM "Blogs" AS b
ORDER BY b."CreatedAt" DESC
2026-06-28 14:34:09.375 +07:00 [INF] Executed DbCommand (1ms) [Parameters=[], CommandType='"Text"', CommandTimeout='30']
SELECT b."Id", b."AmountOfAccesses", b."AuthorId", b."Content", b."CoverImage", b."CreatedAt", b."PublishedAt", b."State", b."Tags", b."Title", b."UpdatedAt"
FROM "Blogs" AS b
ORDER BY b."CreatedAt" DESC
2026-06-28 14:34:09.376 +07:00 [INF] Executing OkObjectResult, writing value of type 'BlogApp.DTOs.BlogListRespDTO'.
2026-06-28 14:34:09.376 +07:00 [INF] Executing OkObjectResult, writing value of type 'BlogApp.DTOs.BlogListRespDTO'.
2026-06-28 14:34:09.376 +07:00 [INF] Executed action BlogApp.Controllers.BlogController.GetTop5Blogs (BlogApp) in 6.1024ms
2026-06-28 14:34:09.376 +07:00 [INF] Executed action BlogApp.Controllers.BlogController.Get5LatestBlogs (BlogApp) in 5.9398ms
2026-06-28 14:34:09.376 +07:00 [INF] Executed endpoint 'BlogApp.Controllers.BlogController.GetTop5Blogs (BlogApp)'
2026-06-28 14:34:09.376 +07:00 [INF] Executed endpoint 'BlogApp.Controllers.BlogController.Get5LatestBlogs (BlogApp)'
2026-06-28 14:34:09.376 +07:00 [INF] HTTP GET /api/blog/topfive responded 200 in 6.8942 ms
2026-06-28 14:34:09.377 +07:00 [INF] HTTP GET /api/blog/fivelatest responded 200 in 6.9945 ms
2026-06-28 14:34:09.377 +07:00 [INF] Request finished HTTP/1.1 GET http://localhost:5059/api/blog/topfive - 200 null application/json; charset=utf-8 7.5094ms
2026-06-28 14:34:09.377 +07:00 [INF] Request finished HTTP/1.1 GET http://localhost:5059/api/blog/fivelatest - 200 null application/json; charset=utf-8 7.5791ms
2026-06-28 14:34:11.195 +07:00 [INF] Request starting HTTP/1.1 POST http://localhost:5059/api/blog/search - multipart/form-data; boundary=----WebKitFormBoundaryry5nVAASXIIkMB32 534
2026-06-28 14:34:11.196 +07:00 [INF] CORS policy execution successful.
2026-06-28 14:34:11.196 +07:00 [INF] Executing endpoint 'BlogApp.Controllers.BlogController.SearchBlogs (BlogApp)'
2026-06-28 14:34:11.197 +07:00 [INF] Route matched with {action = "SearchBlogs", controller = "Blog"}. Executing controller action with signature Microsoft.AspNetCore.Mvc.ActionResult SearchBlogs(BlogApp.DTOs.SearchBlogReqDTO) on controller BlogApp.Controllers.BlogController (BlogApp).
2026-06-28 14:34:11.198 +07:00 [INF] Executing BadRequestObjectResult, writing value of type 'Microsoft.AspNetCore.Mvc.ValidationProblemDetails'.
2026-06-28 14:34:11.198 +07:00 [INF] Executed action BlogApp.Controllers.BlogController.SearchBlogs (BlogApp) in 1.817ms
2026-06-28 14:34:11.199 +07:00 [INF] Executed endpoint 'BlogApp.Controllers.BlogController.SearchBlogs (BlogApp)'
2026-06-28 14:34:11.199 +07:00 [INF] HTTP POST /api/blog/search responded 400 in 2.6053 ms
2026-06-28 14:34:11.199 +07:00 [INF] Request finished HTTP/1.1 POST http://localhost:5059/api/blog/search - 400 null application/problem+json; charset=utf-8 3.8115ms
2026-06-28 14:34:11.820 +07:00 [INF] Request starting HTTP/1.1 POST http://localhost:5059/api/blog/search - multipart/form-data; boundary=----WebKitFormBoundaryWSgQIPliBVvwEiWx 534
2026-06-28 14:34:11.820 +07:00 [INF] CORS policy execution successful.
2026-06-28 14:34:11.821 +07:00 [INF] Executing endpoint 'BlogApp.Controllers.BlogController.SearchBlogs (BlogApp)'
2026-06-28 14:34:11.821 +07:00 [INF] Route matched with {action = "SearchBlogs", controller = "Blog"}. Executing controller action with signature Microsoft.AspNetCore.Mvc.ActionResult SearchBlogs(BlogApp.DTOs.SearchBlogReqDTO) on controller BlogApp.Controllers.BlogController (BlogApp).
2026-06-28 14:34:11.822 +07:00 [INF] Executing BadRequestObjectResult, writing value of type 'Microsoft.AspNetCore.Mvc.ValidationProblemDetails'.
2026-06-28 14:34:11.822 +07:00 [INF] Executed action BlogApp.Controllers.BlogController.SearchBlogs (BlogApp) in 1.1284ms
2026-06-28 14:34:11.822 +07:00 [INF] Executed endpoint 'BlogApp.Controllers.BlogController.SearchBlogs (BlogApp)'
2026-06-28 14:34:11.822 +07:00 [INF] HTTP POST /api/blog/search responded 400 in 1.9933 ms
2026-06-28 14:34:11.822 +07:00 [INF] Request finished HTTP/1.1 POST http://localhost:5059/api/blog/search - 400 null application/problem+json; charset=utf-8 2.5256ms
2026-06-28 14:34:14.918 +07:00 [INF] Request starting HTTP/1.1 OPTIONS http://localhost:5059/api/blog/search - null null
2026-06-28 14:34:14.919 +07:00 [INF] CORS policy execution successful.
2026-06-28 14:34:14.919 +07:00 [INF] Request finished HTTP/1.1 OPTIONS http://localhost:5059/api/blog/search - 204 null null 0.7862ms
2026-06-28 14:34:14.920 +07:00 [INF] Request starting HTTP/1.1 POST http://localhost:5059/api/blog/search - multipart/form-data; boundary=----WebKitFormBoundarydhTsWQ7fqyKxWB6M 534
2026-06-28 14:34:14.920 +07:00 [INF] CORS policy execution successful.
2026-06-28 14:34:14.920 +07:00 [INF] Executing endpoint 'BlogApp.Controllers.BlogController.SearchBlogs (BlogApp)'
2026-06-28 14:34:14.920 +07:00 [INF] Route matched with {action = "SearchBlogs", controller = "Blog"}. Executing controller action with signature Microsoft.AspNetCore.Mvc.ActionResult SearchBlogs(BlogApp.DTOs.SearchBlogReqDTO) on controller BlogApp.Controllers.BlogController (BlogApp).
2026-06-28 14:34:14.921 +07:00 [INF] Executing BadRequestObjectResult, writing value of type 'Microsoft.AspNetCore.Mvc.ValidationProblemDetails'.
2026-06-28 14:34:14.922 +07:00 [INF] Executed action BlogApp.Controllers.BlogController.SearchBlogs (BlogApp) in 1.11ms
2026-06-28 14:34:14.922 +07:00 [INF] Executed endpoint 'BlogApp.Controllers.BlogController.SearchBlogs (BlogApp)'
2026-06-28 14:34:14.922 +07:00 [INF] HTTP POST /api/blog/search responded 400 in 1.7559 ms
2026-06-28 14:34:14.922 +07:00 [INF] Request finished HTTP/1.1 POST http://localhost:5059/api/blog/search - 400 null application/problem+json; charset=utf-8 2.1779ms
2026-06-28 14:35:13.748 +07:00 [INF] Request starting HTTP/1.1 OPTIONS http://localhost:5059/api/blog/search - null null
2026-06-28 14:35:13.749 +07:00 [INF] CORS policy execution successful.
2026-06-28 14:35:13.750 +07:00 [INF] Request finished HTTP/1.1 OPTIONS http://localhost:5059/api/blog/search - 204 null null 1.2264ms
2026-06-28 14:35:13.750 +07:00 [INF] Request starting HTTP/1.1 POST http://localhost:5059/api/blog/search - multipart/form-data; boundary=----WebKitFormBoundaryvqBTGz1SZZeQnnR0 534
2026-06-28 14:35:13.751 +07:00 [INF] CORS policy execution successful.
2026-06-28 14:35:13.751 +07:00 [INF] Executing endpoint 'BlogApp.Controllers.BlogController.SearchBlogs (BlogApp)'
2026-06-28 14:35:13.751 +07:00 [INF] Route matched with {action = "SearchBlogs", controller = "Blog"}. Executing controller action with signature Microsoft.AspNetCore.Mvc.ActionResult SearchBlogs(BlogApp.DTOs.SearchBlogReqDTO) on controller BlogApp.Controllers.BlogController (BlogApp).
2026-06-28 14:35:13.752 +07:00 [INF] Executing BadRequestObjectResult, writing value of type 'Microsoft.AspNetCore.Mvc.ValidationProblemDetails'.
2026-06-28 14:35:13.752 +07:00 [INF] Executed action BlogApp.Controllers.BlogController.SearchBlogs (BlogApp) in 0.8412ms
2026-06-28 14:35:13.752 +07:00 [INF] Executed endpoint 'BlogApp.Controllers.BlogController.SearchBlogs (BlogApp)'
2026-06-28 14:35:13.752 +07:00 [INF] HTTP POST /api/blog/search responded 400 in 1.4822 ms
2026-06-28 14:35:13.752 +07:00 [INF] Request finished HTTP/1.1 POST http://localhost:5059/api/blog/search - 400 null application/problem+json; charset=utf-8 1.8267ms
2026-06-28 14:35:32.999 +07:00 [INF] User profile is available. Using '/home/kieudangkimbao2000/.aspnet/DataProtection-Keys' as key repository; keys will not be encrypted at rest.
2026-06-28 14:35:33.208 +07:00 [WRN] The ASP.NET Core developer certificate is not trusted. For information about trusting the ASP.NET Core developer certificate, see https://aka.ms/aspnet/https-trust-dev-cert
2026-06-28 14:35:33.221 +07:00 [INF] Now listening on: https://localhost:7065
2026-06-28 14:35:33.221 +07:00 [INF] Now listening on: http://localhost:5059
2026-06-28 14:35:33.223 +07:00 [INF] Application started. Press Ctrl+C to shut down.
2026-06-28 14:35:33.223 +07:00 [INF] Hosting environment: Development
2026-06-28 14:35:33.223 +07:00 [INF] Content root path: /home/kieudangkimbao2000/WorkSpace/BlogApp/backend
2026-06-28 14:35:38.391 +07:00 [INF] Request starting HTTP/1.1 OPTIONS http://localhost:5059/api/blog/search - null null
2026-06-28 14:35:38.417 +07:00 [INF] CORS policy execution successful.
2026-06-28 14:35:38.422 +07:00 [INF] Request finished HTTP/1.1 OPTIONS http://localhost:5059/api/blog/search - 204 null null 32.4038ms
2026-06-28 14:35:38.425 +07:00 [INF] Request starting HTTP/1.1 POST http://localhost:5059/api/blog/search - multipart/form-data; boundary=----WebKitFormBoundaryYdaD60SJOYOv7ASP 534
2026-06-28 14:35:38.428 +07:00 [INF] CORS policy execution successful.
2026-06-28 14:35:38.497 +07:00 [INF] Executing endpoint 'BlogApp.Controllers.BlogController.SearchBlogs (BlogApp)'
2026-06-28 14:35:38.522 +07:00 [INF] Route matched with {action = "SearchBlogs", controller = "Blog"}. Executing controller action with signature Microsoft.AspNetCore.Mvc.ActionResult SearchBlogs(BlogApp.DTOs.SearchBlogReqDTO) on controller BlogApp.Controllers.BlogController (BlogApp).
2026-06-28 14:35:38.646 +07:00 [INF] Executing BadRequestObjectResult, writing value of type 'Microsoft.AspNetCore.Mvc.ValidationProblemDetails'.
2026-06-28 14:35:38.680 +07:00 [INF] Executed action BlogApp.Controllers.BlogController.SearchBlogs (BlogApp) in 154.5753ms
2026-06-28 14:35:38.680 +07:00 [INF] Executed endpoint 'BlogApp.Controllers.BlogController.SearchBlogs (BlogApp)'
2026-06-28 14:35:38.682 +07:00 [INF] HTTP POST /api/blog/search responded 400 in 251.4882 ms
2026-06-28 14:35:38.684 +07:00 [INF] Request finished HTTP/1.1 POST http://localhost:5059/api/blog/search - 400 null application/problem+json; charset=utf-8 258.5213ms
2026-06-28 14:37:58.688 +07:00 [INF] User profile is available. Using '/home/kieudangkimbao2000/.aspnet/DataProtection-Keys' as key repository; keys will not be encrypted at rest.
2026-06-28 14:37:58.891 +07:00 [WRN] The ASP.NET Core developer certificate is not trusted. For information about trusting the ASP.NET Core developer certificate, see https://aka.ms/aspnet/https-trust-dev-cert
2026-06-28 14:37:58.904 +07:00 [INF] Now listening on: https://localhost:7065
2026-06-28 14:37:58.904 +07:00 [INF] Now listening on: http://localhost:5059
2026-06-28 14:37:58.906 +07:00 [INF] Application started. Press Ctrl+C to shut down.
2026-06-28 14:37:58.906 +07:00 [INF] Hosting environment: Development
2026-06-28 14:37:58.906 +07:00 [INF] Content root path: /home/kieudangkimbao2000/WorkSpace/BlogApp/backend
2026-06-28 14:38:06.131 +07:00 [INF] Request starting HTTP/1.1 GET http://localhost:5059/openapi/v1.json - null null
2026-06-28 14:38:06.174 +07:00 [INF] Executing endpoint 'HTTP: GET /openapi/{documentName}.json'
2026-06-28 14:38:06.326 +07:00 [INF] Executed endpoint 'HTTP: GET /openapi/{documentName}.json'
2026-06-28 14:38:06.328 +07:00 [INF] HTTP GET /openapi/v1.json responded 200 in 173.5965 ms
2026-06-28 14:38:06.332 +07:00 [INF] Request finished HTTP/1.1 GET http://localhost:5059/openapi/v1.json - 200 null application/json;charset=utf-8 202.0913ms
2026-06-28 14:38:19.771 +07:00 [INF] Request starting HTTP/1.1 GET http://localhost:5059/openapi/v1.json - null null
2026-06-28 14:38:19.772 +07:00 [INF] Executing endpoint 'HTTP: GET /openapi/{documentName}.json'
2026-06-28 14:38:19.797 +07:00 [INF] Executed endpoint 'HTTP: GET /openapi/{documentName}.json'
2026-06-28 14:38:19.797 +07:00 [INF] HTTP GET /openapi/v1.json responded 200 in 25.4358 ms
2026-06-28 14:38:19.798 +07:00 [INF] Request finished HTTP/1.1 GET http://localhost:5059/openapi/v1.json - 200 null application/json;charset=utf-8 26.8777ms
2026-06-28 14:38:24.078 +07:00 [INF] Request starting HTTP/1.1 OPTIONS http://localhost:5059/api/blog/search - null null
2026-06-28 14:38:24.080 +07:00 [INF] CORS policy execution successful.
2026-06-28 14:38:24.082 +07:00 [INF] Request finished HTTP/1.1 OPTIONS http://localhost:5059/api/blog/search - 204 null null 3.2666ms
2026-06-28 14:38:24.083 +07:00 [INF] Request starting HTTP/1.1 POST http://localhost:5059/api/blog/search - application/json 80
2026-06-28 14:38:24.085 +07:00 [INF] CORS policy execution successful.
2026-06-28 14:38:24.124 +07:00 [INF] Executing endpoint 'BlogApp.Controllers.BlogController.SearchBlogs (BlogApp)'
2026-06-28 14:38:24.137 +07:00 [INF] Route matched with {action = "SearchBlogs", controller = "Blog"}. Executing controller action with signature Microsoft.AspNetCore.Mvc.ActionResult SearchBlogs(BlogApp.DTOs.SearchBlogReqDTO) on controller BlogApp.Controllers.BlogController (BlogApp).
2026-06-28 14:38:24.235 +07:00 [INF] Executing BadRequestObjectResult, writing value of type 'Microsoft.AspNetCore.Mvc.ValidationProblemDetails'.
2026-06-28 14:38:24.252 +07:00 [INF] Executed action BlogApp.Controllers.BlogController.SearchBlogs (BlogApp) in 112.1356ms
2026-06-28 14:38:24.252 +07:00 [INF] Executed endpoint 'BlogApp.Controllers.BlogController.SearchBlogs (BlogApp)'
2026-06-28 14:38:24.252 +07:00 [INF] HTTP POST /api/blog/search responded 400 in 166.6478 ms
2026-06-28 14:38:24.254 +07:00 [INF] Request finished HTTP/1.1 POST http://localhost:5059/api/blog/search - 400 null application/problem+json; charset=utf-8 170.2328ms
2026-06-28 14:38:52.755 +07:00 [INF] User profile is available. Using '/home/kieudangkimbao2000/.aspnet/DataProtection-Keys' as key repository; keys will not be encrypted at rest.
2026-06-28 14:38:52.949 +07:00 [WRN] The ASP.NET Core developer certificate is not trusted. For information about trusting the ASP.NET Core developer certificate, see https://aka.ms/aspnet/https-trust-dev-cert
2026-06-28 14:38:52.982 +07:00 [INF] Now listening on: https://localhost:7065
2026-06-28 14:38:52.983 +07:00 [INF] Now listening on: http://localhost:5059
2026-06-28 14:38:52.985 +07:00 [INF] Application started. Press Ctrl+C to shut down.
2026-06-28 14:38:52.985 +07:00 [INF] Hosting environment: Development
2026-06-28 14:38:52.985 +07:00 [INF] Content root path: /home/kieudangkimbao2000/WorkSpace/BlogApp/backend
2026-06-28 14:38:55.625 +07:00 [INF] Request starting HTTP/1.1 OPTIONS http://localhost:5059/api/blog/search - null null
2026-06-28 14:38:55.651 +07:00 [INF] CORS policy execution successful.
2026-06-28 14:38:55.656 +07:00 [INF] Request finished HTTP/1.1 OPTIONS http://localhost:5059/api/blog/search - 204 null null 31.6822ms
2026-06-28 14:38:55.658 +07:00 [INF] Request starting HTTP/1.1 POST http://localhost:5059/api/blog/search - application/json 80
2026-06-28 14:38:55.661 +07:00 [INF] CORS policy execution successful.
2026-06-28 14:38:55.725 +07:00 [INF] Executing endpoint 'BlogApp.Controllers.BlogController.SearchBlogs (BlogApp)'
2026-06-28 14:38:55.737 +07:00 [INF] Route matched with {action = "SearchBlogs", controller = "Blog"}. Executing controller action with signature Microsoft.AspNetCore.Mvc.ActionResult SearchBlogs(BlogApp.DTOs.SearchBlogReqDTO) on controller BlogApp.Controllers.BlogController (BlogApp).
2026-06-28 14:38:55.860 +07:00 [INF] Executing BadRequestObjectResult, writing value of type 'Microsoft.AspNetCore.Mvc.ValidationProblemDetails'.
2026-06-28 14:38:55.878 +07:00 [INF] Executed action BlogApp.Controllers.BlogController.SearchBlogs (BlogApp) in 138.364ms
2026-06-28 14:38:55.878 +07:00 [INF] Executed endpoint 'BlogApp.Controllers.BlogController.SearchBlogs (BlogApp)'
2026-06-28 14:38:55.880 +07:00 [INF] HTTP POST /api/blog/search responded 400 in 216.4048 ms
2026-06-28 14:38:55.881 +07:00 [INF] Request finished HTTP/1.1 POST http://localhost:5059/api/blog/search - 400 null application/problem+json; charset=utf-8 222.9503ms
2026-06-28 14:39:04.744 +07:00 [INF] Request starting HTTP/1.1 OPTIONS http://localhost:5059/api/blog/search - null null
2026-06-28 14:39:04.745 +07:00 [INF] CORS policy execution successful.
2026-06-28 14:39:04.745 +07:00 [INF] Request finished HTTP/1.1 OPTIONS http://localhost:5059/api/blog/search - 204 null null 1.3329ms
2026-06-28 14:39:04.746 +07:00 [INF] Request starting HTTP/1.1 POST http://localhost:5059/api/blog/search - application/json 80
2026-06-28 14:39:04.746 +07:00 [INF] CORS policy execution successful.
2026-06-28 14:39:04.748 +07:00 [INF] Executing endpoint 'BlogApp.Controllers.BlogController.SearchBlogs (BlogApp)'
2026-06-28 14:39:04.748 +07:00 [INF] Route matched with {action = "SearchBlogs", controller = "Blog"}. Executing controller action with signature Microsoft.AspNetCore.Mvc.ActionResult SearchBlogs(BlogApp.DTOs.SearchBlogReqDTO) on controller BlogApp.Controllers.BlogController (BlogApp).
2026-06-28 14:39:04.756 +07:00 [INF] Executing BadRequestObjectResult, writing value of type 'Microsoft.AspNetCore.Mvc.ValidationProblemDetails'.
2026-06-28 14:39:04.756 +07:00 [INF] Executed action BlogApp.Controllers.BlogController.SearchBlogs (BlogApp) in 7.8093ms
2026-06-28 14:39:04.756 +07:00 [INF] Executed endpoint 'BlogApp.Controllers.BlogController.SearchBlogs (BlogApp)'
2026-06-28 14:39:04.756 +07:00 [INF] HTTP POST /api/blog/search responded 400 in 9.8096 ms
2026-06-28 14:39:04.757 +07:00 [INF] Request finished HTTP/1.1 POST http://localhost:5059/api/blog/search - 400 null application/problem+json; charset=utf-8 10.5506ms
2026-06-28 14:39:05.707 +07:00 [INF] Request starting HTTP/1.1 POST http://localhost:5059/api/blog/search - application/json 80
2026-06-28 14:39:05.708 +07:00 [INF] CORS policy execution successful.
2026-06-28 14:39:05.711 +07:00 [INF] Executing endpoint 'BlogApp.Controllers.BlogController.SearchBlogs (BlogApp)'
2026-06-28 14:39:05.711 +07:00 [INF] Route matched with {action = "SearchBlogs", controller = "Blog"}. Executing controller action with signature Microsoft.AspNetCore.Mvc.ActionResult SearchBlogs(BlogApp.DTOs.SearchBlogReqDTO) on controller BlogApp.Controllers.BlogController (BlogApp).
2026-06-28 14:39:05.714 +07:00 [INF] Executing BadRequestObjectResult, writing value of type 'Microsoft.AspNetCore.Mvc.ValidationProblemDetails'.
2026-06-28 14:39:05.715 +07:00 [INF] Executed action BlogApp.Controllers.BlogController.SearchBlogs (BlogApp) in 3.6663ms
2026-06-28 14:39:05.715 +07:00 [INF] Executed endpoint 'BlogApp.Controllers.BlogController.SearchBlogs (BlogApp)'
2026-06-28 14:39:05.715 +07:00 [INF] HTTP POST /api/blog/search responded 400 in 7.1272 ms
2026-06-28 14:39:05.715 +07:00 [INF] Request finished HTTP/1.1 POST http://localhost:5059/api/blog/search - 400 null application/problem+json; charset=utf-8 8.0028ms
2026-06-28 14:39:11.048 +07:00 [INF] User profile is available. Using '/home/kieudangkimbao2000/.aspnet/DataProtection-Keys' as key repository; keys will not be encrypted at rest.
2026-06-28 14:39:11.266 +07:00 [WRN] The ASP.NET Core developer certificate is not trusted. For information about trusting the ASP.NET Core developer certificate, see https://aka.ms/aspnet/https-trust-dev-cert
2026-06-28 14:39:11.280 +07:00 [INF] Now listening on: https://localhost:7065
2026-06-28 14:39:11.281 +07:00 [INF] Now listening on: http://localhost:5059
2026-06-28 14:39:11.282 +07:00 [INF] Application started. Press Ctrl+C to shut down.
2026-06-28 14:39:11.282 +07:00 [INF] Hosting environment: Development
2026-06-28 14:39:11.282 +07:00 [INF] Content root path: /home/kieudangkimbao2000/WorkSpace/BlogApp/backend
2026-06-28 14:39:16.156 +07:00 [INF] Request starting HTTP/1.1 OPTIONS http://localhost:5059/api/blog/search - null null
2026-06-28 14:39:16.181 +07:00 [INF] CORS policy execution successful.
2026-06-28 14:39:16.186 +07:00 [INF] Request finished HTTP/1.1 OPTIONS http://localhost:5059/api/blog/search - 204 null null 30.1751ms
2026-06-28 14:39:16.188 +07:00 [INF] Request starting HTTP/1.1 POST http://localhost:5059/api/blog/search - application/json 80
2026-06-28 14:39:16.191 +07:00 [INF] CORS policy execution successful.
2026-06-28 14:39:16.256 +07:00 [INF] Executing endpoint 'BlogApp.Controllers.BlogController.SearchBlogs (BlogApp)'
2026-06-28 14:39:16.268 +07:00 [INF] Route matched with {action = "SearchBlogs", controller = "Blog"}. Executing controller action with signature Microsoft.AspNetCore.Mvc.ActionResult SearchBlogs(BlogApp.DTOs.SearchBlogReqDTO) on controller BlogApp.Controllers.BlogController (BlogApp).
2026-06-28 14:39:16.389 +07:00 [INF] Executing BadRequestObjectResult, writing value of type 'Microsoft.AspNetCore.Mvc.ValidationProblemDetails'.
2026-06-28 14:39:16.408 +07:00 [INF] Executed action BlogApp.Controllers.BlogController.SearchBlogs (BlogApp) in 137.2079ms
2026-06-28 14:39:16.409 +07:00 [INF] Executed endpoint 'BlogApp.Controllers.BlogController.SearchBlogs (BlogApp)'
2026-06-28 14:39:16.410 +07:00 [INF] HTTP POST /api/blog/search responded 400 in 217.3661 ms
2026-06-28 14:39:16.412 +07:00 [INF] Request finished HTTP/1.1 POST http://localhost:5059/api/blog/search - 400 null application/problem+json; charset=utf-8 224.0374ms
2026-06-28 14:40:08.897 +07:00 [INF] Application is shutting down...
2026-06-28 14:41:51.087 +07:00 [INF] User profile is available. Using '/home/kieudangkimbao2000/.aspnet/DataProtection-Keys' as key repository; keys will not be encrypted at rest.
2026-06-28 14:41:51.290 +07:00 [WRN] The ASP.NET Core developer certificate is not trusted. For information about trusting the ASP.NET Core developer certificate, see https://aka.ms/aspnet/https-trust-dev-cert
2026-06-28 14:41:51.303 +07:00 [INF] Now listening on: https://localhost:7065
2026-06-28 14:41:51.303 +07:00 [INF] Now listening on: http://localhost:5059
2026-06-28 14:41:51.305 +07:00 [INF] Application started. Press Ctrl+C to shut down.
2026-06-28 14:41:51.305 +07:00 [INF] Hosting environment: Development
2026-06-28 14:41:51.305 +07:00 [INF] Content root path: /home/kieudangkimbao2000/WorkSpace/BlogApp/backend
2026-06-28 14:42:28.671 +07:00 [INF] Request starting HTTP/1.1 OPTIONS http://localhost:5059/api/blog/search - null null
2026-06-28 14:42:28.697 +07:00 [INF] CORS policy execution successful.
2026-06-28 14:42:28.703 +07:00 [INF] Request finished HTTP/1.1 OPTIONS http://localhost:5059/api/blog/search - 204 null null 32.3369ms
2026-06-28 14:42:28.705 +07:00 [INF] Request starting HTTP/1.1 POST http://localhost:5059/api/blog/search - application/json 80
2026-06-28 14:42:28.708 +07:00 [INF] CORS policy execution successful.
2026-06-28 14:42:28.774 +07:00 [INF] Executing endpoint 'BlogApp.Controllers.BlogController.SearchBlogs (BlogApp)'
2026-06-28 14:42:28.787 +07:00 [INF] Route matched with {action = "SearchBlogs", controller = "Blog"}. Executing controller action with signature Microsoft.AspNetCore.Mvc.ActionResult SearchBlogs(BlogApp.DTOs.SearchBlogReqDTO) on controller BlogApp.Controllers.BlogController (BlogApp).
2026-06-28 14:42:28.902 +07:00 [INF] Executing BadRequestObjectResult, writing value of type 'Microsoft.AspNetCore.Mvc.ValidationProblemDetails'.
2026-06-28 14:42:28.920 +07:00 [INF] Executed action BlogApp.Controllers.BlogController.SearchBlogs (BlogApp) in 129.822ms
2026-06-28 14:42:28.920 +07:00 [INF] Executed endpoint 'BlogApp.Controllers.BlogController.SearchBlogs (BlogApp)'
2026-06-28 14:42:28.922 +07:00 [INF] HTTP POST /api/blog/search responded 400 in 211.3827 ms
2026-06-28 14:42:28.924 +07:00 [INF] Request finished HTTP/1.1 POST http://localhost:5059/api/blog/search - 400 null application/problem+json; charset=utf-8 218.1953ms
2026-06-28 14:43:16.693 +07:00 [INF] Request starting HTTP/1.1 OPTIONS http://localhost:5059/api/blog/search - null null
2026-06-28 14:43:16.694 +07:00 [INF] CORS policy execution successful.
2026-06-28 14:43:16.695 +07:00 [INF] Request finished HTTP/1.1 OPTIONS http://localhost:5059/api/blog/search - 204 null null 1.5637ms
2026-06-28 14:43:16.696 +07:00 [INF] Request starting HTTP/1.1 POST http://localhost:5059/api/blog/search - application/json 67
2026-06-28 14:43:16.696 +07:00 [INF] CORS policy execution successful.
2026-06-28 14:43:16.698 +07:00 [INF] Executing endpoint 'BlogApp.Controllers.BlogController.SearchBlogs (BlogApp)'
2026-06-28 14:43:16.698 +07:00 [INF] Route matched with {action = "SearchBlogs", controller = "Blog"}. Executing controller action with signature Microsoft.AspNetCore.Mvc.ActionResult SearchBlogs(BlogApp.DTOs.SearchBlogReqDTO) on controller BlogApp.Controllers.BlogController (BlogApp).
2026-06-28 14:43:16.705 +07:00 [INF] Executing BadRequestObjectResult, writing value of type 'Microsoft.AspNetCore.Mvc.ValidationProblemDetails'.
2026-06-28 14:43:16.706 +07:00 [INF] Executed action BlogApp.Controllers.BlogController.SearchBlogs (BlogApp) in 7.8895ms
2026-06-28 14:43:16.706 +07:00 [INF] Executed endpoint 'BlogApp.Controllers.BlogController.SearchBlogs (BlogApp)'
2026-06-28 14:43:16.706 +07:00 [INF] HTTP POST /api/blog/search responded 400 in 10.0733 ms
2026-06-28 14:43:16.706 +07:00 [INF] Request finished HTTP/1.1 POST http://localhost:5059/api/blog/search - 400 null application/problem+json; charset=utf-8 10.6279ms
2026-06-28 14:43:28.859 +07:00 [INF] Request starting HTTP/1.1 OPTIONS http://localhost:5059/api/blog/search - null null
2026-06-28 14:43:28.861 +07:00 [INF] CORS policy execution successful.
2026-06-28 14:43:28.862 +07:00 [INF] Request finished HTTP/1.1 OPTIONS http://localhost:5059/api/blog/search - 204 null null 2.6166ms
2026-06-28 14:43:28.864 +07:00 [INF] Request starting HTTP/1.1 POST http://localhost:5059/api/blog/search - application/json 67
2026-06-28 14:43:28.864 +07:00 [INF] CORS policy execution successful.
2026-06-28 14:43:28.867 +07:00 [INF] Executing endpoint 'BlogApp.Controllers.BlogController.SearchBlogs (BlogApp)'
2026-06-28 14:43:28.867 +07:00 [INF] Route matched with {action = "SearchBlogs", controller = "Blog"}. Executing controller action with signature Microsoft.AspNetCore.Mvc.ActionResult SearchBlogs(BlogApp.DTOs.SearchBlogReqDTO) on controller BlogApp.Controllers.BlogController (BlogApp).
2026-06-28 14:43:28.871 +07:00 [INF] Executing BadRequestObjectResult, writing value of type 'Microsoft.AspNetCore.Mvc.ValidationProblemDetails'.
2026-06-28 14:43:28.871 +07:00 [INF] Executed action BlogApp.Controllers.BlogController.SearchBlogs (BlogApp) in 4.0254ms
2026-06-28 14:43:28.872 +07:00 [INF] Executed endpoint 'BlogApp.Controllers.BlogController.SearchBlogs (BlogApp)'
2026-06-28 14:43:28.872 +07:00 [INF] HTTP POST /api/blog/search responded 400 in 7.5177 ms
2026-06-28 14:43:28.872 +07:00 [INF] Request finished HTTP/1.1 POST http://localhost:5059/api/blog/search - 400 null application/problem+json; charset=utf-8 8.1278ms
2026-06-28 14:44:03.534 +07:00 [INF] Request starting HTTP/1.1 OPTIONS http://localhost:5059/api/blog/search - null null
2026-06-28 14:44:03.535 +07:00 [INF] CORS policy execution successful.
2026-06-28 14:44:03.535 +07:00 [INF] Request finished HTTP/1.1 OPTIONS http://localhost:5059/api/blog/search - 204 null null 0.7351ms
2026-06-28 14:44:03.536 +07:00 [INF] Request starting HTTP/1.1 POST http://localhost:5059/api/blog/search - application/json 67
2026-06-28 14:44:03.536 +07:00 [INF] CORS policy execution successful.
2026-06-28 14:44:03.536 +07:00 [INF] Executing endpoint 'BlogApp.Controllers.BlogController.SearchBlogs (BlogApp)'
2026-06-28 14:44:03.537 +07:00 [INF] Route matched with {action = "SearchBlogs", controller = "Blog"}. Executing controller action with signature Microsoft.AspNetCore.Mvc.ActionResult SearchBlogs(BlogApp.DTOs.SearchBlogReqDTO) on controller BlogApp.Controllers.BlogController (BlogApp).
2026-06-28 14:44:03.537 +07:00 [INF] Executing BadRequestObjectResult, writing value of type 'Microsoft.AspNetCore.Mvc.ValidationProblemDetails'.
2026-06-28 14:44:03.537 +07:00 [INF] Executed action BlogApp.Controllers.BlogController.SearchBlogs (BlogApp) in 0.7735ms
2026-06-28 14:44:03.538 +07:00 [INF] Executed endpoint 'BlogApp.Controllers.BlogController.SearchBlogs (BlogApp)'
2026-06-28 14:44:03.538 +07:00 [INF] HTTP POST /api/blog/search responded 400 in 1.5532 ms
2026-06-28 14:44:03.538 +07:00 [INF] Request finished HTTP/1.1 POST http://localhost:5059/api/blog/search - 400 null application/problem+json; charset=utf-8 2.0319ms
2026-06-28 14:44:31.161 +07:00 [INF] Request starting HTTP/1.1 OPTIONS http://localhost:5059/api/blog/search - null null
2026-06-28 14:44:31.162 +07:00 [INF] CORS policy execution successful.
2026-06-28 14:44:31.162 +07:00 [INF] Request finished HTTP/1.1 OPTIONS http://localhost:5059/api/blog/search - 204 null null 0.6362ms
2026-06-28 14:44:31.163 +07:00 [INF] Request starting HTTP/1.1 OPTIONS http://localhost:5059/api/authen/check-valid-token - null null
2026-06-28 14:44:31.164 +07:00 [INF] Request starting HTTP/1.1 OPTIONS http://localhost:5059/api/tags/topfive - null null
2026-06-28 14:44:31.164 +07:00 [INF] Request starting HTTP/1.1 POST http://localhost:5059/api/blog/search - application/json 61
2026-06-28 14:44:31.164 +07:00 [INF] Request starting HTTP/1.1 OPTIONS http://localhost:5059/api/blog/topfive - null null
2026-06-28 14:44:31.185 +07:00 [INF] Request starting HTTP/1.1 OPTIONS http://localhost:5059/api/blog/fivelatest - null null
2026-06-28 14:44:31.185 +07:00 [INF] CORS policy execution successful.
2026-06-28 14:44:31.185 +07:00 [INF] CORS policy execution successful.
2026-06-28 14:44:31.185 +07:00 [INF] CORS policy execution successful.
2026-06-28 14:44:31.185 +07:00 [INF] CORS policy execution successful.
2026-06-28 14:44:31.186 +07:00 [INF] Request finished HTTP/1.1 OPTIONS http://localhost:5059/api/blog/topfive - 204 null null 21.6734ms
2026-06-28 14:44:31.186 +07:00 [INF] Request finished HTTP/1.1 OPTIONS http://localhost:5059/api/tags/topfive - 204 null null 21.7432ms
2026-06-28 14:44:31.186 +07:00 [INF] Request finished HTTP/1.1 OPTIONS http://localhost:5059/api/blog/fivelatest - 204 null null 21.5916ms
2026-06-28 14:44:31.186 +07:00 [INF] Executing endpoint 'BlogApp.Controllers.BlogController.SearchBlogs (BlogApp)'
2026-06-28 14:44:31.186 +07:00 [INF] Route matched with {action = "SearchBlogs", controller = "Blog"}. Executing controller action with signature Microsoft.AspNetCore.Mvc.ActionResult SearchBlogs(BlogApp.DTOs.SearchBlogReqDTO) on controller BlogApp.Controllers.BlogController (BlogApp).
2026-06-28 14:44:31.187 +07:00 [INF] CORS policy execution successful.
2026-06-28 14:44:31.187 +07:00 [INF] Executing BadRequestObjectResult, writing value of type 'Microsoft.AspNetCore.Mvc.ValidationProblemDetails'.
2026-06-28 14:44:31.187 +07:00 [INF] Request finished HTTP/1.1 OPTIONS http://localhost:5059/api/authen/check-valid-token - 204 null null 24.3605ms
2026-06-28 14:44:31.187 +07:00 [INF] Executed action BlogApp.Controllers.BlogController.SearchBlogs (BlogApp) in 0.8299ms
2026-06-28 14:44:31.187 +07:00 [INF] Executed endpoint 'BlogApp.Controllers.BlogController.SearchBlogs (BlogApp)'
2026-06-28 14:44:31.188 +07:00 [INF] HTTP POST /api/blog/search responded 400 in 2.0984 ms
2026-06-28 14:44:31.188 +07:00 [INF] Request starting HTTP/1.1 GET http://localhost:5059/api/blog/topfive - null null
2026-06-28 14:44:31.188 +07:00 [INF] Request starting HTTP/1.1 GET http://localhost:5059/api/blog/fivelatest - null null
2026-06-28 14:44:31.188 +07:00 [INF] Request finished HTTP/1.1 POST http://localhost:5059/api/blog/search - 400 null application/problem+json; charset=utf-8 23.7368ms
2026-06-28 14:44:31.188 +07:00 [INF] Request starting HTTP/1.1 GET http://localhost:5059/api/tags/topfive - null null
2026-06-28 14:44:31.188 +07:00 [INF] Request starting HTTP/1.1 GET http://localhost:5059/api/authen/check-valid-token - null null
2026-06-28 14:44:31.188 +07:00 [INF] CORS policy execution successful.
2026-06-28 14:44:31.188 +07:00 [INF] CORS policy execution successful.
2026-06-28 14:44:31.188 +07:00 [INF] CORS policy execution successful.
2026-06-28 14:44:31.189 +07:00 [INF] Executing endpoint 'BlogApp.Controllers.BlogController.Get5LatestBlogs (BlogApp)'
2026-06-28 14:44:31.189 +07:00 [INF] Executing endpoint 'BlogApp.Controllers.TagController.GetTop5Tags (BlogApp)'
2026-06-28 14:44:31.189 +07:00 [INF] Executing endpoint 'BlogApp.Controllers.BlogController.GetTop5Blogs (BlogApp)'
2026-06-28 14:44:31.189 +07:00 [INF] CORS policy execution successful.
2026-06-28 14:44:31.191 +07:00 [INF] Route matched with {action = "GetTop5Blogs", controller = "Blog"}. Executing controller action with signature Microsoft.AspNetCore.Mvc.ActionResult GetTop5Blogs() on controller BlogApp.Controllers.BlogController (BlogApp).
2026-06-28 14:44:31.191 +07:00 [INF] Route matched with {action = "GetTop5Tags", controller = "Tag"}. Executing controller action with signature Microsoft.AspNetCore.Mvc.ActionResult GetTop5Tags() on controller BlogApp.Controllers.TagController (BlogApp).
2026-06-28 14:44:31.191 +07:00 [INF] Route matched with {action = "Get5LatestBlogs", controller = "Blog"}. Executing controller action with signature Microsoft.AspNetCore.Mvc.ActionResult Get5LatestBlogs() on controller BlogApp.Controllers.BlogController (BlogApp).
2026-06-28 14:44:31.194 +07:00 [INF] Executing endpoint 'BlogApp.Controllers.AuthenController.CheckValidToken (BlogApp)'
2026-06-28 14:44:31.195 +07:00 [INF] Route matched with {action = "CheckValidToken", controller = "Authen"}. Executing controller action with signature Microsoft.AspNetCore.Mvc.ActionResult`1[BlogApp.DTOs.ResponseBaseDTO] CheckValidToken() on controller BlogApp.Controllers.AuthenController (BlogApp).
2026-06-28 14:44:31.197 +07:00 [INF] Executing OkObjectResult, writing value of type 'BlogApp.DTOs.ResponseBaseDTO'.
2026-06-28 14:44:31.202 +07:00 [INF] Executed action BlogApp.Controllers.AuthenController.CheckValidToken (BlogApp) in 6.7696ms
2026-06-28 14:44:31.202 +07:00 [INF] Executed endpoint 'BlogApp.Controllers.AuthenController.CheckValidToken (BlogApp)'
2026-06-28 14:44:31.202 +07:00 [INF] HTTP GET /api/authen/check-valid-token responded 200 in 12.8967 ms
2026-06-28 14:44:31.202 +07:00 [INF] Request finished HTTP/1.1 GET http://localhost:5059/api/authen/check-valid-token - 200 null application/json; charset=utf-8 14.1437ms
2026-06-28 14:44:31.934 +07:00 [INF] Executed DbCommand (17ms) [Parameters=[], CommandType='"Text"', CommandTimeout='30']

            SELECT tag AS Name, COUNT(*) AS blog_count
            FROM "Blogs", UNNEST("Tags") AS tag
            GROUP BY tag
            ORDER BY blog_count DESC
            LIMIT 5
2026-06-28 14:44:31.934 +07:00 [INF] Executed DbCommand (17ms) [Parameters=[], CommandType='"Text"', CommandTimeout='30']
SELECT b."Id", b."AmountOfAccesses", b."AuthorId", b."Content", b."CoverImage", b."CreatedAt", b."PublishedAt", b."State", b."Tags", b."Title", b."UpdatedAt"
FROM "Blogs" AS b
ORDER BY b."CreatedAt" DESC
2026-06-28 14:44:31.934 +07:00 [INF] Executed DbCommand (17ms) [Parameters=[], CommandType='"Text"', CommandTimeout='30']
SELECT b."Id", b."AmountOfAccesses", b."AuthorId", b."Content", b."CoverImage", b."CreatedAt", b."PublishedAt", b."State", b."Tags", b."Title", b."UpdatedAt"
FROM "Blogs" AS b
ORDER BY b."CreatedAt" DESC
2026-06-28 14:44:31.977 +07:00 [INF] Executing OkObjectResult, writing value of type 'BlogApp.DTOs.TagListRespDTO'.
2026-06-28 14:44:31.985 +07:00 [INF] Executed action BlogApp.Controllers.TagController.GetTop5Tags (BlogApp) in 794.3699ms
2026-06-28 14:44:31.985 +07:00 [INF] Executed endpoint 'BlogApp.Controllers.TagController.GetTop5Tags (BlogApp)'
2026-06-28 14:44:31.985 +07:00 [INF] HTTP GET /api/tags/topfive responded 200 in 796.9816 ms
2026-06-28 14:44:31.990 +07:00 [INF] Request finished HTTP/1.1 GET http://localhost:5059/api/tags/topfive - 200 null application/json; charset=utf-8 802.491ms
2026-06-28 14:44:32.070 +07:00 [INF] Executing OkObjectResult, writing value of type 'BlogApp.DTOs.BlogListRespDTO'.
2026-06-28 14:44:32.070 +07:00 [INF] Executing OkObjectResult, writing value of type 'BlogApp.DTOs.BlogListRespDTO'.
2026-06-28 14:44:32.076 +07:00 [INF] Executed action BlogApp.Controllers.BlogController.Get5LatestBlogs (BlogApp) in 885.5721ms
2026-06-28 14:44:32.076 +07:00 [INF] Executed action BlogApp.Controllers.BlogController.GetTop5Blogs (BlogApp) in 885.7323ms
2026-06-28 14:44:32.077 +07:00 [INF] Executed endpoint 'BlogApp.Controllers.BlogController.Get5LatestBlogs (BlogApp)'
2026-06-28 14:44:32.077 +07:00 [INF] Executed endpoint 'BlogApp.Controllers.BlogController.GetTop5Blogs (BlogApp)'
2026-06-28 14:44:32.077 +07:00 [INF] HTTP GET /api/blog/fivelatest responded 200 in 888.2773 ms
2026-06-28 14:44:32.077 +07:00 [INF] HTTP GET /api/blog/topfive responded 200 in 888.3428 ms
2026-06-28 14:44:32.077 +07:00 [INF] Request finished HTTP/1.1 GET http://localhost:5059/api/blog/topfive - 200 null application/json; charset=utf-8 889.4586ms
2026-06-28 14:44:32.077 +07:00 [INF] Request finished HTTP/1.1 GET http://localhost:5059/api/blog/fivelatest - 200 null application/json; charset=utf-8 889.4587ms
2026-06-28 14:44:32.796 +07:00 [INF] Request starting HTTP/1.1 GET http://localhost:5059/api/authen/check-valid-token - null null
2026-06-28 14:44:32.796 +07:00 [INF] Request starting HTTP/1.1 POST http://localhost:5059/api/blog/search - application/json 61
2026-06-28 14:44:32.796 +07:00 [INF] Request starting HTTP/1.1 GET http://localhost:5059/api/tags/topfive - null null
2026-06-28 14:44:32.797 +07:00 [INF] CORS policy execution successful.
2026-06-28 14:44:32.797 +07:00 [INF] CORS policy execution successful.
2026-06-28 14:44:32.797 +07:00 [INF] Request starting HTTP/1.1 GET http://localhost:5059/api/blog/fivelatest - null null
2026-06-28 14:44:32.797 +07:00 [INF] CORS policy execution successful.
2026-06-28 14:44:32.797 +07:00 [INF] CORS policy execution successful.
2026-06-28 14:44:32.797 +07:00 [INF] Executing endpoint 'BlogApp.Controllers.TagController.GetTop5Tags (BlogApp)'
2026-06-28 14:44:32.797 +07:00 [INF] Executing endpoint 'BlogApp.Controllers.BlogController.Get5LatestBlogs (BlogApp)'
2026-06-28 14:44:32.797 +07:00 [INF] Executing endpoint 'BlogApp.Controllers.BlogController.SearchBlogs (BlogApp)'
2026-06-28 14:44:32.797 +07:00 [INF] Route matched with {action = "Get5LatestBlogs", controller = "Blog"}. Executing controller action with signature Microsoft.AspNetCore.Mvc.ActionResult Get5LatestBlogs() on controller BlogApp.Controllers.BlogController (BlogApp).
2026-06-28 14:44:32.797 +07:00 [INF] Executing endpoint 'BlogApp.Controllers.AuthenController.CheckValidToken (BlogApp)'
2026-06-28 14:44:32.797 +07:00 [INF] Route matched with {action = "SearchBlogs", controller = "Blog"}. Executing controller action with signature Microsoft.AspNetCore.Mvc.ActionResult SearchBlogs(BlogApp.DTOs.SearchBlogReqDTO) on controller BlogApp.Controllers.BlogController (BlogApp).
2026-06-28 14:44:32.797 +07:00 [INF] Request starting HTTP/1.1 GET http://localhost:5059/api/blog/topfive - null null
2026-06-28 14:44:32.797 +07:00 [INF] Route matched with {action = "GetTop5Tags", controller = "Tag"}. Executing controller action with signature Microsoft.AspNetCore.Mvc.ActionResult GetTop5Tags() on controller BlogApp.Controllers.TagController (BlogApp).
2026-06-28 14:44:32.797 +07:00 [INF] Route matched with {action = "CheckValidToken", controller = "Authen"}. Executing controller action with signature Microsoft.AspNetCore.Mvc.ActionResult`1[BlogApp.DTOs.ResponseBaseDTO] CheckValidToken() on controller BlogApp.Controllers.AuthenController (BlogApp).
2026-06-28 14:44:32.798 +07:00 [INF] CORS policy execution successful.
2026-06-28 14:44:32.798 +07:00 [INF] Executing endpoint 'BlogApp.Controllers.BlogController.GetTop5Blogs (BlogApp)'
2026-06-28 14:44:32.798 +07:00 [INF] Executing OkObjectResult, writing value of type 'BlogApp.DTOs.ResponseBaseDTO'.
2026-06-28 14:44:32.798 +07:00 [INF] Route matched with {action = "GetTop5Blogs", controller = "Blog"}. Executing controller action with signature Microsoft.AspNetCore.Mvc.ActionResult GetTop5Blogs() on controller BlogApp.Controllers.BlogController (BlogApp).
2026-06-28 14:44:32.798 +07:00 [INF] Executing BadRequestObjectResult, writing value of type 'Microsoft.AspNetCore.Mvc.ValidationProblemDetails'.
2026-06-28 14:44:32.798 +07:00 [INF] Executed action BlogApp.Controllers.AuthenController.CheckValidToken (BlogApp) in 0.36ms
2026-06-28 14:44:32.798 +07:00 [INF] Executed endpoint 'BlogApp.Controllers.AuthenController.CheckValidToken (BlogApp)'
2026-06-28 14:44:32.798 +07:00 [INF] Executed action BlogApp.Controllers.BlogController.SearchBlogs (BlogApp) in 0.7308ms
2026-06-28 14:44:32.798 +07:00 [INF] HTTP GET /api/authen/check-valid-token responded 200 in 1.4690 ms
2026-06-28 14:44:32.798 +07:00 [INF] Executed endpoint 'BlogApp.Controllers.BlogController.SearchBlogs (BlogApp)'
2026-06-28 14:44:32.798 +07:00 [INF] HTTP POST /api/blog/search responded 400 in 1.6501 ms
2026-06-28 14:44:32.799 +07:00 [INF] Request finished HTTP/1.1 POST http://localhost:5059/api/blog/search - 400 null application/problem+json; charset=utf-8 2.2997ms
2026-06-28 14:44:32.799 +07:00 [INF] Request finished HTTP/1.1 GET http://localhost:5059/api/authen/check-valid-token - 200 null application/json; charset=utf-8 2.1424ms
2026-06-28 14:44:32.852 +07:00 [INF] Executed DbCommand (1ms) [Parameters=[], CommandType='"Text"', CommandTimeout='30']
SELECT b."Id", b."AmountOfAccesses", b."AuthorId", b."Content", b."CoverImage", b."CreatedAt", b."PublishedAt", b."State", b."Tags", b."Title", b."UpdatedAt"
FROM "Blogs" AS b
ORDER BY b."CreatedAt" DESC
2026-06-28 14:44:32.852 +07:00 [INF] Executed DbCommand (1ms) [Parameters=[], CommandType='"Text"', CommandTimeout='30']
SELECT b."Id", b."AmountOfAccesses", b."AuthorId", b."Content", b."CoverImage", b."CreatedAt", b."PublishedAt", b."State", b."Tags", b."Title", b."UpdatedAt"
FROM "Blogs" AS b
ORDER BY b."CreatedAt" DESC
2026-06-28 14:44:32.853 +07:00 [INF] Executed DbCommand (1ms) [Parameters=[], CommandType='"Text"', CommandTimeout='30']

            SELECT tag AS Name, COUNT(*) AS blog_count
            FROM "Blogs", UNNEST("Tags") AS tag
            GROUP BY tag
            ORDER BY blog_count DESC
            LIMIT 5
2026-06-28 14:44:32.853 +07:00 [INF] Executing OkObjectResult, writing value of type 'BlogApp.DTOs.TagListRespDTO'.
2026-06-28 14:44:32.853 +07:00 [INF] Executing OkObjectResult, writing value of type 'BlogApp.DTOs.BlogListRespDTO'.
2026-06-28 14:44:32.853 +07:00 [INF] Executed action BlogApp.Controllers.TagController.GetTop5Tags (BlogApp) in 55.7338ms
2026-06-28 14:44:32.853 +07:00 [INF] Executing OkObjectResult, writing value of type 'BlogApp.DTOs.BlogListRespDTO'.
2026-06-28 14:44:32.853 +07:00 [INF] Executed endpoint 'BlogApp.Controllers.TagController.GetTop5Tags (BlogApp)'
2026-06-28 14:44:32.854 +07:00 [INF] Executed action BlogApp.Controllers.BlogController.Get5LatestBlogs (BlogApp) in 56.2241ms
2026-06-28 14:44:32.854 +07:00 [INF] Executed action BlogApp.Controllers.BlogController.GetTop5Blogs (BlogApp) in 55.6243ms
2026-06-28 14:44:32.854 +07:00 [INF] HTTP GET /api/tags/topfive responded 200 in 56.9141 ms
2026-06-28 14:44:32.854 +07:00 [INF] Executed endpoint 'BlogApp.Controllers.BlogController.Get5LatestBlogs (BlogApp)'
2026-06-28 14:44:32.854 +07:00 [INF] Executed endpoint 'BlogApp.Controllers.BlogController.GetTop5Blogs (BlogApp)'
2026-06-28 14:44:32.854 +07:00 [INF] HTTP GET /api/blog/fivelatest responded 200 in 57.1083 ms
2026-06-28 14:44:32.854 +07:00 [INF] Request finished HTTP/1.1 GET http://localhost:5059/api/tags/topfive - 200 null application/json; charset=utf-8 57.6121ms
2026-06-28 14:44:32.854 +07:00 [INF] HTTP GET /api/blog/topfive responded 200 in 56.3983 ms
2026-06-28 14:44:32.854 +07:00 [INF] Request finished HTTP/1.1 GET http://localhost:5059/api/blog/fivelatest - 200 null application/json; charset=utf-8 57.523ms
2026-06-28 14:44:32.854 +07:00 [INF] Request finished HTTP/1.1 GET http://localhost:5059/api/blog/topfive - 200 null application/json; charset=utf-8 57.0103ms
2026-06-28 14:45:30.882 +07:00 [INF] Request starting HTTP/1.1 OPTIONS http://localhost:5059/api/blog/search - null null
2026-06-28 14:45:30.882 +07:00 [INF] CORS policy execution successful.
2026-06-28 14:45:30.883 +07:00 [INF] Request finished HTTP/1.1 OPTIONS http://localhost:5059/api/blog/search - 204 null null 21.3701ms
2026-06-28 14:45:30.885 +07:00 [INF] Request starting HTTP/1.1 POST http://localhost:5059/api/blog/search - application/json 64
2026-06-28 14:45:30.885 +07:00 [INF] CORS policy execution successful.
2026-06-28 14:45:30.886 +07:00 [INF] Executing endpoint 'BlogApp.Controllers.BlogController.SearchBlogs (BlogApp)'
2026-06-28 14:45:30.886 +07:00 [INF] Route matched with {action = "SearchBlogs", controller = "Blog"}. Executing controller action with signature Microsoft.AspNetCore.Mvc.ActionResult SearchBlogs(BlogApp.DTOs.SearchBlogReqDTO) on controller BlogApp.Controllers.BlogController (BlogApp).
2026-06-28 14:45:30.886 +07:00 [INF] Executing BadRequestObjectResult, writing value of type 'Microsoft.AspNetCore.Mvc.ValidationProblemDetails'.
2026-06-28 14:45:30.887 +07:00 [INF] Executed action BlogApp.Controllers.BlogController.SearchBlogs (BlogApp) in 0.7565ms
2026-06-28 14:45:30.887 +07:00 [INF] Executed endpoint 'BlogApp.Controllers.BlogController.SearchBlogs (BlogApp)'
2026-06-28 14:45:30.887 +07:00 [INF] HTTP POST /api/blog/search responded 400 in 1.3958 ms
2026-06-28 14:45:30.887 +07:00 [INF] Request finished HTTP/1.1 POST http://localhost:5059/api/blog/search - 400 null application/problem+json; charset=utf-8 1.793ms
2026-06-28 14:46:11.233 +07:00 [INF] Request starting HTTP/1.1 OPTIONS http://localhost:5059/api/blog/search - null null
2026-06-28 14:46:11.233 +07:00 [INF] CORS policy execution successful.
2026-06-28 14:46:11.234 +07:00 [INF] Request finished HTTP/1.1 OPTIONS http://localhost:5059/api/blog/search - 204 null null 0.4177ms
2026-06-28 14:46:11.234 +07:00 [INF] Request starting HTTP/1.1 POST http://localhost:5059/api/blog/search - application/json 64
2026-06-28 14:46:11.234 +07:00 [INF] CORS policy execution successful.
2026-06-28 14:46:11.235 +07:00 [INF] Executing endpoint 'BlogApp.Controllers.BlogController.SearchBlogs (BlogApp)'
2026-06-28 14:46:11.235 +07:00 [INF] Route matched with {action = "SearchBlogs", controller = "Blog"}. Executing controller action with signature Microsoft.AspNetCore.Mvc.ActionResult SearchBlogs(BlogApp.DTOs.SearchBlogReqDTO) on controller BlogApp.Controllers.BlogController (BlogApp).
2026-06-28 14:46:11.235 +07:00 [INF] Executing BadRequestObjectResult, writing value of type 'Microsoft.AspNetCore.Mvc.ValidationProblemDetails'.
2026-06-28 14:46:11.236 +07:00 [INF] Executed action BlogApp.Controllers.BlogController.SearchBlogs (BlogApp) in 0.7344ms
2026-06-28 14:46:11.236 +07:00 [INF] Executed endpoint 'BlogApp.Controllers.BlogController.SearchBlogs (BlogApp)'
2026-06-28 14:46:11.236 +07:00 [INF] HTTP POST /api/blog/search responded 400 in 1.3680 ms
2026-06-28 14:46:11.236 +07:00 [INF] Request finished HTTP/1.1 POST http://localhost:5059/api/blog/search - 400 null application/problem+json; charset=utf-8 1.7169ms
2026-06-28 14:46:14.704 +07:00 [INF] Request starting HTTP/1.1 POST http://localhost:5059/api/blog/search - application/json 55
2026-06-28 14:46:14.704 +07:00 [INF] CORS policy execution successful.
2026-06-28 14:46:14.705 +07:00 [INF] Executing endpoint 'BlogApp.Controllers.BlogController.SearchBlogs (BlogApp)'
2026-06-28 14:46:14.706 +07:00 [INF] Route matched with {action = "SearchBlogs", controller = "Blog"}. Executing controller action with signature Microsoft.AspNetCore.Mvc.ActionResult SearchBlogs(BlogApp.DTOs.SearchBlogReqDTO) on controller BlogApp.Controllers.BlogController (BlogApp).
2026-06-28 14:46:14.706 +07:00 [INF] Request starting HTTP/1.1 OPTIONS http://localhost:5059/api/authen/check-valid-token - null null
2026-06-28 14:46:14.707 +07:00 [INF] Request starting HTTP/1.1 OPTIONS http://localhost:5059/api/tags/topfive - null null
2026-06-28 14:46:14.708 +07:00 [INF] CORS policy execution successful.
2026-06-28 14:46:14.708 +07:00 [INF] CORS policy execution successful.
2026-06-28 14:46:14.708 +07:00 [INF] Request finished HTTP/1.1 OPTIONS http://localhost:5059/api/authen/check-valid-token - 204 null null 2.4352ms
2026-06-28 14:46:14.708 +07:00 [INF] Request finished HTTP/1.1 OPTIONS http://localhost:5059/api/tags/topfive - 204 null null 0.8629ms
2026-06-28 14:46:14.710 +07:00 [INF] Request starting HTTP/1.1 OPTIONS http://localhost:5059/api/blog/fivelatest - null null
2026-06-28 14:46:14.710 +07:00 [INF] CORS policy execution successful.
2026-06-28 14:46:14.710 +07:00 [INF] Request starting HTTP/1.1 OPTIONS http://localhost:5059/api/blog/topfive - null null
2026-06-28 14:46:14.710 +07:00 [INF] Request finished HTTP/1.1 OPTIONS http://localhost:5059/api/blog/fivelatest - 204 null null 0.6327ms
2026-06-28 14:46:14.710 +07:00 [INF] CORS policy execution successful.
2026-06-28 14:46:14.711 +07:00 [INF] Request finished HTTP/1.1 OPTIONS http://localhost:5059/api/blog/topfive - 204 null null 0.3733ms
2026-06-28 14:46:14.711 +07:00 [INF] Request starting HTTP/1.1 GET http://localhost:5059/api/authen/check-valid-token - null null
2026-06-28 14:46:14.711 +07:00 [INF] CORS policy execution successful.
2026-06-28 14:46:14.711 +07:00 [INF] Request starting HTTP/1.1 GET http://localhost:5059/api/tags/topfive - null null
2026-06-28 14:46:14.711 +07:00 [INF] CORS policy execution successful.
2026-06-28 14:46:14.711 +07:00 [INF] Request starting HTTP/1.1 GET http://localhost:5059/api/blog/fivelatest - null null
2026-06-28 14:46:14.711 +07:00 [INF] Executing endpoint 'BlogApp.Controllers.TagController.GetTop5Tags (BlogApp)'
2026-06-28 14:46:14.711 +07:00 [INF] CORS policy execution successful.
2026-06-28 14:46:14.711 +07:00 [INF] Request starting HTTP/1.1 GET http://localhost:5059/api/blog/topfive - null null
2026-06-28 14:46:14.712 +07:00 [INF] Executing endpoint 'BlogApp.Controllers.BlogController.Get5LatestBlogs (BlogApp)'
2026-06-28 14:46:14.712 +07:00 [INF] CORS policy execution successful.
2026-06-28 14:46:14.711 +07:00 [INF] Route matched with {action = "GetTop5Tags", controller = "Tag"}. Executing controller action with signature Microsoft.AspNetCore.Mvc.ActionResult GetTop5Tags() on controller BlogApp.Controllers.TagController (BlogApp).
2026-06-28 14:46:14.711 +07:00 [INF] Executing endpoint 'BlogApp.Controllers.AuthenController.CheckValidToken (BlogApp)'
2026-06-28 14:46:14.712 +07:00 [INF] Route matched with {action = "Get5LatestBlogs", controller = "Blog"}. Executing controller action with signature Microsoft.AspNetCore.Mvc.ActionResult Get5LatestBlogs() on controller BlogApp.Controllers.BlogController (BlogApp).
2026-06-28 14:46:14.712 +07:00 [INF] Executing endpoint 'BlogApp.Controllers.BlogController.GetTop5Blogs (BlogApp)'
2026-06-28 14:46:14.712 +07:00 [INF] Executing BadRequestObjectResult, writing value of type 'Microsoft.AspNetCore.Mvc.ValidationProblemDetails'.
2026-06-28 14:46:14.712 +07:00 [INF] Route matched with {action = "CheckValidToken", controller = "Authen"}. Executing controller action with signature Microsoft.AspNetCore.Mvc.ActionResult`1[BlogApp.DTOs.ResponseBaseDTO] CheckValidToken() on controller BlogApp.Controllers.AuthenController (BlogApp).
2026-06-28 14:46:14.712 +07:00 [INF] Route matched with {action = "GetTop5Blogs", controller = "Blog"}. Executing controller action with signature Microsoft.AspNetCore.Mvc.ActionResult GetTop5Blogs() on controller BlogApp.Controllers.BlogController (BlogApp).
2026-06-28 14:46:14.712 +07:00 [INF] Executed action BlogApp.Controllers.BlogController.SearchBlogs (BlogApp) in 5.2405ms
2026-06-28 14:46:14.713 +07:00 [INF] Executed endpoint 'BlogApp.Controllers.BlogController.SearchBlogs (BlogApp)'
2026-06-28 14:46:14.713 +07:00 [INF] HTTP POST /api/blog/search responded 400 in 7.8501 ms
2026-06-28 14:46:14.713 +07:00 [INF] Request finished HTTP/1.1 POST http://localhost:5059/api/blog/search - 400 null application/problem+json; charset=utf-8 8.8184ms
2026-06-28 14:46:14.714 +07:00 [INF] Executing OkObjectResult, writing value of type 'BlogApp.DTOs.ResponseBaseDTO'.
2026-06-28 14:46:14.714 +07:00 [INF] Executed action BlogApp.Controllers.AuthenController.CheckValidToken (BlogApp) in 1.5454ms
2026-06-28 14:46:14.714 +07:00 [INF] Executed endpoint 'BlogApp.Controllers.AuthenController.CheckValidToken (BlogApp)'
2026-06-28 14:46:14.714 +07:00 [INF] HTTP GET /api/authen/check-valid-token responded 200 in 3.0600 ms
2026-06-28 14:46:14.714 +07:00 [INF] Request finished HTTP/1.1 GET http://localhost:5059/api/authen/check-valid-token - 200 null application/json; charset=utf-8 3.4381ms
2026-06-28 14:46:14.715 +07:00 [INF] Executed DbCommand (1ms) [Parameters=[], CommandType='"Text"', CommandTimeout='30']
SELECT b."Id", b."AmountOfAccesses", b."AuthorId", b."Content", b."CoverImage", b."CreatedAt", b."PublishedAt", b."State", b."Tags", b."Title", b."UpdatedAt"
FROM "Blogs" AS b
ORDER BY b."CreatedAt" DESC
2026-06-28 14:46:14.715 +07:00 [INF] Executed DbCommand (1ms) [Parameters=[], CommandType='"Text"', CommandTimeout='30']
SELECT b."Id", b."AmountOfAccesses", b."AuthorId", b."Content", b."CoverImage", b."CreatedAt", b."PublishedAt", b."State", b."Tags", b."Title", b."UpdatedAt"
FROM "Blogs" AS b
ORDER BY b."CreatedAt" DESC
2026-06-28 14:46:14.716 +07:00 [INF] Executing OkObjectResult, writing value of type 'BlogApp.DTOs.BlogListRespDTO'.
2026-06-28 14:46:14.716 +07:00 [INF] Executing OkObjectResult, writing value of type 'BlogApp.DTOs.BlogListRespDTO'.
2026-06-28 14:46:14.716 +07:00 [INF] Executed action BlogApp.Controllers.BlogController.Get5LatestBlogs (BlogApp) in 3.8206ms
2026-06-28 14:46:14.716 +07:00 [INF] Executed action BlogApp.Controllers.BlogController.GetTop5Blogs (BlogApp) in 3.5321ms
2026-06-28 14:46:14.716 +07:00 [INF] Executed endpoint 'BlogApp.Controllers.BlogController.Get5LatestBlogs (BlogApp)'
2026-06-28 14:46:14.716 +07:00 [INF] Executed endpoint 'BlogApp.Controllers.BlogController.GetTop5Blogs (BlogApp)'
2026-06-28 14:46:14.716 +07:00 [INF] HTTP GET /api/blog/fivelatest responded 200 in 4.7749 ms
2026-06-28 14:46:14.716 +07:00 [INF] HTTP GET /api/blog/topfive responded 200 in 4.3842 ms
2026-06-28 14:46:14.717 +07:00 [INF] Request finished HTTP/1.1 GET http://localhost:5059/api/blog/fivelatest - 200 null application/json; charset=utf-8 5.2977ms
2026-06-28 14:46:14.717 +07:00 [INF] Request finished HTTP/1.1 GET http://localhost:5059/api/blog/topfive - 200 null application/json; charset=utf-8 5.1364ms
2026-06-28 14:46:14.725 +07:00 [INF] Executed DbCommand (1ms) [Parameters=[], CommandType='"Text"', CommandTimeout='30']

            SELECT tag AS Name, COUNT(*) AS blog_count
            FROM "Blogs", UNNEST("Tags") AS tag
            GROUP BY tag
            ORDER BY blog_count DESC
            LIMIT 5
2026-06-28 14:46:14.725 +07:00 [INF] Executing OkObjectResult, writing value of type 'BlogApp.DTOs.TagListRespDTO'.
2026-06-28 14:46:14.726 +07:00 [INF] Executed action BlogApp.Controllers.TagController.GetTop5Tags (BlogApp) in 13.5755ms
2026-06-28 14:46:14.726 +07:00 [INF] Executed endpoint 'BlogApp.Controllers.TagController.GetTop5Tags (BlogApp)'
2026-06-28 14:46:14.726 +07:00 [INF] HTTP GET /api/tags/topfive responded 200 in 14.5792 ms
2026-06-28 14:46:14.726 +07:00 [INF] Request finished HTTP/1.1 GET http://localhost:5059/api/tags/topfive - 200 null application/json; charset=utf-8 14.9494ms
2026-06-28 14:46:15.138 +07:00 [INF] Request starting HTTP/1.1 POST http://localhost:5059/api/blog/search - application/json 55
2026-06-28 14:46:15.139 +07:00 [INF] Request starting HTTP/1.1 GET http://localhost:5059/api/authen/check-valid-token - null null
2026-06-28 14:46:15.139 +07:00 [INF] CORS policy execution successful.
2026-06-28 14:46:15.139 +07:00 [INF] CORS policy execution successful.
2026-06-28 14:46:15.139 +07:00 [INF] Request starting HTTP/1.1 GET http://localhost:5059/api/tags/topfive - null null
2026-06-28 14:46:15.139 +07:00 [INF] CORS policy execution successful.
2026-06-28 14:46:15.139 +07:00 [INF] Executing endpoint 'BlogApp.Controllers.BlogController.SearchBlogs (BlogApp)'
2026-06-28 14:46:15.139 +07:00 [INF] Executing endpoint 'BlogApp.Controllers.AuthenController.CheckValidToken (BlogApp)'
2026-06-28 14:46:15.139 +07:00 [INF] Request starting HTTP/1.1 GET http://localhost:5059/api/blog/topfive - null null
2026-06-28 14:46:15.139 +07:00 [INF] Executing endpoint 'BlogApp.Controllers.TagController.GetTop5Tags (BlogApp)'
2026-06-28 14:46:15.139 +07:00 [INF] Request starting HTTP/1.1 GET http://localhost:5059/api/blog/fivelatest - null null
2026-06-28 14:46:15.139 +07:00 [INF] Route matched with {action = "CheckValidToken", controller = "Authen"}. Executing controller action with signature Microsoft.AspNetCore.Mvc.ActionResult`1[BlogApp.DTOs.ResponseBaseDTO] CheckValidToken() on controller BlogApp.Controllers.AuthenController (BlogApp).
2026-06-28 14:46:15.139 +07:00 [INF] Route matched with {action = "SearchBlogs", controller = "Blog"}. Executing controller action with signature Microsoft.AspNetCore.Mvc.ActionResult SearchBlogs(BlogApp.DTOs.SearchBlogReqDTO) on controller BlogApp.Controllers.BlogController (BlogApp).
2026-06-28 14:46:15.140 +07:00 [INF] CORS policy execution successful.
2026-06-28 14:46:15.140 +07:00 [INF] Route matched with {action = "GetTop5Tags", controller = "Tag"}. Executing controller action with signature Microsoft.AspNetCore.Mvc.ActionResult GetTop5Tags() on controller BlogApp.Controllers.TagController (BlogApp).
2026-06-28 14:46:15.140 +07:00 [INF] Executing OkObjectResult, writing value of type 'BlogApp.DTOs.ResponseBaseDTO'.
2026-06-28 14:46:15.140 +07:00 [INF] CORS policy execution successful.
2026-06-28 14:46:15.140 +07:00 [INF] Executing endpoint 'BlogApp.Controllers.BlogController.GetTop5Blogs (BlogApp)'
2026-06-28 14:46:15.140 +07:00 [INF] Executed action BlogApp.Controllers.AuthenController.CheckValidToken (BlogApp) in 0.438ms
2026-06-28 14:46:15.140 +07:00 [INF] Route matched with {action = "GetTop5Blogs", controller = "Blog"}. Executing controller action with signature Microsoft.AspNetCore.Mvc.ActionResult GetTop5Blogs() on controller BlogApp.Controllers.BlogController (BlogApp).
2026-06-28 14:46:15.140 +07:00 [INF] Executed endpoint 'BlogApp.Controllers.AuthenController.CheckValidToken (BlogApp)'
2026-06-28 14:46:15.140 +07:00 [INF] Executing endpoint 'BlogApp.Controllers.BlogController.Get5LatestBlogs (BlogApp)'
2026-06-28 14:46:15.140 +07:00 [INF] HTTP GET /api/authen/check-valid-token responded 200 in 1.5219 ms
2026-06-28 14:46:15.140 +07:00 [INF] Route matched with {action = "Get5LatestBlogs", controller = "Blog"}. Executing controller action with signature Microsoft.AspNetCore.Mvc.ActionResult Get5LatestBlogs() on controller BlogApp.Controllers.BlogController (BlogApp).
2026-06-28 14:46:15.141 +07:00 [INF] Request finished HTTP/1.1 GET http://localhost:5059/api/authen/check-valid-token - 200 null application/json; charset=utf-8 1.94ms
2026-06-28 14:46:15.141 +07:00 [INF] Executing BadRequestObjectResult, writing value of type 'Microsoft.AspNetCore.Mvc.ValidationProblemDetails'.
2026-06-28 14:46:15.141 +07:00 [INF] Executed action BlogApp.Controllers.BlogController.SearchBlogs (BlogApp) in 1.014ms
2026-06-28 14:46:15.141 +07:00 [INF] Executed endpoint 'BlogApp.Controllers.BlogController.SearchBlogs (BlogApp)'
2026-06-28 14:46:15.141 +07:00 [INF] HTTP POST /api/blog/search responded 400 in 2.1943 ms
2026-06-28 14:46:15.141 +07:00 [INF] Request finished HTTP/1.1 POST http://localhost:5059/api/blog/search - 400 null application/problem+json; charset=utf-8 2.9146ms
2026-06-28 14:46:15.142 +07:00 [INF] Executed DbCommand (1ms) [Parameters=[], CommandType='"Text"', CommandTimeout='30']

            SELECT tag AS Name, COUNT(*) AS blog_count
            FROM "Blogs", UNNEST("Tags") AS tag
            GROUP BY tag
            ORDER BY blog_count DESC
            LIMIT 5
2026-06-28 14:46:15.142 +07:00 [INF] Executed DbCommand (1ms) [Parameters=[], CommandType='"Text"', CommandTimeout='30']
SELECT b."Id", b."AmountOfAccesses", b."AuthorId", b."Content", b."CoverImage", b."CreatedAt", b."PublishedAt", b."State", b."Tags", b."Title", b."UpdatedAt"
FROM "Blogs" AS b
ORDER BY b."CreatedAt" DESC
2026-06-28 14:46:15.142 +07:00 [INF] Executed DbCommand (1ms) [Parameters=[], CommandType='"Text"', CommandTimeout='30']
SELECT b."Id", b."AmountOfAccesses", b."AuthorId", b."Content", b."CoverImage", b."CreatedAt", b."PublishedAt", b."State", b."Tags", b."Title", b."UpdatedAt"
FROM "Blogs" AS b
ORDER BY b."CreatedAt" DESC
2026-06-28 14:46:15.142 +07:00 [INF] Executing OkObjectResult, writing value of type 'BlogApp.DTOs.TagListRespDTO'.
2026-06-28 14:46:15.143 +07:00 [INF] Executed action BlogApp.Controllers.TagController.GetTop5Tags (BlogApp) in 2.5608ms
2026-06-28 14:46:15.143 +07:00 [INF] Executed endpoint 'BlogApp.Controllers.TagController.GetTop5Tags (BlogApp)'
2026-06-28 14:46:15.143 +07:00 [INF] HTTP GET /api/tags/topfive responded 200 in 3.5543 ms
2026-06-28 14:46:15.143 +07:00 [INF] Request finished HTTP/1.1 GET http://localhost:5059/api/tags/topfive - 200 null application/json; charset=utf-8 3.8665ms
2026-06-28 14:46:15.143 +07:00 [INF] Executing OkObjectResult, writing value of type 'BlogApp.DTOs.BlogListRespDTO'.
2026-06-28 14:46:15.143 +07:00 [INF] Executing OkObjectResult, writing value of type 'BlogApp.DTOs.BlogListRespDTO'.
2026-06-28 14:46:15.143 +07:00 [INF] Executed action BlogApp.Controllers.BlogController.GetTop5Blogs (BlogApp) in 2.794ms
2026-06-28 14:46:15.143 +07:00 [INF] Executed action BlogApp.Controllers.BlogController.Get5LatestBlogs (BlogApp) in 2.5661ms
2026-06-28 14:46:15.143 +07:00 [INF] Executed endpoint 'BlogApp.Controllers.BlogController.GetTop5Blogs (BlogApp)'
2026-06-28 14:46:15.143 +07:00 [INF] Executed endpoint 'BlogApp.Controllers.BlogController.Get5LatestBlogs (BlogApp)'
2026-06-28 14:46:15.143 +07:00 [INF] HTTP GET /api/blog/topfive responded 200 in 3.3902 ms
2026-06-28 14:46:15.143 +07:00 [INF] HTTP GET /api/blog/fivelatest responded 200 in 3.2136 ms
2026-06-28 14:46:15.144 +07:00 [INF] Request finished HTTP/1.1 GET http://localhost:5059/api/blog/topfive - 200 null application/json; charset=utf-8 4.1563ms
2026-06-28 14:46:15.144 +07:00 [INF] Request finished HTTP/1.1 GET http://localhost:5059/api/blog/fivelatest - 200 null application/json; charset=utf-8 4.3412ms
2026-06-28 14:46:25.423 +07:00 [INF] Request starting HTTP/1.1 OPTIONS http://localhost:5059/api/blog/search - null null
2026-06-28 14:46:25.423 +07:00 [INF] CORS policy execution successful.
2026-06-28 14:46:25.424 +07:00 [INF] Request finished HTTP/1.1 OPTIONS http://localhost:5059/api/blog/search - 204 null null 1.1232ms
2026-06-28 14:46:25.426 +07:00 [INF] Request starting HTTP/1.1 POST http://localhost:5059/api/blog/search - application/json 61
2026-06-28 14:46:25.427 +07:00 [INF] CORS policy execution successful.
2026-06-28 14:46:25.427 +07:00 [INF] Executing endpoint 'BlogApp.Controllers.BlogController.SearchBlogs (BlogApp)'
2026-06-28 14:46:25.428 +07:00 [INF] Route matched with {action = "SearchBlogs", controller = "Blog"}. Executing controller action with signature Microsoft.AspNetCore.Mvc.ActionResult SearchBlogs(BlogApp.DTOs.SearchBlogReqDTO) on controller BlogApp.Controllers.BlogController (BlogApp).
2026-06-28 14:46:25.429 +07:00 [INF] Executing BadRequestObjectResult, writing value of type 'Microsoft.AspNetCore.Mvc.ValidationProblemDetails'.
2026-06-28 14:46:25.429 +07:00 [INF] Executed action BlogApp.Controllers.BlogController.SearchBlogs (BlogApp) in 0.8587ms
2026-06-28 14:46:25.429 +07:00 [INF] Executed endpoint 'BlogApp.Controllers.BlogController.SearchBlogs (BlogApp)'
2026-06-28 14:46:25.429 +07:00 [INF] HTTP POST /api/blog/search responded 400 in 2.1894 ms
2026-06-28 14:46:25.429 +07:00 [INF] Request finished HTTP/1.1 POST http://localhost:5059/api/blog/search - 400 null application/problem+json; charset=utf-8 2.9469ms
2026-06-28 14:47:20.497 +07:00 [INF] Request starting HTTP/1.1 OPTIONS http://localhost:5059/api/blog/search - null null
2026-06-28 14:47:20.497 +07:00 [INF] CORS policy execution successful.
2026-06-28 14:47:20.497 +07:00 [INF] Request finished HTTP/1.1 OPTIONS http://localhost:5059/api/blog/search - 204 null null 0.5103ms
2026-06-28 14:47:20.499 +07:00 [INF] Request starting HTTP/1.1 POST http://localhost:5059/api/blog/search - application/json 61
2026-06-28 14:47:20.499 +07:00 [INF] CORS policy execution successful.
2026-06-28 14:47:20.500 +07:00 [INF] Executing endpoint 'BlogApp.Controllers.BlogController.SearchBlogs (BlogApp)'
2026-06-28 14:47:20.500 +07:00 [INF] Route matched with {action = "SearchBlogs", controller = "Blog"}. Executing controller action with signature Microsoft.AspNetCore.Mvc.ActionResult SearchBlogs(BlogApp.DTOs.SearchBlogReqDTO) on controller BlogApp.Controllers.BlogController (BlogApp).
2026-06-28 14:47:20.501 +07:00 [INF] Executing BadRequestObjectResult, writing value of type 'Microsoft.AspNetCore.Mvc.ValidationProblemDetails'.
2026-06-28 14:47:20.501 +07:00 [INF] Executed action BlogApp.Controllers.BlogController.SearchBlogs (BlogApp) in 1.0254ms
2026-06-28 14:47:20.501 +07:00 [INF] Executed endpoint 'BlogApp.Controllers.BlogController.SearchBlogs (BlogApp)'
2026-06-28 14:47:20.501 +07:00 [INF] HTTP POST /api/blog/search responded 400 in 2.2084 ms
2026-06-28 14:47:20.502 +07:00 [INF] Request finished HTTP/1.1 POST http://localhost:5059/api/blog/search - 400 null application/problem+json; charset=utf-8 2.8686ms
2026-06-28 14:47:36.493 +07:00 [INF] User profile is available. Using '/home/kieudangkimbao2000/.aspnet/DataProtection-Keys' as key repository; keys will not be encrypted at rest.
2026-06-28 14:47:36.698 +07:00 [WRN] The ASP.NET Core developer certificate is not trusted. For information about trusting the ASP.NET Core developer certificate, see https://aka.ms/aspnet/https-trust-dev-cert
2026-06-28 14:47:36.711 +07:00 [INF] Now listening on: https://localhost:7065
2026-06-28 14:47:36.712 +07:00 [INF] Now listening on: http://localhost:5059
2026-06-28 14:47:36.713 +07:00 [INF] Application started. Press Ctrl+C to shut down.
2026-06-28 14:47:36.713 +07:00 [INF] Hosting environment: Development
2026-06-28 14:47:36.713 +07:00 [INF] Content root path: /home/kieudangkimbao2000/WorkSpace/BlogApp/backend
2026-06-28 14:47:43.162 +07:00 [INF] Request starting HTTP/1.1 OPTIONS http://localhost:5059/api/blog/search - null null
2026-06-28 14:47:43.187 +07:00 [INF] CORS policy execution successful.
2026-06-28 14:47:43.192 +07:00 [INF] Request finished HTTP/1.1 OPTIONS http://localhost:5059/api/blog/search - 204 null null 30.7869ms
2026-06-28 14:47:43.194 +07:00 [INF] Request starting HTTP/1.1 POST http://localhost:5059/api/blog/search - application/json 61
2026-06-28 14:47:43.197 +07:00 [INF] CORS policy execution successful.
2026-06-28 14:47:43.265 +07:00 [INF] Executing endpoint 'BlogApp.Controllers.BlogController.SearchBlogs (BlogApp)'
2026-06-28 14:47:43.277 +07:00 [INF] Route matched with {action = "SearchBlogs", controller = "Blog"}. Executing controller action with signature Microsoft.AspNetCore.Mvc.ActionResult SearchBlogs(BlogApp.DTOs.SearchBlogReqDTO) on controller BlogApp.Controllers.BlogController (BlogApp).
2026-06-28 14:47:43.408 +07:00 [INF] Executing BadRequestObjectResult, writing value of type 'Microsoft.AspNetCore.Mvc.ValidationProblemDetails'.
2026-06-28 14:47:43.427 +07:00 [INF] Executed action BlogApp.Controllers.BlogController.SearchBlogs (BlogApp) in 146.6016ms
2026-06-28 14:47:43.427 +07:00 [INF] Executed endpoint 'BlogApp.Controllers.BlogController.SearchBlogs (BlogApp)'
2026-06-28 14:47:43.428 +07:00 [INF] HTTP POST /api/blog/search responded 400 in 229.0602 ms
2026-06-28 14:47:43.430 +07:00 [INF] Request finished HTTP/1.1 POST http://localhost:5059/api/blog/search - 400 null application/problem+json; charset=utf-8 235.9991ms
2026-06-28 14:52:03.417 +07:00 [INF] User profile is available. Using '/home/kieudangkimbao2000/.aspnet/DataProtection-Keys' as key repository; keys will not be encrypted at rest.
2026-06-28 14:52:03.616 +07:00 [WRN] The ASP.NET Core developer certificate is not trusted. For information about trusting the ASP.NET Core developer certificate, see https://aka.ms/aspnet/https-trust-dev-cert
2026-06-28 14:52:03.630 +07:00 [INF] Now listening on: https://localhost:7065
2026-06-28 14:52:03.630 +07:00 [INF] Now listening on: http://localhost:5059
2026-06-28 14:52:03.632 +07:00 [INF] Application started. Press Ctrl+C to shut down.
2026-06-28 14:52:03.632 +07:00 [INF] Hosting environment: Development
2026-06-28 14:52:03.632 +07:00 [INF] Content root path: /home/kieudangkimbao2000/WorkSpace/BlogApp/backend
2026-06-28 14:52:21.921 +07:00 [INF] Request starting HTTP/1.1 OPTIONS http://localhost:5059/api/blog/fivelatest - null null
2026-06-28 14:52:21.921 +07:00 [INF] Request starting HTTP/1.1 OPTIONS http://localhost:5059/api/tags/topfive - null null
2026-06-28 14:52:21.921 +07:00 [INF] Request starting HTTP/1.1 OPTIONS http://localhost:5059/api/authen/check-valid-token - null null
2026-06-28 14:52:21.921 +07:00 [INF] Request starting HTTP/1.1 OPTIONS http://localhost:5059/api/blog/search - null null
2026-06-28 14:52:21.921 +07:00 [INF] Request starting HTTP/1.1 OPTIONS http://localhost:5059/api/blog/topfive - null null
2026-06-28 14:52:21.948 +07:00 [INF] CORS policy execution successful.
2026-06-28 14:52:21.948 +07:00 [INF] CORS policy execution successful.
2026-06-28 14:52:21.948 +07:00 [INF] CORS policy execution successful.
2026-06-28 14:52:21.948 +07:00 [INF] CORS policy execution successful.
2026-06-28 14:52:21.948 +07:00 [INF] CORS policy execution successful.
2026-06-28 14:52:21.954 +07:00 [INF] Request finished HTTP/1.1 OPTIONS http://localhost:5059/api/blog/fivelatest - 204 null null 33.3195ms
2026-06-28 14:52:21.954 +07:00 [INF] Request finished HTTP/1.1 OPTIONS http://localhost:5059/api/blog/topfive - 204 null null 33.3185ms
2026-06-28 14:52:21.954 +07:00 [INF] Request finished HTTP/1.1 OPTIONS http://localhost:5059/api/blog/search - 204 null null 33.3196ms
2026-06-28 14:52:21.954 +07:00 [INF] Request finished HTTP/1.1 OPTIONS http://localhost:5059/api/authen/check-valid-token - 204 null null 33.3216ms
2026-06-28 14:52:21.954 +07:00 [INF] Request finished HTTP/1.1 OPTIONS http://localhost:5059/api/tags/topfive - 204 null null 33.465ms
2026-06-28 14:52:21.957 +07:00 [INF] Request starting HTTP/1.1 POST http://localhost:5059/api/blog/search - application/json 426
2026-06-28 14:52:21.957 +07:00 [INF] Request starting HTTP/1.1 GET http://localhost:5059/api/blog/topfive - null null
2026-06-28 14:52:21.957 +07:00 [INF] Request starting HTTP/1.1 GET http://localhost:5059/api/authen/check-valid-token - null null
2026-06-28 14:52:21.957 +07:00 [INF] Request starting HTTP/1.1 GET http://localhost:5059/api/blog/fivelatest - null null
2026-06-28 14:52:21.957 +07:00 [INF] Request starting HTTP/1.1 GET http://localhost:5059/api/tags/topfive - null null
2026-06-28 14:52:21.959 +07:00 [INF] CORS policy execution successful.
2026-06-28 14:52:21.959 +07:00 [INF] CORS policy execution successful.
2026-06-28 14:52:21.959 +07:00 [INF] CORS policy execution successful.
2026-06-28 14:52:21.959 +07:00 [INF] CORS policy execution successful.
2026-06-28 14:52:21.959 +07:00 [INF] CORS policy execution successful.
2026-06-28 14:52:22.028 +07:00 [INF] Executing endpoint 'BlogApp.Controllers.TagController.GetTop5Tags (BlogApp)'
2026-06-28 14:52:22.028 +07:00 [INF] Executing endpoint 'BlogApp.Controllers.BlogController.GetTop5Blogs (BlogApp)'
2026-06-28 14:52:22.028 +07:00 [INF] Executing endpoint 'BlogApp.Controllers.BlogController.Get5LatestBlogs (BlogApp)'
2026-06-28 14:52:22.028 +07:00 [INF] Executing endpoint 'BlogApp.Controllers.BlogController.SearchBlogs (BlogApp)'
2026-06-28 14:52:22.029 +07:00 [INF] Executing endpoint 'BlogApp.Controllers.AuthenController.CheckValidToken (BlogApp)'
2026-06-28 14:52:22.039 +07:00 [INF] Route matched with {action = "CheckValidToken", controller = "Authen"}. Executing controller action with signature Microsoft.AspNetCore.Mvc.ActionResult`1[BlogApp.DTOs.ResponseBaseDTO] CheckValidToken() on controller BlogApp.Controllers.AuthenController (BlogApp).
2026-06-28 14:52:22.039 +07:00 [INF] Route matched with {action = "GetTop5Blogs", controller = "Blog"}. Executing controller action with signature Microsoft.AspNetCore.Mvc.ActionResult GetTop5Blogs() on controller BlogApp.Controllers.BlogController (BlogApp).
2026-06-28 14:52:22.039 +07:00 [INF] Route matched with {action = "GetTop5Tags", controller = "Tag"}. Executing controller action with signature Microsoft.AspNetCore.Mvc.ActionResult GetTop5Tags() on controller BlogApp.Controllers.TagController (BlogApp).
2026-06-28 14:52:22.039 +07:00 [INF] Route matched with {action = "Get5LatestBlogs", controller = "Blog"}. Executing controller action with signature Microsoft.AspNetCore.Mvc.ActionResult Get5LatestBlogs() on controller BlogApp.Controllers.BlogController (BlogApp).
2026-06-28 14:52:22.046 +07:00 [INF] Route matched with {action = "SearchBlogs", controller = "Blog"}. Executing controller action with signature Microsoft.AspNetCore.Mvc.ActionResult SearchBlogs(BlogApp.DTOs.SearchBlogReqDTO) on controller BlogApp.Controllers.BlogController (BlogApp).
2026-06-28 14:52:22.140 +07:00 [INF] Executing OkObjectResult, writing value of type 'BlogApp.DTOs.ResponseBaseDTO'.
2026-06-28 14:52:22.149 +07:00 [INF] Executing BadRequestObjectResult, writing value of type 'Microsoft.AspNetCore.Mvc.ValidationProblemDetails'.
2026-06-28 14:52:22.157 +07:00 [INF] Executed action BlogApp.Controllers.AuthenController.CheckValidToken (BlogApp) in 115.7412ms
2026-06-28 14:52:22.157 +07:00 [INF] Executed endpoint 'BlogApp.Controllers.AuthenController.CheckValidToken (BlogApp)'
2026-06-28 14:52:22.159 +07:00 [INF] HTTP GET /api/authen/check-valid-token responded 200 in 197.7885 ms
2026-06-28 14:52:22.161 +07:00 [INF] Request finished HTTP/1.1 GET http://localhost:5059/api/authen/check-valid-token - 200 null application/json; charset=utf-8 204.0565ms
2026-06-28 14:52:22.167 +07:00 [INF] Executed action BlogApp.Controllers.BlogController.SearchBlogs (BlogApp) in 120.6566ms
2026-06-28 14:52:22.168 +07:00 [INF] Executed endpoint 'BlogApp.Controllers.BlogController.SearchBlogs (BlogApp)'
2026-06-28 14:52:22.168 +07:00 [INF] HTTP POST /api/blog/search responded 400 in 207.9996 ms
2026-06-28 14:52:22.168 +07:00 [INF] Request finished HTTP/1.1 POST http://localhost:5059/api/blog/search - 400 null application/problem+json; charset=utf-8 211.303ms
2026-06-28 14:52:22.574 +07:00 [INF] Request starting HTTP/1.1 POST http://localhost:5059/api/blog/search - application/json 426
2026-06-28 14:52:22.574 +07:00 [INF] Request starting HTTP/1.1 GET http://localhost:5059/api/authen/check-valid-token - null null
2026-06-28 14:52:22.574 +07:00 [INF] CORS policy execution successful.
2026-06-28 14:52:22.574 +07:00 [INF] CORS policy execution successful.
2026-06-28 14:52:22.578 +07:00 [INF] Executing endpoint 'BlogApp.Controllers.BlogController.SearchBlogs (BlogApp)'
2026-06-28 14:52:22.578 +07:00 [INF] Executing endpoint 'BlogApp.Controllers.AuthenController.CheckValidToken (BlogApp)'
2026-06-28 14:52:22.578 +07:00 [INF] Route matched with {action = "CheckValidToken", controller = "Authen"}. Executing controller action with signature Microsoft.AspNetCore.Mvc.ActionResult`1[BlogApp.DTOs.ResponseBaseDTO] CheckValidToken() on controller BlogApp.Controllers.AuthenController (BlogApp).
2026-06-28 14:52:22.578 +07:00 [INF] Route matched with {action = "SearchBlogs", controller = "Blog"}. Executing controller action with signature Microsoft.AspNetCore.Mvc.ActionResult SearchBlogs(BlogApp.DTOs.SearchBlogReqDTO) on controller BlogApp.Controllers.BlogController (BlogApp).
2026-06-28 14:52:22.580 +07:00 [INF] Executing OkObjectResult, writing value of type 'BlogApp.DTOs.ResponseBaseDTO'.
2026-06-28 14:52:22.580 +07:00 [INF] Executed action BlogApp.Controllers.AuthenController.CheckValidToken (BlogApp) in 1.6303ms
2026-06-28 14:52:22.580 +07:00 [INF] Executed endpoint 'BlogApp.Controllers.AuthenController.CheckValidToken (BlogApp)'
2026-06-28 14:52:22.580 +07:00 [INF] HTTP GET /api/authen/check-valid-token responded 200 in 6.1069 ms
2026-06-28 14:52:22.580 +07:00 [INF] Request finished HTTP/1.1 GET http://localhost:5059/api/authen/check-valid-token - 200 null application/json; charset=utf-8 6.7216ms
2026-06-28 14:52:22.581 +07:00 [INF] Executing BadRequestObjectResult, writing value of type 'Microsoft.AspNetCore.Mvc.ValidationProblemDetails'.
2026-06-28 14:52:22.582 +07:00 [INF] Executed action BlogApp.Controllers.BlogController.SearchBlogs (BlogApp) in 3.1678ms
2026-06-28 14:52:22.582 +07:00 [INF] Executed endpoint 'BlogApp.Controllers.BlogController.SearchBlogs (BlogApp)'
2026-06-28 14:52:22.582 +07:00 [INF] HTTP POST /api/blog/search responded 400 in 7.7331 ms
2026-06-28 14:52:22.582 +07:00 [INF] Request finished HTTP/1.1 POST http://localhost:5059/api/blog/search - 400 null application/problem+json; charset=utf-8 8.5162ms
2026-06-28 14:52:22.851 +07:00 [INF] Executed DbCommand (16ms) [Parameters=[], CommandType='"Text"', CommandTimeout='30']
SELECT b."Id", b."AmountOfAccesses", b."AuthorId", b."Content", b."CoverImage", b."CreatedAt", b."PublishedAt", b."State", b."Tags", b."Title", b."UpdatedAt"
FROM "Blogs" AS b
ORDER BY b."CreatedAt" DESC
2026-06-28 14:52:22.851 +07:00 [INF] Executed DbCommand (16ms) [Parameters=[], CommandType='"Text"', CommandTimeout='30']

            SELECT tag AS Name, COUNT(*) AS blog_count
            FROM "Blogs", UNNEST("Tags") AS tag
            GROUP BY tag
            ORDER BY blog_count DESC
            LIMIT 5
2026-06-28 14:52:22.851 +07:00 [INF] Executed DbCommand (16ms) [Parameters=[], CommandType='"Text"', CommandTimeout='30']
SELECT b."Id", b."AmountOfAccesses", b."AuthorId", b."Content", b."CoverImage", b."CreatedAt", b."PublishedAt", b."State", b."Tags", b."Title", b."UpdatedAt"
FROM "Blogs" AS b
ORDER BY b."CreatedAt" DESC
2026-06-28 14:52:22.893 +07:00 [INF] Executing OkObjectResult, writing value of type 'BlogApp.DTOs.TagListRespDTO'.
2026-06-28 14:52:22.900 +07:00 [INF] Executed action BlogApp.Controllers.TagController.GetTop5Tags (BlogApp) in 860.4811ms
2026-06-28 14:52:22.900 +07:00 [INF] Executed endpoint 'BlogApp.Controllers.TagController.GetTop5Tags (BlogApp)'
2026-06-28 14:52:22.900 +07:00 [INF] HTTP GET /api/tags/topfive responded 200 in 940.3287 ms
2026-06-28 14:52:22.905 +07:00 [INF] Request finished HTTP/1.1 GET http://localhost:5059/api/tags/topfive - 200 null application/json; charset=utf-8 948.0075ms
2026-06-28 14:52:22.905 +07:00 [INF] Request starting HTTP/1.1 GET http://localhost:5059/api/tags/topfive - null null
2026-06-28 14:52:22.905 +07:00 [INF] CORS policy execution successful.
2026-06-28 14:52:22.906 +07:00 [INF] Executing endpoint 'BlogApp.Controllers.TagController.GetTop5Tags (BlogApp)'
2026-06-28 14:52:22.906 +07:00 [INF] Route matched with {action = "GetTop5Tags", controller = "Tag"}. Executing controller action with signature Microsoft.AspNetCore.Mvc.ActionResult GetTop5Tags() on controller BlogApp.Controllers.TagController (BlogApp).
2026-06-28 14:52:22.958 +07:00 [INF] Executed DbCommand (1ms) [Parameters=[], CommandType='"Text"', CommandTimeout='30']

            SELECT tag AS Name, COUNT(*) AS blog_count
            FROM "Blogs", UNNEST("Tags") AS tag
            GROUP BY tag
            ORDER BY blog_count DESC
            LIMIT 5
2026-06-28 14:52:22.959 +07:00 [INF] Executing OkObjectResult, writing value of type 'BlogApp.DTOs.TagListRespDTO'.
2026-06-28 14:52:22.959 +07:00 [INF] Executed action BlogApp.Controllers.TagController.GetTop5Tags (BlogApp) in 53.2842ms
2026-06-28 14:52:22.959 +07:00 [INF] Executed endpoint 'BlogApp.Controllers.TagController.GetTop5Tags (BlogApp)'
2026-06-28 14:52:22.959 +07:00 [INF] HTTP GET /api/tags/topfive responded 200 in 53.9785 ms
2026-06-28 14:52:22.960 +07:00 [INF] Request finished HTTP/1.1 GET http://localhost:5059/api/tags/topfive - 200 null application/json; charset=utf-8 54.5273ms
2026-06-28 14:52:22.993 +07:00 [INF] Executing OkObjectResult, writing value of type 'BlogApp.DTOs.BlogListRespDTO'.
2026-06-28 14:52:22.993 +07:00 [INF] Executing OkObjectResult, writing value of type 'BlogApp.DTOs.BlogListRespDTO'.
2026-06-28 14:52:23.000 +07:00 [INF] Executed action BlogApp.Controllers.BlogController.GetTop5Blogs (BlogApp) in 960.5031ms
2026-06-28 14:52:23.000 +07:00 [INF] Executed action BlogApp.Controllers.BlogController.Get5LatestBlogs (BlogApp) in 960.3284ms
2026-06-28 14:52:23.000 +07:00 [INF] Executed endpoint 'BlogApp.Controllers.BlogController.GetTop5Blogs (BlogApp)'
2026-06-28 14:52:23.000 +07:00 [INF] Executed endpoint 'BlogApp.Controllers.BlogController.Get5LatestBlogs (BlogApp)'
2026-06-28 14:52:23.000 +07:00 [INF] HTTP GET /api/blog/topfive responded 200 in 1040.3073 ms
2026-06-28 14:52:23.000 +07:00 [INF] HTTP GET /api/blog/fivelatest responded 200 in 1040.3458 ms
2026-06-28 14:52:23.000 +07:00 [INF] Request finished HTTP/1.1 GET http://localhost:5059/api/blog/topfive - 200 null application/json; charset=utf-8 1043.6128ms
2026-06-28 14:52:23.000 +07:00 [INF] Request finished HTTP/1.1 GET http://localhost:5059/api/blog/fivelatest - 200 null application/json; charset=utf-8 1043.7172ms
2026-06-28 14:52:23.001 +07:00 [INF] Request starting HTTP/1.1 GET http://localhost:5059/api/blog/fivelatest - null null
2026-06-28 14:52:23.001 +07:00 [INF] Request starting HTTP/1.1 GET http://localhost:5059/api/blog/topfive - null null
2026-06-28 14:52:23.001 +07:00 [INF] CORS policy execution successful.
2026-06-28 14:52:23.002 +07:00 [INF] CORS policy execution successful.
2026-06-28 14:52:23.002 +07:00 [INF] Executing endpoint 'BlogApp.Controllers.BlogController.Get5LatestBlogs (BlogApp)'
2026-06-28 14:52:23.002 +07:00 [INF] Executing endpoint 'BlogApp.Controllers.BlogController.GetTop5Blogs (BlogApp)'
2026-06-28 14:52:23.002 +07:00 [INF] Route matched with {action = "Get5LatestBlogs", controller = "Blog"}. Executing controller action with signature Microsoft.AspNetCore.Mvc.ActionResult Get5LatestBlogs() on controller BlogApp.Controllers.BlogController (BlogApp).
2026-06-28 14:52:23.002 +07:00 [INF] Route matched with {action = "GetTop5Blogs", controller = "Blog"}. Executing controller action with signature Microsoft.AspNetCore.Mvc.ActionResult GetTop5Blogs() on controller BlogApp.Controllers.BlogController (BlogApp).
2026-06-28 14:52:23.004 +07:00 [INF] Executed DbCommand (1ms) [Parameters=[], CommandType='"Text"', CommandTimeout='30']
SELECT b."Id", b."AmountOfAccesses", b."AuthorId", b."Content", b."CoverImage", b."CreatedAt", b."PublishedAt", b."State", b."Tags", b."Title", b."UpdatedAt"
FROM "Blogs" AS b
ORDER BY b."CreatedAt" DESC
2026-06-28 14:52:23.004 +07:00 [INF] Executed DbCommand (1ms) [Parameters=[], CommandType='"Text"', CommandTimeout='30']
SELECT b."Id", b."AmountOfAccesses", b."AuthorId", b."Content", b."CoverImage", b."CreatedAt", b."PublishedAt", b."State", b."Tags", b."Title", b."UpdatedAt"
FROM "Blogs" AS b
ORDER BY b."CreatedAt" DESC
2026-06-28 14:52:23.005 +07:00 [INF] Executing OkObjectResult, writing value of type 'BlogApp.DTOs.BlogListRespDTO'.
2026-06-28 14:52:23.005 +07:00 [INF] Executing OkObjectResult, writing value of type 'BlogApp.DTOs.BlogListRespDTO'.
2026-06-28 14:52:23.005 +07:00 [INF] Executed action BlogApp.Controllers.BlogController.Get5LatestBlogs (BlogApp) in 2.992ms
2026-06-28 14:52:23.005 +07:00 [INF] Executed action BlogApp.Controllers.BlogController.GetTop5Blogs (BlogApp) in 2.9767ms
2026-06-28 14:52:23.005 +07:00 [INF] Executed endpoint 'BlogApp.Controllers.BlogController.Get5LatestBlogs (BlogApp)'
2026-06-28 14:52:23.005 +07:00 [INF] Executed endpoint 'BlogApp.Controllers.BlogController.GetTop5Blogs (BlogApp)'
2026-06-28 14:52:23.005 +07:00 [INF] HTTP GET /api/blog/fivelatest responded 200 in 3.8216 ms
2026-06-28 14:52:23.006 +07:00 [INF] HTTP GET /api/blog/topfive responded 200 in 3.8538 ms
2026-06-28 14:52:23.006 +07:00 [INF] Request finished HTTP/1.1 GET http://localhost:5059/api/blog/fivelatest - 200 null application/json; charset=utf-8 4.3892ms
2026-06-28 14:52:23.006 +07:00 [INF] Request finished HTTP/1.1 GET http://localhost:5059/api/blog/topfive - 200 null application/json; charset=utf-8 4.5114ms
2026-06-28 14:52:26.750 +07:00 [INF] Request starting HTTP/1.1 POST http://localhost:5059/api/blog/search - application/json 432
2026-06-28 14:52:26.751 +07:00 [INF] CORS policy execution successful.
2026-06-28 14:52:26.752 +07:00 [INF] Executing endpoint 'BlogApp.Controllers.BlogController.SearchBlogs (BlogApp)'
2026-06-28 14:52:26.752 +07:00 [INF] Route matched with {action = "SearchBlogs", controller = "Blog"}. Executing controller action with signature Microsoft.AspNetCore.Mvc.ActionResult SearchBlogs(BlogApp.DTOs.SearchBlogReqDTO) on controller BlogApp.Controllers.BlogController (BlogApp).
2026-06-28 14:52:26.754 +07:00 [INF] Executing BadRequestObjectResult, writing value of type 'Microsoft.AspNetCore.Mvc.ValidationProblemDetails'.
2026-06-28 14:52:26.754 +07:00 [INF] Executed action BlogApp.Controllers.BlogController.SearchBlogs (BlogApp) in 2.2325ms
2026-06-28 14:52:26.754 +07:00 [INF] Executed endpoint 'BlogApp.Controllers.BlogController.SearchBlogs (BlogApp)'
2026-06-28 14:52:26.754 +07:00 [INF] HTTP POST /api/blog/search responded 400 in 3.3606 ms
2026-06-28 14:52:26.755 +07:00 [INF] Request finished HTTP/1.1 POST http://localhost:5059/api/blog/search - 400 null application/problem+json; charset=utf-8 4.5138ms
2026-06-28 14:54:17.873 +07:00 [INF] User profile is available. Using '/home/kieudangkimbao2000/.aspnet/DataProtection-Keys' as key repository; keys will not be encrypted at rest.
2026-06-28 14:54:18.074 +07:00 [WRN] The ASP.NET Core developer certificate is not trusted. For information about trusting the ASP.NET Core developer certificate, see https://aka.ms/aspnet/https-trust-dev-cert
2026-06-28 14:54:18.088 +07:00 [INF] Now listening on: https://localhost:7065
2026-06-28 14:54:18.088 +07:00 [INF] Now listening on: http://localhost:5059
2026-06-28 14:54:18.089 +07:00 [INF] Application started. Press Ctrl+C to shut down.
2026-06-28 14:54:18.089 +07:00 [INF] Hosting environment: Development
2026-06-28 14:54:18.090 +07:00 [INF] Content root path: /home/kieudangkimbao2000/WorkSpace/BlogApp/backend
2026-06-28 14:54:30.248 +07:00 [INF] Request starting HTTP/1.1 OPTIONS http://localhost:5059/api/tags/topfive - null null
2026-06-28 14:54:30.248 +07:00 [INF] Request starting HTTP/1.1 OPTIONS http://localhost:5059/api/blog/topfive - null null
2026-06-28 14:54:30.248 +07:00 [INF] Request starting HTTP/1.1 OPTIONS http://localhost:5059/api/authen/check-valid-token - null null
2026-06-28 14:54:30.248 +07:00 [INF] Request starting HTTP/1.1 OPTIONS http://localhost:5059/api/blog/search - null null
2026-06-28 14:54:30.248 +07:00 [INF] Request starting HTTP/1.1 OPTIONS http://localhost:5059/api/blog/fivelatest - null null
2026-06-28 14:54:30.248 +07:00 [INF] Request starting HTTP/1.1 OPTIONS http://localhost:5059/api/blog/search - null null
2026-06-28 14:54:30.276 +07:00 [INF] CORS policy execution successful.
2026-06-28 14:54:30.276 +07:00 [INF] CORS policy execution successful.
2026-06-28 14:54:30.276 +07:00 [INF] CORS policy execution successful.
2026-06-28 14:54:30.276 +07:00 [INF] CORS policy execution successful.
2026-06-28 14:54:30.276 +07:00 [INF] CORS policy execution successful.
2026-06-28 14:54:30.276 +07:00 [INF] CORS policy execution successful.
2026-06-28 14:54:30.302 +07:00 [INF] Request finished HTTP/1.1 OPTIONS http://localhost:5059/api/blog/search - 204 null null 34.8107ms
2026-06-28 14:54:30.302 +07:00 [INF] Request finished HTTP/1.1 OPTIONS http://localhost:5059/api/blog/search - 204 null null 34.8188ms
2026-06-28 14:54:30.302 +07:00 [INF] Request finished HTTP/1.1 OPTIONS http://localhost:5059/api/authen/check-valid-token - 204 null null 34.8083ms
2026-06-28 14:54:30.302 +07:00 [INF] Request finished HTTP/1.1 OPTIONS http://localhost:5059/api/tags/topfive - 204 null null 34.832ms
2026-06-28 14:54:30.302 +07:00 [INF] Request finished HTTP/1.1 OPTIONS http://localhost:5059/api/blog/topfive - 204 null null 34.814ms
2026-06-28 14:54:30.302 +07:00 [INF] Request finished HTTP/1.1 OPTIONS http://localhost:5059/api/blog/fivelatest - 204 null null 34.8151ms
2026-06-28 14:54:30.305 +07:00 [INF] Request starting HTTP/1.1 OPTIONS http://localhost:5059/api/blog/fivelatest - null null
2026-06-28 14:54:30.305 +07:00 [INF] Request starting HTTP/1.1 OPTIONS http://localhost:5059/api/blog/topfive - null null
2026-06-28 14:54:30.305 +07:00 [INF] Request starting HTTP/1.1 OPTIONS http://localhost:5059/api/tags/topfive - null null
2026-06-28 14:54:30.306 +07:00 [INF] Request starting HTTP/1.1 OPTIONS http://localhost:5059/api/authen/check-valid-token - null null
2026-06-28 14:54:30.307 +07:00 [INF] Request starting HTTP/1.1 GET http://localhost:5059/api/tags/topfive - null null
2026-06-28 14:54:30.307 +07:00 [INF] Request starting HTTP/1.1 POST http://localhost:5059/api/blog/search - application/json 426
2026-06-28 14:54:30.307 +07:00 [INF] CORS policy execution successful.
2026-06-28 14:54:30.307 +07:00 [INF] CORS policy execution successful.
2026-06-28 14:54:30.307 +07:00 [INF] CORS policy execution successful.
2026-06-28 14:54:30.307 +07:00 [INF] CORS policy execution successful.
2026-06-28 14:54:30.308 +07:00 [INF] Request finished HTTP/1.1 OPTIONS http://localhost:5059/api/tags/topfive - 204 null null 2.1235ms
2026-06-28 14:54:30.308 +07:00 [INF] Request finished HTTP/1.1 OPTIONS http://localhost:5059/api/authen/check-valid-token - 204 null null 1.7974ms
2026-06-28 14:54:30.308 +07:00 [INF] CORS policy execution successful.
2026-06-28 14:54:30.308 +07:00 [INF] CORS policy execution successful.
2026-06-28 14:54:30.308 +07:00 [INF] Request finished HTTP/1.1 OPTIONS http://localhost:5059/api/blog/fivelatest - 204 null null 2.199ms
2026-06-28 14:54:30.308 +07:00 [INF] Request finished HTTP/1.1 OPTIONS http://localhost:5059/api/blog/topfive - 204 null null 2.2686ms
2026-06-28 14:54:30.309 +07:00 [INF] Request starting HTTP/1.1 GET http://localhost:5059/api/blog/fivelatest - null null
2026-06-28 14:54:30.309 +07:00 [INF] Request starting HTTP/1.1 GET http://localhost:5059/api/blog/topfive - null null
2026-06-28 14:54:30.309 +07:00 [INF] Request starting HTTP/1.1 GET http://localhost:5059/api/authen/check-valid-token - null null
2026-06-28 14:54:30.309 +07:00 [INF] Request starting HTTP/1.1 POST http://localhost:5059/api/blog/search - application/json 426
2026-06-28 14:54:30.309 +07:00 [INF] CORS policy execution successful.
2026-06-28 14:54:30.310 +07:00 [INF] CORS policy execution successful.
2026-06-28 14:54:30.310 +07:00 [INF] CORS policy execution successful.
2026-06-28 14:54:30.310 +07:00 [INF] CORS policy execution successful.
2026-06-28 14:54:30.380 +07:00 [INF] Executing endpoint 'BlogApp.Controllers.BlogController.SearchBlogs (BlogApp)'
2026-06-28 14:54:30.380 +07:00 [INF] Executing endpoint 'BlogApp.Controllers.BlogController.Get5LatestBlogs (BlogApp)'
2026-06-28 14:54:30.380 +07:00 [INF] Executing endpoint 'BlogApp.Controllers.BlogController.GetTop5Blogs (BlogApp)'
2026-06-28 14:54:30.380 +07:00 [INF] Executing endpoint 'BlogApp.Controllers.BlogController.SearchBlogs (BlogApp)'
2026-06-28 14:54:30.380 +07:00 [INF] Executing endpoint 'BlogApp.Controllers.TagController.GetTop5Tags (BlogApp)'
2026-06-28 14:54:30.381 +07:00 [INF] Executing endpoint 'BlogApp.Controllers.AuthenController.CheckValidToken (BlogApp)'
2026-06-28 14:54:30.391 +07:00 [INF] Route matched with {action = "Get5LatestBlogs", controller = "Blog"}. Executing controller action with signature Microsoft.AspNetCore.Mvc.ActionResult Get5LatestBlogs() on controller BlogApp.Controllers.BlogController (BlogApp).
2026-06-28 14:54:30.391 +07:00 [INF] Route matched with {action = "GetTop5Blogs", controller = "Blog"}. Executing controller action with signature Microsoft.AspNetCore.Mvc.ActionResult GetTop5Blogs() on controller BlogApp.Controllers.BlogController (BlogApp).
2026-06-28 14:54:30.391 +07:00 [INF] Route matched with {action = "CheckValidToken", controller = "Authen"}. Executing controller action with signature Microsoft.AspNetCore.Mvc.ActionResult`1[BlogApp.DTOs.ResponseBaseDTO] CheckValidToken() on controller BlogApp.Controllers.AuthenController (BlogApp).
2026-06-28 14:54:30.391 +07:00 [INF] Route matched with {action = "GetTop5Tags", controller = "Tag"}. Executing controller action with signature Microsoft.AspNetCore.Mvc.ActionResult GetTop5Tags() on controller BlogApp.Controllers.TagController (BlogApp).
2026-06-28 14:54:30.395 +07:00 [INF] Route matched with {action = "SearchBlogs", controller = "Blog"}. Executing controller action with signature Microsoft.AspNetCore.Mvc.ActionResult SearchBlogs(BlogApp.DTOs.SearchBlogReqDTO) on controller BlogApp.Controllers.BlogController (BlogApp).
2026-06-28 14:54:30.395 +07:00 [INF] Route matched with {action = "SearchBlogs", controller = "Blog"}. Executing controller action with signature Microsoft.AspNetCore.Mvc.ActionResult SearchBlogs(BlogApp.DTOs.SearchBlogReqDTO) on controller BlogApp.Controllers.BlogController (BlogApp).
2026-06-28 14:54:30.494 +07:00 [INF] Executing OkObjectResult, writing value of type 'BlogApp.DTOs.ResponseBaseDTO'.
2026-06-28 14:54:30.504 +07:00 [INF] Executing BadRequestObjectResult, writing value of type 'Microsoft.AspNetCore.Mvc.ValidationProblemDetails'.
2026-06-28 14:54:30.504 +07:00 [INF] Executing BadRequestObjectResult, writing value of type 'Microsoft.AspNetCore.Mvc.ValidationProblemDetails'.
2026-06-28 14:54:30.521 +07:00 [INF] Executed action BlogApp.Controllers.AuthenController.CheckValidToken (BlogApp) in 127.1525ms
2026-06-28 14:54:30.521 +07:00 [INF] Executed endpoint 'BlogApp.Controllers.AuthenController.CheckValidToken (BlogApp)'
2026-06-28 14:54:30.523 +07:00 [INF] HTTP GET /api/authen/check-valid-token responded 200 in 211.0602 ms
2026-06-28 14:54:30.525 +07:00 [INF] Request finished HTTP/1.1 GET http://localhost:5059/api/authen/check-valid-token - 200 null application/json; charset=utf-8 215.5996ms
2026-06-28 14:54:30.525 +07:00 [INF] Request starting HTTP/1.1 GET http://localhost:5059/api/authen/check-valid-token - null null
2026-06-28 14:54:30.525 +07:00 [INF] CORS policy execution successful.
2026-06-28 14:54:30.529 +07:00 [INF] Executing endpoint 'BlogApp.Controllers.AuthenController.CheckValidToken (BlogApp)'
2026-06-28 14:54:30.529 +07:00 [INF] Route matched with {action = "CheckValidToken", controller = "Authen"}. Executing controller action with signature Microsoft.AspNetCore.Mvc.ActionResult`1[BlogApp.DTOs.ResponseBaseDTO] CheckValidToken() on controller BlogApp.Controllers.AuthenController (BlogApp).
2026-06-28 14:54:30.530 +07:00 [INF] Executed action BlogApp.Controllers.BlogController.SearchBlogs (BlogApp) in 134.2584ms
2026-06-28 14:54:30.530 +07:00 [INF] Executed action BlogApp.Controllers.BlogController.SearchBlogs (BlogApp) in 134.389ms
2026-06-28 14:54:30.530 +07:00 [INF] Executed endpoint 'BlogApp.Controllers.BlogController.SearchBlogs (BlogApp)'
2026-06-28 14:54:30.530 +07:00 [INF] Executed endpoint 'BlogApp.Controllers.BlogController.SearchBlogs (BlogApp)'
2026-06-28 14:54:30.530 +07:00 [INF] HTTP POST /api/blog/search responded 400 in 221.0720 ms
2026-06-28 14:54:30.530 +07:00 [INF] HTTP POST /api/blog/search responded 400 in 219.8884 ms
2026-06-28 14:54:30.530 +07:00 [INF] Request finished HTTP/1.1 POST http://localhost:5059/api/blog/search - 400 null application/problem+json; charset=utf-8 223.7148ms
2026-06-28 14:54:30.530 +07:00 [INF] Request finished HTTP/1.1 POST http://localhost:5059/api/blog/search - 400 null application/problem+json; charset=utf-8 221.2305ms
2026-06-28 14:54:30.531 +07:00 [INF] Executing OkObjectResult, writing value of type 'BlogApp.DTOs.ResponseBaseDTO'.
2026-06-28 14:54:30.531 +07:00 [INF] Executed action BlogApp.Controllers.AuthenController.CheckValidToken (BlogApp) in 2.0591ms
2026-06-28 14:54:30.531 +07:00 [INF] Executed endpoint 'BlogApp.Controllers.AuthenController.CheckValidToken (BlogApp)'
2026-06-28 14:54:30.531 +07:00 [INF] HTTP GET /api/authen/check-valid-token responded 200 in 5.9521 ms
2026-06-28 14:54:30.532 +07:00 [INF] Request finished HTTP/1.1 GET http://localhost:5059/api/authen/check-valid-token - 200 null application/json; charset=utf-8 6.4505ms
2026-06-28 14:54:31.166 +07:00 [INF] Executed DbCommand (16ms) [Parameters=[], CommandType='"Text"', CommandTimeout='30']

            SELECT tag AS Name, COUNT(*) AS blog_count
            FROM "Blogs", UNNEST("Tags") AS tag
            GROUP BY tag
            ORDER BY blog_count DESC
            LIMIT 5
2026-06-28 14:54:31.166 +07:00 [INF] Executed DbCommand (16ms) [Parameters=[], CommandType='"Text"', CommandTimeout='30']
SELECT b."Id", b."AmountOfAccesses", b."AuthorId", b."Content", b."CoverImage", b."CreatedAt", b."PublishedAt", b."State", b."Tags", b."Title", b."UpdatedAt"
FROM "Blogs" AS b
ORDER BY b."CreatedAt" DESC
2026-06-28 14:54:31.166 +07:00 [INF] Executed DbCommand (16ms) [Parameters=[], CommandType='"Text"', CommandTimeout='30']
SELECT b."Id", b."AmountOfAccesses", b."AuthorId", b."Content", b."CoverImage", b."CreatedAt", b."PublishedAt", b."State", b."Tags", b."Title", b."UpdatedAt"
FROM "Blogs" AS b
ORDER BY b."CreatedAt" DESC
2026-06-28 14:54:31.213 +07:00 [INF] Executing OkObjectResult, writing value of type 'BlogApp.DTOs.TagListRespDTO'.
2026-06-28 14:54:31.220 +07:00 [INF] Executed action BlogApp.Controllers.TagController.GetTop5Tags (BlogApp) in 828.5996ms
2026-06-28 14:54:31.220 +07:00 [INF] Executed endpoint 'BlogApp.Controllers.TagController.GetTop5Tags (BlogApp)'
2026-06-28 14:54:31.220 +07:00 [INF] HTTP GET /api/tags/topfive responded 200 in 911.0967 ms
2026-06-28 14:54:31.225 +07:00 [INF] Request finished HTTP/1.1 GET http://localhost:5059/api/tags/topfive - 200 null application/json; charset=utf-8 918.2116ms
2026-06-28 14:54:31.225 +07:00 [INF] Request starting HTTP/1.1 GET http://localhost:5059/api/tags/topfive - null null
2026-06-28 14:54:31.225 +07:00 [INF] CORS policy execution successful.
2026-06-28 14:54:31.226 +07:00 [INF] Executing endpoint 'BlogApp.Controllers.TagController.GetTop5Tags (BlogApp)'
2026-06-28 14:54:31.226 +07:00 [INF] Route matched with {action = "GetTop5Tags", controller = "Tag"}. Executing controller action with signature Microsoft.AspNetCore.Mvc.ActionResult GetTop5Tags() on controller BlogApp.Controllers.TagController (BlogApp).
2026-06-28 14:54:31.278 +07:00 [INF] Executed DbCommand (1ms) [Parameters=[], CommandType='"Text"', CommandTimeout='30']

            SELECT tag AS Name, COUNT(*) AS blog_count
            FROM "Blogs", UNNEST("Tags") AS tag
            GROUP BY tag
            ORDER BY blog_count DESC
            LIMIT 5
2026-06-28 14:54:31.279 +07:00 [INF] Executing OkObjectResult, writing value of type 'BlogApp.DTOs.TagListRespDTO'.
2026-06-28 14:54:31.279 +07:00 [INF] Executed action BlogApp.Controllers.TagController.GetTop5Tags (BlogApp) in 53.1329ms
2026-06-28 14:54:31.279 +07:00 [INF] Executed endpoint 'BlogApp.Controllers.TagController.GetTop5Tags (BlogApp)'
2026-06-28 14:54:31.279 +07:00 [INF] HTTP GET /api/tags/topfive responded 200 in 53.8295 ms
2026-06-28 14:54:31.279 +07:00 [INF] Request finished HTTP/1.1 GET http://localhost:5059/api/tags/topfive - 200 null application/json; charset=utf-8 54.3687ms
2026-06-28 14:54:31.312 +07:00 [INF] Executing OkObjectResult, writing value of type 'BlogApp.DTOs.BlogListRespDTO'.
2026-06-28 14:54:31.312 +07:00 [INF] Executing OkObjectResult, writing value of type 'BlogApp.DTOs.BlogListRespDTO'.
2026-06-28 14:54:31.319 +07:00 [INF] Executed action BlogApp.Controllers.BlogController.GetTop5Blogs (BlogApp) in 927.97ms
2026-06-28 14:54:31.319 +07:00 [INF] Executed action BlogApp.Controllers.BlogController.Get5LatestBlogs (BlogApp) in 927.9929ms
2026-06-28 14:54:31.319 +07:00 [INF] Executed endpoint 'BlogApp.Controllers.BlogController.GetTop5Blogs (BlogApp)'
2026-06-28 14:54:31.319 +07:00 [INF] Executed endpoint 'BlogApp.Controllers.BlogController.Get5LatestBlogs (BlogApp)'
2026-06-28 14:54:31.319 +07:00 [INF] HTTP GET /api/blog/topfive responded 200 in 1009.1768 ms
2026-06-28 14:54:31.319 +07:00 [INF] HTTP GET /api/blog/fivelatest responded 200 in 1009.3118 ms
2026-06-28 14:54:31.319 +07:00 [INF] Request finished HTTP/1.1 GET http://localhost:5059/api/blog/topfive - 200 null application/json; charset=utf-8 1010.2687ms
2026-06-28 14:54:31.320 +07:00 [INF] Request finished HTTP/1.1 GET http://localhost:5059/api/blog/fivelatest - 200 null application/json; charset=utf-8 1010.3655ms
2026-06-28 14:54:31.320 +07:00 [INF] Request starting HTTP/1.1 GET http://localhost:5059/api/blog/fivelatest - null null
2026-06-28 14:54:31.320 +07:00 [INF] Request starting HTTP/1.1 GET http://localhost:5059/api/blog/topfive - null null
2026-06-28 14:54:31.321 +07:00 [INF] CORS policy execution successful.
2026-06-28 14:54:31.321 +07:00 [INF] CORS policy execution successful.
2026-06-28 14:54:31.321 +07:00 [INF] Executing endpoint 'BlogApp.Controllers.BlogController.Get5LatestBlogs (BlogApp)'
2026-06-28 14:54:31.321 +07:00 [INF] Executing endpoint 'BlogApp.Controllers.BlogController.GetTop5Blogs (BlogApp)'
2026-06-28 14:54:31.321 +07:00 [INF] Route matched with {action = "Get5LatestBlogs", controller = "Blog"}. Executing controller action with signature Microsoft.AspNetCore.Mvc.ActionResult Get5LatestBlogs() on controller BlogApp.Controllers.BlogController (BlogApp).
2026-06-28 14:54:31.321 +07:00 [INF] Route matched with {action = "GetTop5Blogs", controller = "Blog"}. Executing controller action with signature Microsoft.AspNetCore.Mvc.ActionResult GetTop5Blogs() on controller BlogApp.Controllers.BlogController (BlogApp).
2026-06-28 14:54:31.326 +07:00 [INF] Executed DbCommand (1ms) [Parameters=[], CommandType='"Text"', CommandTimeout='30']
SELECT b."Id", b."AmountOfAccesses", b."AuthorId", b."Content", b."CoverImage", b."CreatedAt", b."PublishedAt", b."State", b."Tags", b."Title", b."UpdatedAt"
FROM "Blogs" AS b
ORDER BY b."CreatedAt" DESC
2026-06-28 14:54:31.326 +07:00 [INF] Executed DbCommand (1ms) [Parameters=[], CommandType='"Text"', CommandTimeout='30']
SELECT b."Id", b."AmountOfAccesses", b."AuthorId", b."Content", b."CoverImage", b."CreatedAt", b."PublishedAt", b."State", b."Tags", b."Title", b."UpdatedAt"
FROM "Blogs" AS b
ORDER BY b."CreatedAt" DESC
2026-06-28 14:54:31.326 +07:00 [INF] Executing OkObjectResult, writing value of type 'BlogApp.DTOs.BlogListRespDTO'.
2026-06-28 14:54:31.326 +07:00 [INF] Executing OkObjectResult, writing value of type 'BlogApp.DTOs.BlogListRespDTO'.
2026-06-28 14:54:31.327 +07:00 [INF] Executed action BlogApp.Controllers.BlogController.GetTop5Blogs (BlogApp) in 5.186ms
2026-06-28 14:54:31.327 +07:00 [INF] Executed action BlogApp.Controllers.BlogController.Get5LatestBlogs (BlogApp) in 5.3072ms
2026-06-28 14:54:31.327 +07:00 [INF] Executed endpoint 'BlogApp.Controllers.BlogController.GetTop5Blogs (BlogApp)'
2026-06-28 14:54:31.327 +07:00 [INF] Executed endpoint 'BlogApp.Controllers.BlogController.Get5LatestBlogs (BlogApp)'
2026-06-28 14:54:31.327 +07:00 [INF] HTTP GET /api/blog/topfive responded 200 in 6.0252 ms
2026-06-28 14:54:31.327 +07:00 [INF] HTTP GET /api/blog/fivelatest responded 200 in 6.1794 ms
2026-06-28 14:54:31.327 +07:00 [INF] Request finished HTTP/1.1 GET http://localhost:5059/api/blog/topfive - 200 null application/json; charset=utf-8 6.6973ms
2026-06-28 14:54:31.327 +07:00 [INF] Request finished HTTP/1.1 GET http://localhost:5059/api/blog/fivelatest - 200 null application/json; charset=utf-8 6.7982ms
2026-06-28 14:54:32.292 +07:00 [INF] Request starting HTTP/1.1 GET http://localhost:5059/api/authen/check-valid-token - null null
2026-06-28 14:54:32.292 +07:00 [INF] Request starting HTTP/1.1 POST http://localhost:5059/api/blog/search - application/json 426
2026-06-28 14:54:32.292 +07:00 [INF] Request starting HTTP/1.1 GET http://localhost:5059/api/tags/topfive - null null
2026-06-28 14:54:32.293 +07:00 [INF] CORS policy execution successful.
2026-06-28 14:54:32.293 +07:00 [INF] CORS policy execution successful.
2026-06-28 14:54:32.293 +07:00 [INF] CORS policy execution successful.
2026-06-28 14:54:32.293 +07:00 [INF] Request starting HTTP/1.1 GET http://localhost:5059/api/blog/fivelatest - null null
2026-06-28 14:54:32.293 +07:00 [INF] Request starting HTTP/1.1 GET http://localhost:5059/api/blog/topfive - null null
2026-06-28 14:54:32.293 +07:00 [INF] CORS policy execution successful.
2026-06-28 14:54:32.293 +07:00 [INF] CORS policy execution successful.
2026-06-28 14:54:32.294 +07:00 [INF] Executing endpoint 'BlogApp.Controllers.BlogController.Get5LatestBlogs (BlogApp)'
2026-06-28 14:54:32.294 +07:00 [INF] Executing endpoint 'BlogApp.Controllers.BlogController.GetTop5Blogs (BlogApp)'
2026-06-28 14:54:32.294 +07:00 [INF] Executing endpoint 'BlogApp.Controllers.TagController.GetTop5Tags (BlogApp)'
2026-06-28 14:54:32.294 +07:00 [INF] Route matched with {action = "Get5LatestBlogs", controller = "Blog"}. Executing controller action with signature Microsoft.AspNetCore.Mvc.ActionResult Get5LatestBlogs() on controller BlogApp.Controllers.BlogController (BlogApp).
2026-06-28 14:54:32.294 +07:00 [INF] Executing endpoint 'BlogApp.Controllers.AuthenController.CheckValidToken (BlogApp)'
2026-06-28 14:54:32.294 +07:00 [INF] Route matched with {action = "GetTop5Blogs", controller = "Blog"}. Executing controller action with signature Microsoft.AspNetCore.Mvc.ActionResult GetTop5Blogs() on controller BlogApp.Controllers.BlogController (BlogApp).
2026-06-28 14:54:32.294 +07:00 [INF] Route matched with {action = "GetTop5Tags", controller = "Tag"}. Executing controller action with signature Microsoft.AspNetCore.Mvc.ActionResult GetTop5Tags() on controller BlogApp.Controllers.TagController (BlogApp).
2026-06-28 14:54:32.294 +07:00 [INF] Executing endpoint 'BlogApp.Controllers.BlogController.SearchBlogs (BlogApp)'
2026-06-28 14:54:32.294 +07:00 [INF] Route matched with {action = "CheckValidToken", controller = "Authen"}. Executing controller action with signature Microsoft.AspNetCore.Mvc.ActionResult`1[BlogApp.DTOs.ResponseBaseDTO] CheckValidToken() on controller BlogApp.Controllers.AuthenController (BlogApp).
2026-06-28 14:54:32.294 +07:00 [INF] Route matched with {action = "SearchBlogs", controller = "Blog"}. Executing controller action with signature Microsoft.AspNetCore.Mvc.ActionResult SearchBlogs(BlogApp.DTOs.SearchBlogReqDTO) on controller BlogApp.Controllers.BlogController (BlogApp).
2026-06-28 14:54:32.295 +07:00 [INF] Request starting HTTP/1.1 POST http://localhost:5059/api/blog/search - application/json 426
2026-06-28 14:54:32.296 +07:00 [INF] CORS policy execution successful.
2026-06-28 14:54:32.296 +07:00 [INF] Executing endpoint 'BlogApp.Controllers.BlogController.SearchBlogs (BlogApp)'
2026-06-28 14:54:32.296 +07:00 [INF] Route matched with {action = "SearchBlogs", controller = "Blog"}. Executing controller action with signature Microsoft.AspNetCore.Mvc.ActionResult SearchBlogs(BlogApp.DTOs.SearchBlogReqDTO) on controller BlogApp.Controllers.BlogController (BlogApp).
2026-06-28 14:54:32.297 +07:00 [INF] Executing OkObjectResult, writing value of type 'BlogApp.DTOs.ResponseBaseDTO'.
2026-06-28 14:54:32.297 +07:00 [INF] Executed action BlogApp.Controllers.AuthenController.CheckValidToken (BlogApp) in 2.5245ms
2026-06-28 14:54:32.297 +07:00 [INF] Executed endpoint 'BlogApp.Controllers.AuthenController.CheckValidToken (BlogApp)'
2026-06-28 14:54:32.297 +07:00 [INF] HTTP GET /api/authen/check-valid-token responded 200 in 4.3925 ms
2026-06-28 14:54:32.297 +07:00 [INF] Executing BadRequestObjectResult, writing value of type 'Microsoft.AspNetCore.Mvc.ValidationProblemDetails'.
2026-06-28 14:54:32.297 +07:00 [INF] Executing BadRequestObjectResult, writing value of type 'Microsoft.AspNetCore.Mvc.ValidationProblemDetails'.
2026-06-28 14:54:32.298 +07:00 [INF] Request finished HTTP/1.1 GET http://localhost:5059/api/authen/check-valid-token - 200 null application/json; charset=utf-8 5.7351ms
2026-06-28 14:54:32.298 +07:00 [INF] Executed action BlogApp.Controllers.BlogController.SearchBlogs (BlogApp) in 1.1977ms
2026-06-28 14:54:32.298 +07:00 [INF] Executed action BlogApp.Controllers.BlogController.SearchBlogs (BlogApp) in 3.3003ms
2026-06-28 14:54:32.298 +07:00 [INF] Executed endpoint 'BlogApp.Controllers.BlogController.SearchBlogs (BlogApp)'
2026-06-28 14:54:32.298 +07:00 [INF] Executed endpoint 'BlogApp.Controllers.BlogController.SearchBlogs (BlogApp)'
2026-06-28 14:54:32.298 +07:00 [INF] HTTP POST /api/blog/search responded 400 in 2.2328 ms
2026-06-28 14:54:32.298 +07:00 [INF] HTTP POST /api/blog/search responded 400 in 5.4917 ms
2026-06-28 14:54:32.298 +07:00 [INF] Request finished HTTP/1.1 POST http://localhost:5059/api/blog/search - 400 null application/problem+json; charset=utf-8 3.0014ms
2026-06-28 14:54:32.299 +07:00 [INF] Request finished HTTP/1.1 POST http://localhost:5059/api/blog/search - 400 null application/problem+json; charset=utf-8 6.7449ms
2026-06-28 14:54:32.299 +07:00 [INF] Request starting HTTP/1.1 GET http://localhost:5059/api/authen/check-valid-token - null null
2026-06-28 14:54:32.299 +07:00 [INF] CORS policy execution successful.
2026-06-28 14:54:32.300 +07:00 [INF] Executing endpoint 'BlogApp.Controllers.AuthenController.CheckValidToken (BlogApp)'
2026-06-28 14:54:32.300 +07:00 [INF] Route matched with {action = "CheckValidToken", controller = "Authen"}. Executing controller action with signature Microsoft.AspNetCore.Mvc.ActionResult`1[BlogApp.DTOs.ResponseBaseDTO] CheckValidToken() on controller BlogApp.Controllers.AuthenController (BlogApp).
2026-06-28 14:54:32.300 +07:00 [INF] Executed DbCommand (2ms) [Parameters=[], CommandType='"Text"', CommandTimeout='30']
SELECT b."Id", b."AmountOfAccesses", b."AuthorId", b."Content", b."CoverImage", b."CreatedAt", b."PublishedAt", b."State", b."Tags", b."Title", b."UpdatedAt"
FROM "Blogs" AS b
ORDER BY b."CreatedAt" DESC
2026-06-28 14:54:32.300 +07:00 [INF] Executed DbCommand (2ms) [Parameters=[], CommandType='"Text"', CommandTimeout='30']
SELECT b."Id", b."AmountOfAccesses", b."AuthorId", b."Content", b."CoverImage", b."CreatedAt", b."PublishedAt", b."State", b."Tags", b."Title", b."UpdatedAt"
FROM "Blogs" AS b
ORDER BY b."CreatedAt" DESC
2026-06-28 14:54:32.301 +07:00 [INF] Executing OkObjectResult, writing value of type 'BlogApp.DTOs.ResponseBaseDTO'.
2026-06-28 14:54:32.301 +07:00 [INF] Executed action BlogApp.Controllers.AuthenController.CheckValidToken (BlogApp) in 0.7164ms
2026-06-28 14:54:32.301 +07:00 [INF] Executed endpoint 'BlogApp.Controllers.AuthenController.CheckValidToken (BlogApp)'
2026-06-28 14:54:32.301 +07:00 [INF] HTTP GET /api/authen/check-valid-token responded 200 in 1.7701 ms
2026-06-28 14:54:32.301 +07:00 [INF] Request finished HTTP/1.1 GET http://localhost:5059/api/authen/check-valid-token - 200 null application/json; charset=utf-8 2.7968ms
2026-06-28 14:54:32.302 +07:00 [INF] Executing OkObjectResult, writing value of type 'BlogApp.DTOs.BlogListRespDTO'.
2026-06-28 14:54:32.302 +07:00 [INF] Executing OkObjectResult, writing value of type 'BlogApp.DTOs.BlogListRespDTO'.
2026-06-28 14:54:32.302 +07:00 [INF] Executed action BlogApp.Controllers.BlogController.Get5LatestBlogs (BlogApp) in 8.0026ms
2026-06-28 14:54:32.302 +07:00 [INF] Executed action BlogApp.Controllers.BlogController.GetTop5Blogs (BlogApp) in 7.8711ms
2026-06-28 14:54:32.302 +07:00 [INF] Executed endpoint 'BlogApp.Controllers.BlogController.Get5LatestBlogs (BlogApp)'
2026-06-28 14:54:32.302 +07:00 [INF] Executed endpoint 'BlogApp.Controllers.BlogController.GetTop5Blogs (BlogApp)'
2026-06-28 14:54:32.302 +07:00 [INF] HTTP GET /api/blog/fivelatest responded 200 in 9.0092 ms
2026-06-28 14:54:32.302 +07:00 [INF] HTTP GET /api/blog/topfive responded 200 in 8.9583 ms
2026-06-28 14:54:32.302 +07:00 [INF] Request finished HTTP/1.1 GET http://localhost:5059/api/blog/fivelatest - 200 null application/json; charset=utf-8 9.6792ms
2026-06-28 14:54:32.303 +07:00 [INF] Request finished HTTP/1.1 GET http://localhost:5059/api/blog/topfive - 200 null application/json; charset=utf-8 9.6995ms
2026-06-28 14:54:32.303 +07:00 [INF] Request starting HTTP/1.1 GET http://localhost:5059/api/blog/fivelatest - null null
2026-06-28 14:54:32.303 +07:00 [INF] Request starting HTTP/1.1 GET http://localhost:5059/api/blog/topfive - null null
2026-06-28 14:54:32.303 +07:00 [INF] CORS policy execution successful.
2026-06-28 14:54:32.304 +07:00 [INF] CORS policy execution successful.
2026-06-28 14:54:32.304 +07:00 [INF] Executing endpoint 'BlogApp.Controllers.BlogController.Get5LatestBlogs (BlogApp)'
2026-06-28 14:54:32.304 +07:00 [INF] Executing endpoint 'BlogApp.Controllers.BlogController.GetTop5Blogs (BlogApp)'
2026-06-28 14:54:32.304 +07:00 [INF] Route matched with {action = "Get5LatestBlogs", controller = "Blog"}. Executing controller action with signature Microsoft.AspNetCore.Mvc.ActionResult Get5LatestBlogs() on controller BlogApp.Controllers.BlogController (BlogApp).
2026-06-28 14:54:32.304 +07:00 [INF] Route matched with {action = "GetTop5Blogs", controller = "Blog"}. Executing controller action with signature Microsoft.AspNetCore.Mvc.ActionResult GetTop5Blogs() on controller BlogApp.Controllers.BlogController (BlogApp).
2026-06-28 14:54:32.308 +07:00 [INF] Executed DbCommand (2ms) [Parameters=[], CommandType='"Text"', CommandTimeout='30']
SELECT b."Id", b."AmountOfAccesses", b."AuthorId", b."Content", b."CoverImage", b."CreatedAt", b."PublishedAt", b."State", b."Tags", b."Title", b."UpdatedAt"
FROM "Blogs" AS b
ORDER BY b."CreatedAt" DESC
2026-06-28 14:54:32.308 +07:00 [INF] Executed DbCommand (2ms) [Parameters=[], CommandType='"Text"', CommandTimeout='30']
SELECT b."Id", b."AmountOfAccesses", b."AuthorId", b."Content", b."CoverImage", b."CreatedAt", b."PublishedAt", b."State", b."Tags", b."Title", b."UpdatedAt"
FROM "Blogs" AS b
ORDER BY b."CreatedAt" DESC
2026-06-28 14:54:32.309 +07:00 [INF] Executing OkObjectResult, writing value of type 'BlogApp.DTOs.BlogListRespDTO'.
2026-06-28 14:54:32.309 +07:00 [INF] Executing OkObjectResult, writing value of type 'BlogApp.DTOs.BlogListRespDTO'.
2026-06-28 14:54:32.310 +07:00 [INF] Executed action BlogApp.Controllers.BlogController.Get5LatestBlogs (BlogApp) in 5.2344ms
2026-06-28 14:54:32.310 +07:00 [INF] Executed endpoint 'BlogApp.Controllers.BlogController.Get5LatestBlogs (BlogApp)'
2026-06-28 14:54:32.310 +07:00 [INF] Executed action BlogApp.Controllers.BlogController.GetTop5Blogs (BlogApp) in 5.0556ms
2026-06-28 14:54:32.310 +07:00 [INF] Executed endpoint 'BlogApp.Controllers.BlogController.GetTop5Blogs (BlogApp)'
2026-06-28 14:54:32.310 +07:00 [INF] Executed DbCommand (2ms) [Parameters=[], CommandType='"Text"', CommandTimeout='30']

            SELECT tag AS Name, COUNT(*) AS blog_count
            FROM "Blogs", UNNEST("Tags") AS tag
            GROUP BY tag
            ORDER BY blog_count DESC
            LIMIT 5
2026-06-28 14:54:32.310 +07:00 [INF] HTTP GET /api/blog/fivelatest responded 200 in 6.6295 ms
2026-06-28 14:54:32.310 +07:00 [INF] HTTP GET /api/blog/topfive responded 200 in 6.6903 ms
2026-06-28 14:54:32.311 +07:00 [INF] Request finished HTTP/1.1 GET http://localhost:5059/api/blog/fivelatest - 200 null application/json; charset=utf-8 7.9481ms
2026-06-28 14:54:32.311 +07:00 [INF] Executing OkObjectResult, writing value of type 'BlogApp.DTOs.TagListRespDTO'.
2026-06-28 14:54:32.312 +07:00 [INF] Executed action BlogApp.Controllers.TagController.GetTop5Tags (BlogApp) in 17.8026ms
2026-06-28 14:54:32.312 +07:00 [INF] Executed endpoint 'BlogApp.Controllers.TagController.GetTop5Tags (BlogApp)'
2026-06-28 14:54:32.312 +07:00 [INF] HTTP GET /api/tags/topfive responded 200 in 19.3900 ms
2026-06-28 14:54:32.311 +07:00 [INF] Request finished HTTP/1.1 GET http://localhost:5059/api/blog/topfive - 200 null application/json; charset=utf-8 8.0249ms
2026-06-28 14:54:32.313 +07:00 [INF] Request finished HTTP/1.1 GET http://localhost:5059/api/tags/topfive - 200 null application/json; charset=utf-8 20.2022ms
2026-06-28 14:54:32.314 +07:00 [INF] Request starting HTTP/1.1 GET http://localhost:5059/api/tags/topfive - null null
2026-06-28 14:54:32.314 +07:00 [INF] CORS policy execution successful.
2026-06-28 14:54:32.315 +07:00 [INF] Executing endpoint 'BlogApp.Controllers.TagController.GetTop5Tags (BlogApp)'
2026-06-28 14:54:32.315 +07:00 [INF] Route matched with {action = "GetTop5Tags", controller = "Tag"}. Executing controller action with signature Microsoft.AspNetCore.Mvc.ActionResult GetTop5Tags() on controller BlogApp.Controllers.TagController (BlogApp).
2026-06-28 14:54:32.317 +07:00 [INF] Executed DbCommand (1ms) [Parameters=[], CommandType='"Text"', CommandTimeout='30']

            SELECT tag AS Name, COUNT(*) AS blog_count
            FROM "Blogs", UNNEST("Tags") AS tag
            GROUP BY tag
            ORDER BY blog_count DESC
            LIMIT 5
2026-06-28 14:54:32.317 +07:00 [INF] Executing OkObjectResult, writing value of type 'BlogApp.DTOs.TagListRespDTO'.
2026-06-28 14:54:32.318 +07:00 [INF] Executed action BlogApp.Controllers.TagController.GetTop5Tags (BlogApp) in 2.6613ms
2026-06-28 14:54:32.318 +07:00 [INF] Executed endpoint 'BlogApp.Controllers.TagController.GetTop5Tags (BlogApp)'
2026-06-28 14:54:32.318 +07:00 [INF] HTTP GET /api/tags/topfive responded 200 in 3.4138 ms
2026-06-28 14:54:32.318 +07:00 [INF] Request finished HTTP/1.1 GET http://localhost:5059/api/tags/topfive - 200 null application/json; charset=utf-8 3.9896ms
2026-06-28 14:54:34.500 +07:00 [INF] Request starting HTTP/1.1 POST http://localhost:5059/api/blog/search - application/json 429
2026-06-28 14:54:34.501 +07:00 [INF] CORS policy execution successful.
2026-06-28 14:54:34.501 +07:00 [INF] Executing endpoint 'BlogApp.Controllers.BlogController.SearchBlogs (BlogApp)'
2026-06-28 14:54:34.501 +07:00 [INF] Route matched with {action = "SearchBlogs", controller = "Blog"}. Executing controller action with signature Microsoft.AspNetCore.Mvc.ActionResult SearchBlogs(BlogApp.DTOs.SearchBlogReqDTO) on controller BlogApp.Controllers.BlogController (BlogApp).
2026-06-28 14:54:34.502 +07:00 [INF] Executing BadRequestObjectResult, writing value of type 'Microsoft.AspNetCore.Mvc.ValidationProblemDetails'.
2026-06-28 14:54:34.502 +07:00 [INF] Executed action BlogApp.Controllers.BlogController.SearchBlogs (BlogApp) in 1.0396ms
2026-06-28 14:54:34.502 +07:00 [INF] Executed endpoint 'BlogApp.Controllers.BlogController.SearchBlogs (BlogApp)'
2026-06-28 14:54:34.502 +07:00 [INF] HTTP POST /api/blog/search responded 400 in 1.7851 ms
2026-06-28 14:54:34.503 +07:00 [INF] Request finished HTTP/1.1 POST http://localhost:5059/api/blog/search - 400 null application/problem+json; charset=utf-8 2.5289ms
2026-06-28 14:54:41.834 +07:00 [INF] Request starting HTTP/1.1 GET http://localhost:5059/openapi/v1.json - null null
2026-06-28 14:54:41.835 +07:00 [INF] Executing endpoint 'HTTP: GET /openapi/{documentName}.json'
2026-06-28 14:54:41.958 +07:00 [INF] Executed endpoint 'HTTP: GET /openapi/{documentName}.json'
2026-06-28 14:54:41.959 +07:00 [INF] HTTP GET /openapi/v1.json responded 200 in 124.0099 ms
2026-06-28 14:54:41.959 +07:00 [INF] Request finished HTTP/1.1 GET http://localhost:5059/openapi/v1.json - 200 null application/json;charset=utf-8 125.2748ms
2026-06-28 14:54:45.906 +07:00 [INF] Request starting HTTP/1.1 OPTIONS http://localhost:5059/api/blog/search - null null
2026-06-28 14:54:45.907 +07:00 [INF] CORS policy execution successful.
2026-06-28 14:54:45.907 +07:00 [INF] Request starting HTTP/1.1 OPTIONS http://localhost:5059/api/authen/check-valid-token - null null
2026-06-28 14:54:45.907 +07:00 [INF] CORS policy execution successful.
2026-06-28 14:54:45.908 +07:00 [INF] Request finished HTTP/1.1 OPTIONS http://localhost:5059/api/blog/search - 204 null null 1.4712ms
2026-06-28 14:54:45.908 +07:00 [INF] Request finished HTTP/1.1 OPTIONS http://localhost:5059/api/authen/check-valid-token - 204 null null 1.0874ms
2026-06-28 14:54:45.909 +07:00 [INF] Request starting HTTP/1.1 OPTIONS http://localhost:5059/api/tags/topfive - null null
2026-06-28 14:54:45.910 +07:00 [INF] Request starting HTTP/1.1 OPTIONS http://localhost:5059/api/blog/fivelatest - null null
2026-06-28 14:54:45.910 +07:00 [INF] Request starting HTTP/1.1 OPTIONS http://localhost:5059/api/blog/topfive - null null
2026-06-28 14:54:45.910 +07:00 [INF] Request starting HTTP/1.1 POST http://localhost:5059/api/blog/search - application/json 426
2026-06-28 14:54:45.910 +07:00 [INF] Request starting HTTP/1.1 POST http://localhost:5059/api/blog/search - application/json 426
2026-06-28 14:54:45.910 +07:00 [INF] Request starting HTTP/1.1 GET http://localhost:5059/api/authen/check-valid-token - null null
2026-06-28 14:54:45.910 +07:00 [INF] CORS policy execution successful.
2026-06-28 14:54:45.910 +07:00 [INF] CORS policy execution successful.
2026-06-28 14:54:45.910 +07:00 [INF] CORS policy execution successful.
2026-06-28 14:54:45.910 +07:00 [INF] Request finished HTTP/1.1 OPTIONS http://localhost:5059/api/tags/topfive - 204 null null 0.9189ms
2026-06-28 14:54:45.910 +07:00 [INF] CORS policy execution successful.
2026-06-28 14:54:45.910 +07:00 [INF] CORS policy execution successful.
2026-06-28 14:54:45.910 +07:00 [INF] Request finished HTTP/1.1 OPTIONS http://localhost:5059/api/blog/fivelatest - 204 null null 0.7271ms
2026-06-28 14:54:45.910 +07:00 [INF] Request finished HTTP/1.1 OPTIONS http://localhost:5059/api/blog/topfive - 204 null null 0.7157ms
2026-06-28 14:54:45.910 +07:00 [INF] CORS policy execution successful.
2026-06-28 14:54:45.911 +07:00 [INF] Executing endpoint 'BlogApp.Controllers.BlogController.SearchBlogs (BlogApp)'
2026-06-28 14:54:45.911 +07:00 [INF] Executing endpoint 'BlogApp.Controllers.AuthenController.CheckValidToken (BlogApp)'
2026-06-28 14:54:45.911 +07:00 [INF] Executing endpoint 'BlogApp.Controllers.BlogController.SearchBlogs (BlogApp)'
2026-06-28 14:54:45.911 +07:00 [INF] Route matched with {action = "SearchBlogs", controller = "Blog"}. Executing controller action with signature Microsoft.AspNetCore.Mvc.ActionResult SearchBlogs(BlogApp.DTOs.SearchBlogReqDTO) on controller BlogApp.Controllers.BlogController (BlogApp).
2026-06-28 14:54:45.911 +07:00 [INF] Route matched with {action = "SearchBlogs", controller = "Blog"}. Executing controller action with signature Microsoft.AspNetCore.Mvc.ActionResult SearchBlogs(BlogApp.DTOs.SearchBlogReqDTO) on controller BlogApp.Controllers.BlogController (BlogApp).
2026-06-28 14:54:45.911 +07:00 [INF] Route matched with {action = "CheckValidToken", controller = "Authen"}. Executing controller action with signature Microsoft.AspNetCore.Mvc.ActionResult`1[BlogApp.DTOs.ResponseBaseDTO] CheckValidToken() on controller BlogApp.Controllers.AuthenController (BlogApp).
2026-06-28 14:54:45.912 +07:00 [INF] Executing OkObjectResult, writing value of type 'BlogApp.DTOs.ResponseBaseDTO'.
2026-06-28 14:54:45.912 +07:00 [INF] Executing BadRequestObjectResult, writing value of type 'Microsoft.AspNetCore.Mvc.ValidationProblemDetails'.
2026-06-28 14:54:45.912 +07:00 [INF] Executed action BlogApp.Controllers.AuthenController.CheckValidToken (BlogApp) in 0.5195ms
2026-06-28 14:54:45.912 +07:00 [INF] Executing BadRequestObjectResult, writing value of type 'Microsoft.AspNetCore.Mvc.ValidationProblemDetails'.
2026-06-28 14:54:45.912 +07:00 [INF] Executed endpoint 'BlogApp.Controllers.AuthenController.CheckValidToken (BlogApp)'
2026-06-28 14:54:45.912 +07:00 [INF] Executed action BlogApp.Controllers.BlogController.SearchBlogs (BlogApp) in 0.8104ms
2026-06-28 14:54:45.912 +07:00 [INF] Executed action BlogApp.Controllers.BlogController.SearchBlogs (BlogApp) in 0.9939ms
2026-06-28 14:54:45.912 +07:00 [INF] Executed endpoint 'BlogApp.Controllers.BlogController.SearchBlogs (BlogApp)'
2026-06-28 14:54:45.912 +07:00 [INF] HTTP GET /api/authen/check-valid-token responded 200 in 1.6195 ms
2026-06-28 14:54:45.912 +07:00 [INF] Executed endpoint 'BlogApp.Controllers.BlogController.SearchBlogs (BlogApp)'
2026-06-28 14:54:45.912 +07:00 [INF] HTTP POST /api/blog/search responded 400 in 1.4496 ms
2026-06-28 14:54:45.912 +07:00 [INF] HTTP POST /api/blog/search responded 400 in 1.9478 ms
2026-06-28 14:54:45.913 +07:00 [INF] Request finished HTTP/1.1 GET http://localhost:5059/api/authen/check-valid-token - 200 null application/json; charset=utf-8 2.7855ms
2026-06-28 14:54:45.913 +07:00 [INF] Request finished HTTP/1.1 POST http://localhost:5059/api/blog/search - 400 null application/problem+json; charset=utf-8 2.9502ms
2026-06-28 14:54:45.913 +07:00 [INF] Request finished HTTP/1.1 POST http://localhost:5059/api/blog/search - 400 null application/problem+json; charset=utf-8 2.7746ms
2026-06-28 14:54:45.918 +07:00 [INF] Request starting HTTP/1.1 OPTIONS http://localhost:5059/api/blog/fivelatest - null null
2026-06-28 14:54:45.918 +07:00 [INF] Request starting HTTP/1.1 OPTIONS http://localhost:5059/api/tags/topfive - null null
2026-06-28 14:54:45.918 +07:00 [INF] CORS policy execution successful.
2026-06-28 14:54:45.919 +07:00 [INF] CORS policy execution successful.
2026-06-28 14:54:45.919 +07:00 [INF] Request starting HTTP/1.1 GET http://localhost:5059/api/tags/topfive - null null
2026-06-28 14:54:45.919 +07:00 [INF] Request finished HTTP/1.1 OPTIONS http://localhost:5059/api/blog/fivelatest - 204 null null 0.5737ms
2026-06-28 14:54:45.919 +07:00 [INF] Request starting HTTP/1.1 GET http://localhost:5059/api/blog/fivelatest - null null
2026-06-28 14:54:45.919 +07:00 [INF] Request starting HTTP/1.1 GET http://localhost:5059/api/authen/check-valid-token - null null
2026-06-28 14:54:45.919 +07:00 [INF] Request finished HTTP/1.1 OPTIONS http://localhost:5059/api/tags/topfive - 204 null null 0.8815ms
2026-06-28 14:54:45.919 +07:00 [INF] CORS policy execution successful.
2026-06-28 14:54:45.919 +07:00 [INF] CORS policy execution successful.
2026-06-28 14:54:45.919 +07:00 [INF] Request starting HTTP/1.1 GET http://localhost:5059/api/blog/topfive - null null
2026-06-28 14:54:45.919 +07:00 [INF] CORS policy execution successful.
2026-06-28 14:54:45.920 +07:00 [INF] CORS policy execution successful.
2026-06-28 14:54:45.920 +07:00 [INF] Executing endpoint 'BlogApp.Controllers.TagController.GetTop5Tags (BlogApp)'
2026-06-28 14:54:45.920 +07:00 [INF] Executing endpoint 'BlogApp.Controllers.AuthenController.CheckValidToken (BlogApp)'
2026-06-28 14:54:45.920 +07:00 [INF] Route matched with {action = "CheckValidToken", controller = "Authen"}. Executing controller action with signature Microsoft.AspNetCore.Mvc.ActionResult`1[BlogApp.DTOs.ResponseBaseDTO] CheckValidToken() on controller BlogApp.Controllers.AuthenController (BlogApp).
2026-06-28 14:54:45.920 +07:00 [INF] Route matched with {action = "GetTop5Tags", controller = "Tag"}. Executing controller action with signature Microsoft.AspNetCore.Mvc.ActionResult GetTop5Tags() on controller BlogApp.Controllers.TagController (BlogApp).
2026-06-28 14:54:45.920 +07:00 [INF] Executing endpoint 'BlogApp.Controllers.BlogController.GetTop5Blogs (BlogApp)'
2026-06-28 14:54:45.920 +07:00 [INF] Executing endpoint 'BlogApp.Controllers.BlogController.Get5LatestBlogs (BlogApp)'
2026-06-28 14:54:45.920 +07:00 [INF] Route matched with {action = "GetTop5Blogs", controller = "Blog"}. Executing controller action with signature Microsoft.AspNetCore.Mvc.ActionResult GetTop5Blogs() on controller BlogApp.Controllers.BlogController (BlogApp).
2026-06-28 14:54:45.921 +07:00 [INF] Route matched with {action = "Get5LatestBlogs", controller = "Blog"}. Executing controller action with signature Microsoft.AspNetCore.Mvc.ActionResult Get5LatestBlogs() on controller BlogApp.Controllers.BlogController (BlogApp).
2026-06-28 14:54:45.921 +07:00 [INF] Executing OkObjectResult, writing value of type 'BlogApp.DTOs.ResponseBaseDTO'.
2026-06-28 14:54:45.922 +07:00 [INF] Executed action BlogApp.Controllers.AuthenController.CheckValidToken (BlogApp) in 1.4218ms
2026-06-28 14:54:45.922 +07:00 [INF] Executed endpoint 'BlogApp.Controllers.AuthenController.CheckValidToken (BlogApp)'
2026-06-28 14:54:45.922 +07:00 [INF] HTTP GET /api/authen/check-valid-token responded 200 in 2.3435 ms
2026-06-28 14:54:45.922 +07:00 [INF] Request finished HTTP/1.1 GET http://localhost:5059/api/authen/check-valid-token - 200 null application/json; charset=utf-8 3.1339ms
2026-06-28 14:54:45.924 +07:00 [INF] Executed DbCommand (1ms) [Parameters=[], CommandType='"Text"', CommandTimeout='30']
SELECT b."Id", b."AmountOfAccesses", b."AuthorId", b."Content", b."CoverImage", b."CreatedAt", b."PublishedAt", b."State", b."Tags", b."Title", b."UpdatedAt"
FROM "Blogs" AS b
ORDER BY b."CreatedAt" DESC
2026-06-28 14:54:45.924 +07:00 [INF] Executed DbCommand (2ms) [Parameters=[], CommandType='"Text"', CommandTimeout='30']

            SELECT tag AS Name, COUNT(*) AS blog_count
            FROM "Blogs", UNNEST("Tags") AS tag
            GROUP BY tag
            ORDER BY blog_count DESC
            LIMIT 5
2026-06-28 14:54:45.924 +07:00 [INF] Executed DbCommand (2ms) [Parameters=[], CommandType='"Text"', CommandTimeout='30']
SELECT b."Id", b."AmountOfAccesses", b."AuthorId", b."Content", b."CoverImage", b."CreatedAt", b."PublishedAt", b."State", b."Tags", b."Title", b."UpdatedAt"
FROM "Blogs" AS b
ORDER BY b."CreatedAt" DESC
2026-06-28 14:54:45.924 +07:00 [INF] Executing OkObjectResult, writing value of type 'BlogApp.DTOs.TagListRespDTO'.
2026-06-28 14:54:45.925 +07:00 [INF] Executed action BlogApp.Controllers.TagController.GetTop5Tags (BlogApp) in 4.3185ms
2026-06-28 14:54:45.925 +07:00 [INF] Executed endpoint 'BlogApp.Controllers.TagController.GetTop5Tags (BlogApp)'
2026-06-28 14:54:45.925 +07:00 [INF] HTTP GET /api/tags/topfive responded 200 in 5.1050 ms
2026-06-28 14:54:45.925 +07:00 [INF] Request finished HTTP/1.1 GET http://localhost:5059/api/tags/topfive - 200 null application/json; charset=utf-8 6.2543ms
2026-06-28 14:54:45.925 +07:00 [INF] Executing OkObjectResult, writing value of type 'BlogApp.DTOs.BlogListRespDTO'.
2026-06-28 14:54:45.925 +07:00 [INF] Executing OkObjectResult, writing value of type 'BlogApp.DTOs.BlogListRespDTO'.
2026-06-28 14:54:45.925 +07:00 [INF] Executed action BlogApp.Controllers.BlogController.GetTop5Blogs (BlogApp) in 4.2978ms
2026-06-28 14:54:45.925 +07:00 [INF] Executed action BlogApp.Controllers.BlogController.Get5LatestBlogs (BlogApp) in 3.8435ms
2026-06-28 14:54:45.925 +07:00 [INF] Executed endpoint 'BlogApp.Controllers.BlogController.GetTop5Blogs (BlogApp)'
2026-06-28 14:54:45.925 +07:00 [INF] Executed endpoint 'BlogApp.Controllers.BlogController.Get5LatestBlogs (BlogApp)'
2026-06-28 14:54:45.925 +07:00 [INF] HTTP GET /api/blog/topfive responded 200 in 5.3985 ms
2026-06-28 14:54:45.925 +07:00 [INF] HTTP GET /api/blog/fivelatest responded 200 in 5.5241 ms
2026-06-28 14:54:45.925 +07:00 [INF] Request finished HTTP/1.1 GET http://localhost:5059/api/blog/topfive - 200 null application/json; charset=utf-8 6.4913ms
2026-06-28 14:54:45.926 +07:00 [INF] Request finished HTTP/1.1 GET http://localhost:5059/api/blog/fivelatest - 200 null application/json; charset=utf-8 6.7134ms
2026-06-28 14:54:45.927 +07:00 [INF] Request starting HTTP/1.1 GET http://localhost:5059/api/blog/fivelatest - null null
2026-06-28 14:54:45.927 +07:00 [INF] Request starting HTTP/1.1 GET http://localhost:5059/api/tags/topfive - null null
2026-06-28 14:54:45.927 +07:00 [INF] CORS policy execution successful.
2026-06-28 14:54:45.927 +07:00 [INF] Request starting HTTP/1.1 GET http://localhost:5059/api/blog/topfive - null null
2026-06-28 14:54:45.927 +07:00 [INF] CORS policy execution successful.
2026-06-28 14:54:45.927 +07:00 [INF] CORS policy execution successful.
2026-06-28 14:54:45.927 +07:00 [INF] Executing endpoint 'BlogApp.Controllers.BlogController.Get5LatestBlogs (BlogApp)'
2026-06-28 14:54:45.927 +07:00 [INF] Executing endpoint 'BlogApp.Controllers.BlogController.GetTop5Blogs (BlogApp)'
2026-06-28 14:54:45.927 +07:00 [INF] Executing endpoint 'BlogApp.Controllers.TagController.GetTop5Tags (BlogApp)'
2026-06-28 14:54:45.927 +07:00 [INF] Route matched with {action = "Get5LatestBlogs", controller = "Blog"}. Executing controller action with signature Microsoft.AspNetCore.Mvc.ActionResult Get5LatestBlogs() on controller BlogApp.Controllers.BlogController (BlogApp).
2026-06-28 14:54:45.927 +07:00 [INF] Route matched with {action = "GetTop5Blogs", controller = "Blog"}. Executing controller action with signature Microsoft.AspNetCore.Mvc.ActionResult GetTop5Blogs() on controller BlogApp.Controllers.BlogController (BlogApp).
2026-06-28 14:54:45.927 +07:00 [INF] Route matched with {action = "GetTop5Tags", controller = "Tag"}. Executing controller action with signature Microsoft.AspNetCore.Mvc.ActionResult GetTop5Tags() on controller BlogApp.Controllers.TagController (BlogApp).
2026-06-28 14:54:45.930 +07:00 [INF] Executed DbCommand (1ms) [Parameters=[], CommandType='"Text"', CommandTimeout='30']
SELECT b."Id", b."AmountOfAccesses", b."AuthorId", b."Content", b."CoverImage", b."CreatedAt", b."PublishedAt", b."State", b."Tags", b."Title", b."UpdatedAt"
FROM "Blogs" AS b
ORDER BY b."CreatedAt" DESC
2026-06-28 14:54:45.930 +07:00 [INF] Executed DbCommand (1ms) [Parameters=[], CommandType='"Text"', CommandTimeout='30']

            SELECT tag AS Name, COUNT(*) AS blog_count
            FROM "Blogs", UNNEST("Tags") AS tag
            GROUP BY tag
            ORDER BY blog_count DESC
            LIMIT 5
2026-06-28 14:54:45.930 +07:00 [INF] Executed DbCommand (1ms) [Parameters=[], CommandType='"Text"', CommandTimeout='30']
SELECT b."Id", b."AmountOfAccesses", b."AuthorId", b."Content", b."CoverImage", b."CreatedAt", b."PublishedAt", b."State", b."Tags", b."Title", b."UpdatedAt"
FROM "Blogs" AS b
ORDER BY b."CreatedAt" DESC
2026-06-28 14:54:45.930 +07:00 [INF] Executing OkObjectResult, writing value of type 'BlogApp.DTOs.TagListRespDTO'.
2026-06-28 14:54:45.930 +07:00 [INF] Executed action BlogApp.Controllers.TagController.GetTop5Tags (BlogApp) in 2.6683ms
2026-06-28 14:54:45.930 +07:00 [INF] Executed endpoint 'BlogApp.Controllers.TagController.GetTop5Tags (BlogApp)'
2026-06-28 14:54:45.930 +07:00 [INF] HTTP GET /api/tags/topfive responded 200 in 3.2948 ms
2026-06-28 14:54:45.930 +07:00 [INF] Request finished HTTP/1.1 GET http://localhost:5059/api/tags/topfive - 200 null application/json; charset=utf-8 3.7845ms
2026-06-28 14:54:45.930 +07:00 [INF] Executing OkObjectResult, writing value of type 'BlogApp.DTOs.BlogListRespDTO'.
2026-06-28 14:54:45.931 +07:00 [INF] Executing OkObjectResult, writing value of type 'BlogApp.DTOs.BlogListRespDTO'.
2026-06-28 14:54:45.931 +07:00 [INF] Executed action BlogApp.Controllers.BlogController.GetTop5Blogs (BlogApp) in 3.3524ms
2026-06-28 14:54:45.931 +07:00 [INF] Executed action BlogApp.Controllers.BlogController.Get5LatestBlogs (BlogApp) in 3.4179ms
2026-06-28 14:54:45.931 +07:00 [INF] Executed endpoint 'BlogApp.Controllers.BlogController.GetTop5Blogs (BlogApp)'
2026-06-28 14:54:45.931 +07:00 [INF] Executed endpoint 'BlogApp.Controllers.BlogController.Get5LatestBlogs (BlogApp)'
2026-06-28 14:54:45.931 +07:00 [INF] HTTP GET /api/blog/topfive responded 200 in 3.9453 ms
2026-06-28 14:54:45.931 +07:00 [INF] HTTP GET /api/blog/fivelatest responded 200 in 4.1629 ms
2026-06-28 14:54:45.931 +07:00 [INF] Request finished HTTP/1.1 GET http://localhost:5059/api/blog/topfive - 200 null application/json; charset=utf-8 4.4412ms
2026-06-28 14:54:45.931 +07:00 [INF] Request finished HTTP/1.1 GET http://localhost:5059/api/blog/fivelatest - 200 null application/json; charset=utf-8 4.6231ms
2026-06-28 14:54:46.697 +07:00 [INF] Request starting HTTP/1.1 POST http://localhost:5059/api/blog/search - application/json 426
2026-06-28 14:54:46.697 +07:00 [INF] Request starting HTTP/1.1 GET http://localhost:5059/api/tags/topfive - null null
2026-06-28 14:54:46.697 +07:00 [INF] Request starting HTTP/1.1 GET http://localhost:5059/api/blog/fivelatest - null null
2026-06-28 14:54:46.697 +07:00 [INF] CORS policy execution successful.
2026-06-28 14:54:46.697 +07:00 [INF] CORS policy execution successful.
2026-06-28 14:54:46.697 +07:00 [INF] Request starting HTTP/1.1 GET http://localhost:5059/api/blog/topfive - null null
2026-06-28 14:54:46.697 +07:00 [INF] CORS policy execution successful.
2026-06-28 14:54:46.698 +07:00 [INF] CORS policy execution successful.
2026-06-28 14:54:46.698 +07:00 [INF] Executing endpoint 'BlogApp.Controllers.BlogController.Get5LatestBlogs (BlogApp)'
2026-06-28 14:54:46.698 +07:00 [INF] Executing endpoint 'BlogApp.Controllers.BlogController.SearchBlogs (BlogApp)'
2026-06-28 14:54:46.698 +07:00 [INF] Executing endpoint 'BlogApp.Controllers.BlogController.GetTop5Blogs (BlogApp)'
2026-06-28 14:54:46.698 +07:00 [INF] Request starting HTTP/1.1 POST http://localhost:5059/api/blog/search - application/json 426
2026-06-28 14:54:46.698 +07:00 [INF] Route matched with {action = "SearchBlogs", controller = "Blog"}. Executing controller action with signature Microsoft.AspNetCore.Mvc.ActionResult SearchBlogs(BlogApp.DTOs.SearchBlogReqDTO) on controller BlogApp.Controllers.BlogController (BlogApp).
2026-06-28 14:54:46.698 +07:00 [INF] Route matched with {action = "Get5LatestBlogs", controller = "Blog"}. Executing controller action with signature Microsoft.AspNetCore.Mvc.ActionResult Get5LatestBlogs() on controller BlogApp.Controllers.BlogController (BlogApp).
2026-06-28 14:54:46.698 +07:00 [INF] Executing endpoint 'BlogApp.Controllers.TagController.GetTop5Tags (BlogApp)'
2026-06-28 14:54:46.697 +07:00 [INF] Request starting HTTP/1.1 GET http://localhost:5059/api/authen/check-valid-token - null null
2026-06-28 14:54:46.698 +07:00 [INF] Route matched with {action = "GetTop5Blogs", controller = "Blog"}. Executing controller action with signature Microsoft.AspNetCore.Mvc.ActionResult GetTop5Blogs() on controller BlogApp.Controllers.BlogController (BlogApp).
2026-06-28 14:54:46.698 +07:00 [INF] CORS policy execution successful.
2026-06-28 14:54:46.699 +07:00 [INF] Executing BadRequestObjectResult, writing value of type 'Microsoft.AspNetCore.Mvc.ValidationProblemDetails'.
2026-06-28 14:54:46.699 +07:00 [INF] Route matched with {action = "GetTop5Tags", controller = "Tag"}. Executing controller action with signature Microsoft.AspNetCore.Mvc.ActionResult GetTop5Tags() on controller BlogApp.Controllers.TagController (BlogApp).
2026-06-28 14:54:46.699 +07:00 [INF] CORS policy execution successful.
2026-06-28 14:54:46.699 +07:00 [INF] Executing endpoint 'BlogApp.Controllers.BlogController.SearchBlogs (BlogApp)'
2026-06-28 14:54:46.699 +07:00 [INF] Route matched with {action = "SearchBlogs", controller = "Blog"}. Executing controller action with signature Microsoft.AspNetCore.Mvc.ActionResult SearchBlogs(BlogApp.DTOs.SearchBlogReqDTO) on controller BlogApp.Controllers.BlogController (BlogApp).
2026-06-28 14:54:46.699 +07:00 [INF] Executing endpoint 'BlogApp.Controllers.AuthenController.CheckValidToken (BlogApp)'
2026-06-28 14:54:46.699 +07:00 [INF] Executed action BlogApp.Controllers.BlogController.SearchBlogs (BlogApp) in 1.0347ms
2026-06-28 14:54:46.699 +07:00 [INF] Route matched with {action = "CheckValidToken", controller = "Authen"}. Executing controller action with signature Microsoft.AspNetCore.Mvc.ActionResult`1[BlogApp.DTOs.ResponseBaseDTO] CheckValidToken() on controller BlogApp.Controllers.AuthenController (BlogApp).
2026-06-28 14:54:46.699 +07:00 [INF] Executed endpoint 'BlogApp.Controllers.BlogController.SearchBlogs (BlogApp)'
2026-06-28 14:54:46.699 +07:00 [INF] HTTP POST /api/blog/search responded 400 in 1.8791 ms
2026-06-28 14:54:46.700 +07:00 [INF] Executing BadRequestObjectResult, writing value of type 'Microsoft.AspNetCore.Mvc.ValidationProblemDetails'.
2026-06-28 14:54:46.700 +07:00 [INF] Executing OkObjectResult, writing value of type 'BlogApp.DTOs.ResponseBaseDTO'.
2026-06-28 14:54:46.700 +07:00 [INF] Executed action BlogApp.Controllers.BlogController.SearchBlogs (BlogApp) in 0.5141ms
2026-06-28 14:54:46.700 +07:00 [INF] Executed endpoint 'BlogApp.Controllers.BlogController.SearchBlogs (BlogApp)'
2026-06-28 14:54:46.700 +07:00 [INF] Executed action BlogApp.Controllers.AuthenController.CheckValidToken (BlogApp) in 0.4921ms
2026-06-28 14:54:46.700 +07:00 [INF] HTTP POST /api/blog/search responded 400 in 0.9892 ms
2026-06-28 14:54:46.700 +07:00 [INF] Request finished HTTP/1.1 POST http://localhost:5059/api/blog/search - 400 null application/problem+json; charset=utf-8 2.1577ms
2026-06-28 14:54:46.700 +07:00 [INF] Request finished HTTP/1.1 POST http://localhost:5059/api/blog/search - 400 null application/problem+json; charset=utf-8 2.8462ms
2026-06-28 14:54:46.700 +07:00 [INF] Executed endpoint 'BlogApp.Controllers.AuthenController.CheckValidToken (BlogApp)'
2026-06-28 14:54:46.700 +07:00 [INF] HTTP GET /api/authen/check-valid-token responded 200 in 1.3388 ms
2026-06-28 14:54:46.701 +07:00 [INF] Request finished HTTP/1.1 GET http://localhost:5059/api/authen/check-valid-token - 200 null application/json; charset=utf-8 3.8739ms
2026-06-28 14:54:46.701 +07:00 [INF] Executed DbCommand (2ms) [Parameters=[], CommandType='"Text"', CommandTimeout='30']
SELECT b."Id", b."AmountOfAccesses", b."AuthorId", b."Content", b."CoverImage", b."CreatedAt", b."PublishedAt", b."State", b."Tags", b."Title", b."UpdatedAt"
FROM "Blogs" AS b
ORDER BY b."CreatedAt" DESC
2026-06-28 14:54:46.701 +07:00 [INF] Executed DbCommand (2ms) [Parameters=[], CommandType='"Text"', CommandTimeout='30']
SELECT b."Id", b."AmountOfAccesses", b."AuthorId", b."Content", b."CoverImage", b."CreatedAt", b."PublishedAt", b."State", b."Tags", b."Title", b."UpdatedAt"
FROM "Blogs" AS b
ORDER BY b."CreatedAt" DESC
2026-06-28 14:54:46.702 +07:00 [INF] Executing OkObjectResult, writing value of type 'BlogApp.DTOs.BlogListRespDTO'.
2026-06-28 14:54:46.702 +07:00 [INF] Executing OkObjectResult, writing value of type 'BlogApp.DTOs.BlogListRespDTO'.
2026-06-28 14:54:46.702 +07:00 [INF] Request starting HTTP/1.1 GET http://localhost:5059/api/authen/check-valid-token - null null
2026-06-28 14:54:46.702 +07:00 [INF] Executed DbCommand (2ms) [Parameters=[], CommandType='"Text"', CommandTimeout='30']

            SELECT tag AS Name, COUNT(*) AS blog_count
            FROM "Blogs", UNNEST("Tags") AS tag
            GROUP BY tag
            ORDER BY blog_count DESC
            LIMIT 5
2026-06-28 14:54:46.702 +07:00 [INF] Executing OkObjectResult, writing value of type 'BlogApp.DTOs.TagListRespDTO'.
2026-06-28 14:54:46.702 +07:00 [INF] Executed action BlogApp.Controllers.TagController.GetTop5Tags (BlogApp) in 3.2018ms
2026-06-28 14:54:46.702 +07:00 [INF] Executed endpoint 'BlogApp.Controllers.TagController.GetTop5Tags (BlogApp)'
2026-06-28 14:54:46.702 +07:00 [INF] HTTP GET /api/tags/topfive responded 200 in 5.1848 ms
2026-06-28 14:54:46.703 +07:00 [INF] Request finished HTTP/1.1 GET http://localhost:5059/api/tags/topfive - 200 null application/json; charset=utf-8 5.7958ms
2026-06-28 14:54:46.702 +07:00 [INF] Executed action BlogApp.Controllers.BlogController.Get5LatestBlogs (BlogApp) in 3.1938ms
2026-06-28 14:54:46.702 +07:00 [INF] Executed action BlogApp.Controllers.BlogController.GetTop5Blogs (BlogApp) in 2.9864ms
2026-06-28 14:54:46.702 +07:00 [INF] CORS policy execution successful.
2026-06-28 14:54:46.703 +07:00 [INF] Executed endpoint 'BlogApp.Controllers.BlogController.Get5LatestBlogs (BlogApp)'
2026-06-28 14:54:46.703 +07:00 [INF] Executed endpoint 'BlogApp.Controllers.BlogController.GetTop5Blogs (BlogApp)'
2026-06-28 14:54:46.703 +07:00 [INF] HTTP GET /api/blog/fivelatest responded 200 in 5.7025 ms
2026-06-28 14:54:46.703 +07:00 [INF] HTTP GET /api/blog/topfive responded 200 in 5.4132 ms
2026-06-28 14:54:46.703 +07:00 [INF] Request finished HTTP/1.1 GET http://localhost:5059/api/blog/fivelatest - 200 null application/json; charset=utf-8 6.3189ms
2026-06-28 14:54:46.703 +07:00 [INF] Request finished HTTP/1.1 GET http://localhost:5059/api/blog/topfive - 200 null application/json; charset=utf-8 6.4267ms
2026-06-28 14:54:46.703 +07:00 [INF] Executing endpoint 'BlogApp.Controllers.AuthenController.CheckValidToken (BlogApp)'
2026-06-28 14:54:46.704 +07:00 [INF] Route matched with {action = "CheckValidToken", controller = "Authen"}. Executing controller action with signature Microsoft.AspNetCore.Mvc.ActionResult`1[BlogApp.DTOs.ResponseBaseDTO] CheckValidToken() on controller BlogApp.Controllers.AuthenController (BlogApp).
2026-06-28 14:54:46.704 +07:00 [INF] Executing OkObjectResult, writing value of type 'BlogApp.DTOs.ResponseBaseDTO'.
2026-06-28 14:54:46.704 +07:00 [INF] Executed action BlogApp.Controllers.AuthenController.CheckValidToken (BlogApp) in 0.3338ms
2026-06-28 14:54:46.704 +07:00 [INF] Executed endpoint 'BlogApp.Controllers.AuthenController.CheckValidToken (BlogApp)'
2026-06-28 14:54:46.704 +07:00 [INF] HTTP GET /api/authen/check-valid-token responded 200 in 1.1292 ms
2026-06-28 14:54:46.704 +07:00 [INF] Request finished HTTP/1.1 GET http://localhost:5059/api/authen/check-valid-token - 200 null application/json; charset=utf-8 2.3825ms
2026-06-28 14:54:46.704 +07:00 [INF] Request starting HTTP/1.1 GET http://localhost:5059/api/blog/topfive - null null
2026-06-28 14:54:46.704 +07:00 [INF] Request starting HTTP/1.1 GET http://localhost:5059/api/tags/topfive - null null
2026-06-28 14:54:46.705 +07:00 [INF] CORS policy execution successful.
2026-06-28 14:54:46.704 +07:00 [INF] Request starting HTTP/1.1 GET http://localhost:5059/api/blog/fivelatest - null null
2026-06-28 14:54:46.705 +07:00 [INF] CORS policy execution successful.
2026-06-28 14:54:46.705 +07:00 [INF] CORS policy execution successful.
2026-06-28 14:54:46.705 +07:00 [INF] Executing endpoint 'BlogApp.Controllers.BlogController.GetTop5Blogs (BlogApp)'
2026-06-28 14:54:46.705 +07:00 [INF] Executing endpoint 'BlogApp.Controllers.BlogController.Get5LatestBlogs (BlogApp)'
2026-06-28 14:54:46.705 +07:00 [INF] Route matched with {action = "GetTop5Blogs", controller = "Blog"}. Executing controller action with signature Microsoft.AspNetCore.Mvc.ActionResult GetTop5Blogs() on controller BlogApp.Controllers.BlogController (BlogApp).
2026-06-28 14:54:46.705 +07:00 [INF] Executing endpoint 'BlogApp.Controllers.TagController.GetTop5Tags (BlogApp)'
2026-06-28 14:54:46.705 +07:00 [INF] Route matched with {action = "Get5LatestBlogs", controller = "Blog"}. Executing controller action with signature Microsoft.AspNetCore.Mvc.ActionResult Get5LatestBlogs() on controller BlogApp.Controllers.BlogController (BlogApp).
2026-06-28 14:54:46.705 +07:00 [INF] Route matched with {action = "GetTop5Tags", controller = "Tag"}. Executing controller action with signature Microsoft.AspNetCore.Mvc.ActionResult GetTop5Tags() on controller BlogApp.Controllers.TagController (BlogApp).
2026-06-28 14:54:46.707 +07:00 [INF] Executed DbCommand (1ms) [Parameters=[], CommandType='"Text"', CommandTimeout='30']
SELECT b."Id", b."AmountOfAccesses", b."AuthorId", b."Content", b."CoverImage", b."CreatedAt", b."PublishedAt", b."State", b."Tags", b."Title", b."UpdatedAt"
FROM "Blogs" AS b
ORDER BY b."CreatedAt" DESC
2026-06-28 14:54:46.707 +07:00 [INF] Executed DbCommand (1ms) [Parameters=[], CommandType='"Text"', CommandTimeout='30']

            SELECT tag AS Name, COUNT(*) AS blog_count
            FROM "Blogs", UNNEST("Tags") AS tag
            GROUP BY tag
            ORDER BY blog_count DESC
            LIMIT 5
2026-06-28 14:54:46.707 +07:00 [INF] Executed DbCommand (2ms) [Parameters=[], CommandType='"Text"', CommandTimeout='30']
SELECT b."Id", b."AmountOfAccesses", b."AuthorId", b."Content", b."CoverImage", b."CreatedAt", b."PublishedAt", b."State", b."Tags", b."Title", b."UpdatedAt"
FROM "Blogs" AS b
ORDER BY b."CreatedAt" DESC
2026-06-28 14:54:46.708 +07:00 [INF] Executing OkObjectResult, writing value of type 'BlogApp.DTOs.TagListRespDTO'.
2026-06-28 14:54:46.708 +07:00 [INF] Executing OkObjectResult, writing value of type 'BlogApp.DTOs.BlogListRespDTO'.
2026-06-28 14:54:46.708 +07:00 [INF] Executing OkObjectResult, writing value of type 'BlogApp.DTOs.BlogListRespDTO'.
2026-06-28 14:54:46.708 +07:00 [INF] Executed action BlogApp.Controllers.TagController.GetTop5Tags (BlogApp) in 2.8332ms
2026-06-28 14:54:46.708 +07:00 [INF] Executed endpoint 'BlogApp.Controllers.TagController.GetTop5Tags (BlogApp)'
2026-06-28 14:54:46.709 +07:00 [INF] HTTP GET /api/tags/topfive responded 200 in 3.6064 ms
2026-06-28 14:54:46.708 +07:00 [INF] Executed action BlogApp.Controllers.BlogController.GetTop5Blogs (BlogApp) in 3.1162ms
2026-06-28 14:54:46.708 +07:00 [INF] Executed action BlogApp.Controllers.BlogController.Get5LatestBlogs (BlogApp) in 3.0131ms
2026-06-28 14:54:46.709 +07:00 [INF] Executed endpoint 'BlogApp.Controllers.BlogController.GetTop5Blogs (BlogApp)'
2026-06-28 14:54:46.709 +07:00 [INF] Request finished HTTP/1.1 GET http://localhost:5059/api/tags/topfive - 200 null application/json; charset=utf-8 4.21ms
2026-06-28 14:54:46.709 +07:00 [INF] Executed endpoint 'BlogApp.Controllers.BlogController.Get5LatestBlogs (BlogApp)'
2026-06-28 14:54:46.709 +07:00 [INF] HTTP GET /api/blog/topfive responded 200 in 4.0122 ms
2026-06-28 14:54:46.709 +07:00 [INF] HTTP GET /api/blog/fivelatest responded 200 in 4.0164 ms
2026-06-28 14:54:46.709 +07:00 [INF] Request finished HTTP/1.1 GET http://localhost:5059/api/blog/topfive - 200 null application/json; charset=utf-8 4.616ms
2026-06-28 14:54:46.709 +07:00 [INF] Request finished HTTP/1.1 GET http://localhost:5059/api/blog/fivelatest - 200 null application/json; charset=utf-8 4.7235ms
2026-06-28 14:54:48.769 +07:00 [INF] Request starting HTTP/1.1 POST http://localhost:5059/api/blog/search - application/json 429
2026-06-28 14:54:48.770 +07:00 [INF] CORS policy execution successful.
2026-06-28 14:54:48.770 +07:00 [INF] Executing endpoint 'BlogApp.Controllers.BlogController.SearchBlogs (BlogApp)'
2026-06-28 14:54:48.770 +07:00 [INF] Route matched with {action = "SearchBlogs", controller = "Blog"}. Executing controller action with signature Microsoft.AspNetCore.Mvc.ActionResult SearchBlogs(BlogApp.DTOs.SearchBlogReqDTO) on controller BlogApp.Controllers.BlogController (BlogApp).
2026-06-28 14:54:48.771 +07:00 [INF] Executing BadRequestObjectResult, writing value of type 'Microsoft.AspNetCore.Mvc.ValidationProblemDetails'.
2026-06-28 14:54:48.771 +07:00 [INF] Executed action BlogApp.Controllers.BlogController.SearchBlogs (BlogApp) in 0.9811ms
2026-06-28 14:54:48.771 +07:00 [INF] Executed endpoint 'BlogApp.Controllers.BlogController.SearchBlogs (BlogApp)'
2026-06-28 14:54:48.771 +07:00 [INF] HTTP POST /api/blog/search responded 400 in 1.7723 ms
2026-06-28 14:54:48.772 +07:00 [INF] Request finished HTTP/1.1 POST http://localhost:5059/api/blog/search - 400 null application/problem+json; charset=utf-8 2.2782ms
2026-06-28 14:55:44.412 +07:00 [INF] Request starting HTTP/1.1 OPTIONS http://localhost:5059/api/blog/search - null null
2026-06-28 14:55:44.412 +07:00 [INF] CORS policy execution successful.
2026-06-28 14:55:44.413 +07:00 [INF] Request finished HTTP/1.1 OPTIONS http://localhost:5059/api/blog/search - 204 null null 0.5813ms
2026-06-28 14:55:44.414 +07:00 [INF] Request starting HTTP/1.1 POST http://localhost:5059/api/blog/search - multipart/form-data; boundary=----WebKitFormBoundaryWuSx1hKkO3GgHtzx 429
2026-06-28 14:55:44.414 +07:00 [INF] CORS policy execution successful.
2026-06-28 14:55:44.414 +07:00 [INF] Executing endpoint 'BlogApp.Controllers.BlogController.SearchBlogs (BlogApp)'
2026-06-28 14:55:44.414 +07:00 [INF] Route matched with {action = "SearchBlogs", controller = "Blog"}. Executing controller action with signature Microsoft.AspNetCore.Mvc.ActionResult SearchBlogs(BlogApp.DTOs.SearchBlogReqDTO) on controller BlogApp.Controllers.BlogController (BlogApp).
2026-06-28 14:55:44.516 +07:00 [INF] Executed DbCommand (12ms) [Parameters=[@req_SearchTitle_contains='?', @req_Tags='?' (DbType = Object)], CommandType='"Text"', CommandTimeout='30']
SELECT count(*)::int
FROM "Blogs" AS b
WHERE b."Title" LIKE @req_SearchTitle_contains AND @req_Tags && b."Tags"
2026-06-28 14:55:44.574 +07:00 [INF] Executed DbCommand (2ms) [Parameters=[@req_SearchTitle_contains='?', @req_Tags='?' (DbType = Object), @p3='?' (DbType = Int32), @p='?' (DbType = Int32)], CommandType='"Text"', CommandTimeout='30']
SELECT b0."Id", b0."AmountOfAccesses", b0."AuthorId", b0."Content", b0."CoverImage", b0."CreatedAt", b0."PublishedAt", b0."State", b0."Tags", b0."Title", b0."UpdatedAt", a."Username", a."Address", a."Avatar", a."CreatedAt", a."Description", a."Email", a."FullName", a."Functions", a."OtherContact", a."Password", a."Phone", a."Role", a."State", a."UpdatedAt"
FROM (
    SELECT b."Id", b."AmountOfAccesses", b."AuthorId", b."Content", b."CoverImage", b."CreatedAt", b."PublishedAt", b."State", b."Tags", b."Title", b."UpdatedAt"
    FROM "Blogs" AS b
    WHERE b."Title" LIKE @req_SearchTitle_contains AND @req_Tags && b."Tags"
    ORDER BY b."PublishedAt" DESC
    LIMIT @p3 OFFSET @p
) AS b0
INNER JOIN "Accounts" AS a ON b0."AuthorId" = a."Username"
ORDER BY b0."PublishedAt" DESC
2026-06-28 14:55:44.574 +07:00 [INF] Executing OkObjectResult, writing value of type 'BlogApp.DTOs.BlogPageRespDTO'.
2026-06-28 14:55:44.575 +07:00 [INF] Executed action BlogApp.Controllers.BlogController.SearchBlogs (BlogApp) in 160.9299ms
2026-06-28 14:55:44.575 +07:00 [INF] Executed endpoint 'BlogApp.Controllers.BlogController.SearchBlogs (BlogApp)'
2026-06-28 14:55:44.575 +07:00 [INF] HTTP POST /api/blog/search responded 200 in 161.4677 ms
2026-06-28 14:55:44.575 +07:00 [INF] Request finished HTTP/1.1 POST http://localhost:5059/api/blog/search - 200 null application/json; charset=utf-8 161.8116ms
2026-06-28 14:55:46.680 +07:00 [INF] Request starting HTTP/1.1 POST http://localhost:5059/api/blog/search - multipart/form-data; boundary=----WebKitFormBoundaryOIQvf0dfbuMlZM4f 432
2026-06-28 14:55:46.680 +07:00 [INF] CORS policy execution successful.
2026-06-28 14:55:46.681 +07:00 [INF] Executing endpoint 'BlogApp.Controllers.BlogController.SearchBlogs (BlogApp)'
2026-06-28 14:55:46.681 +07:00 [INF] Route matched with {action = "SearchBlogs", controller = "Blog"}. Executing controller action with signature Microsoft.AspNetCore.Mvc.ActionResult SearchBlogs(BlogApp.DTOs.SearchBlogReqDTO) on controller BlogApp.Controllers.BlogController (BlogApp).
2026-06-28 14:55:46.684 +07:00 [INF] Executed DbCommand (1ms) [Parameters=[@req_SearchTitle_contains='?', @req_Tags='?' (DbType = Object)], CommandType='"Text"', CommandTimeout='30']
SELECT count(*)::int
FROM "Blogs" AS b
WHERE b."Title" LIKE @req_SearchTitle_contains AND @req_Tags && b."Tags"
2026-06-28 14:55:46.687 +07:00 [INF] Executed DbCommand (1ms) [Parameters=[@req_SearchTitle_contains='?', @req_Tags='?' (DbType = Object), @p3='?' (DbType = Int32), @p='?' (DbType = Int32)], CommandType='"Text"', CommandTimeout='30']
SELECT b0."Id", b0."AmountOfAccesses", b0."AuthorId", b0."Content", b0."CoverImage", b0."CreatedAt", b0."PublishedAt", b0."State", b0."Tags", b0."Title", b0."UpdatedAt", a."Username", a."Address", a."Avatar", a."CreatedAt", a."Description", a."Email", a."FullName", a."Functions", a."OtherContact", a."Password", a."Phone", a."Role", a."State", a."UpdatedAt"
FROM (
    SELECT b."Id", b."AmountOfAccesses", b."AuthorId", b."Content", b."CoverImage", b."CreatedAt", b."PublishedAt", b."State", b."Tags", b."Title", b."UpdatedAt"
    FROM "Blogs" AS b
    WHERE b."Title" LIKE @req_SearchTitle_contains AND @req_Tags && b."Tags"
    ORDER BY b."PublishedAt" DESC
    LIMIT @p3 OFFSET @p
) AS b0
INNER JOIN "Accounts" AS a ON b0."AuthorId" = a."Username"
ORDER BY b0."PublishedAt" DESC
2026-06-28 14:55:46.687 +07:00 [INF] Executing OkObjectResult, writing value of type 'BlogApp.DTOs.BlogPageRespDTO'.
2026-06-28 14:55:46.687 +07:00 [INF] Executed action BlogApp.Controllers.BlogController.SearchBlogs (BlogApp) in 6.2328ms
2026-06-28 14:55:46.687 +07:00 [INF] Executed endpoint 'BlogApp.Controllers.BlogController.SearchBlogs (BlogApp)'
2026-06-28 14:55:46.687 +07:00 [INF] HTTP POST /api/blog/search responded 200 in 6.7573 ms
2026-06-28 14:55:46.687 +07:00 [INF] Request finished HTTP/1.1 POST http://localhost:5059/api/blog/search - 200 null application/json; charset=utf-8 7.5868ms
2026-06-28 14:56:06.267 +07:00 [INF] Request starting HTTP/1.1 OPTIONS http://localhost:5059/api/blog/search - null null
2026-06-28 14:56:06.268 +07:00 [INF] CORS policy execution successful.
2026-06-28 14:56:06.268 +07:00 [INF] Request finished HTTP/1.1 OPTIONS http://localhost:5059/api/blog/search - 204 null null 0.3953ms
2026-06-28 14:56:06.268 +07:00 [INF] Request starting HTTP/1.1 POST http://localhost:5059/api/blog/search - multipart/form-data; boundary=----WebKitFormBoundaryjaAmAjYKUMiWB4jk 432
2026-06-28 14:56:06.269 +07:00 [INF] CORS policy execution successful.
2026-06-28 14:56:06.269 +07:00 [INF] Executing endpoint 'BlogApp.Controllers.BlogController.SearchBlogs (BlogApp)'
2026-06-28 14:56:06.269 +07:00 [INF] Route matched with {action = "SearchBlogs", controller = "Blog"}. Executing controller action with signature Microsoft.AspNetCore.Mvc.ActionResult SearchBlogs(BlogApp.DTOs.SearchBlogReqDTO) on controller BlogApp.Controllers.BlogController (BlogApp).
2026-06-28 14:56:06.272 +07:00 [INF] Executed DbCommand (1ms) [Parameters=[@req_SearchTitle_contains='?', @req_Tags='?' (DbType = Object)], CommandType='"Text"', CommandTimeout='30']
SELECT count(*)::int
FROM "Blogs" AS b
WHERE b."Title" LIKE @req_SearchTitle_contains AND @req_Tags && b."Tags"
2026-06-28 14:56:06.274 +07:00 [INF] Executed DbCommand (1ms) [Parameters=[@req_SearchTitle_contains='?', @req_Tags='?' (DbType = Object), @p3='?' (DbType = Int32), @p='?' (DbType = Int32)], CommandType='"Text"', CommandTimeout='30']
SELECT b0."Id", b0."AmountOfAccesses", b0."AuthorId", b0."Content", b0."CoverImage", b0."CreatedAt", b0."PublishedAt", b0."State", b0."Tags", b0."Title", b0."UpdatedAt", a."Username", a."Address", a."Avatar", a."CreatedAt", a."Description", a."Email", a."FullName", a."Functions", a."OtherContact", a."Password", a."Phone", a."Role", a."State", a."UpdatedAt"
FROM (
    SELECT b."Id", b."AmountOfAccesses", b."AuthorId", b."Content", b."CoverImage", b."CreatedAt", b."PublishedAt", b."State", b."Tags", b."Title", b."UpdatedAt"
    FROM "Blogs" AS b
    WHERE b."Title" LIKE @req_SearchTitle_contains AND @req_Tags && b."Tags"
    ORDER BY b."PublishedAt" DESC
    LIMIT @p3 OFFSET @p
) AS b0
INNER JOIN "Accounts" AS a ON b0."AuthorId" = a."Username"
ORDER BY b0."PublishedAt" DESC
2026-06-28 14:56:06.274 +07:00 [INF] Executing OkObjectResult, writing value of type 'BlogApp.DTOs.BlogPageRespDTO'.
2026-06-28 14:56:06.274 +07:00 [INF] Executed action BlogApp.Controllers.BlogController.SearchBlogs (BlogApp) in 4.9025ms
2026-06-28 14:56:06.274 +07:00 [INF] Executed endpoint 'BlogApp.Controllers.BlogController.SearchBlogs (BlogApp)'
2026-06-28 14:56:06.274 +07:00 [INF] HTTP POST /api/blog/search responded 200 in 5.4016 ms
2026-06-28 14:56:06.274 +07:00 [INF] Request finished HTTP/1.1 POST http://localhost:5059/api/blog/search - 200 null application/json; charset=utf-8 5.745ms
2026-06-28 14:56:10.294 +07:00 [INF] Request starting HTTP/1.1 POST http://localhost:5059/api/blog/search - multipart/form-data; boundary=----WebKitFormBoundarykvo2orvFLWnUuGz1 435
2026-06-28 14:56:10.294 +07:00 [INF] CORS policy execution successful.
2026-06-28 14:56:10.294 +07:00 [INF] Executing endpoint 'BlogApp.Controllers.BlogController.SearchBlogs (BlogApp)'
2026-06-28 14:56:10.295 +07:00 [INF] Route matched with {action = "SearchBlogs", controller = "Blog"}. Executing controller action with signature Microsoft.AspNetCore.Mvc.ActionResult SearchBlogs(BlogApp.DTOs.SearchBlogReqDTO) on controller BlogApp.Controllers.BlogController (BlogApp).
2026-06-28 14:56:10.297 +07:00 [INF] Executed DbCommand (1ms) [Parameters=[@req_SearchTitle_contains='?', @req_Tags='?' (DbType = Object)], CommandType='"Text"', CommandTimeout='30']
SELECT count(*)::int
FROM "Blogs" AS b
WHERE b."Title" LIKE @req_SearchTitle_contains AND @req_Tags && b."Tags"
2026-06-28 14:56:10.299 +07:00 [INF] Executed DbCommand (1ms) [Parameters=[@req_SearchTitle_contains='?', @req_Tags='?' (DbType = Object), @p3='?' (DbType = Int32), @p='?' (DbType = Int32)], CommandType='"Text"', CommandTimeout='30']
SELECT b0."Id", b0."AmountOfAccesses", b0."AuthorId", b0."Content", b0."CoverImage", b0."CreatedAt", b0."PublishedAt", b0."State", b0."Tags", b0."Title", b0."UpdatedAt", a."Username", a."Address", a."Avatar", a."CreatedAt", a."Description", a."Email", a."FullName", a."Functions", a."OtherContact", a."Password", a."Phone", a."Role", a."State", a."UpdatedAt"
FROM (
    SELECT b."Id", b."AmountOfAccesses", b."AuthorId", b."Content", b."CoverImage", b."CreatedAt", b."PublishedAt", b."State", b."Tags", b."Title", b."UpdatedAt"
    FROM "Blogs" AS b
    WHERE b."Title" LIKE @req_SearchTitle_contains AND @req_Tags && b."Tags"
    ORDER BY b."PublishedAt" DESC
    LIMIT @p3 OFFSET @p
) AS b0
INNER JOIN "Accounts" AS a ON b0."AuthorId" = a."Username"
ORDER BY b0."PublishedAt" DESC
2026-06-28 14:56:10.299 +07:00 [INF] Executing OkObjectResult, writing value of type 'BlogApp.DTOs.BlogPageRespDTO'.
2026-06-28 14:56:10.299 +07:00 [INF] Executed action BlogApp.Controllers.BlogController.SearchBlogs (BlogApp) in 4.2797ms
2026-06-28 14:56:10.299 +07:00 [INF] Executed endpoint 'BlogApp.Controllers.BlogController.SearchBlogs (BlogApp)'
2026-06-28 14:56:10.299 +07:00 [INF] HTTP POST /api/blog/search responded 200 in 4.8314 ms
2026-06-28 14:56:10.299 +07:00 [INF] Request finished HTTP/1.1 POST http://localhost:5059/api/blog/search - 200 null application/json; charset=utf-8 5.2321ms
2026-06-28 14:56:10.942 +07:00 [INF] Request starting HTTP/1.1 POST http://localhost:5059/api/blog/search - multipart/form-data; boundary=----WebKitFormBoundaryhDBTYxSI8YIAKyJ6 435
2026-06-28 14:56:10.942 +07:00 [INF] CORS policy execution successful.
2026-06-28 14:56:10.943 +07:00 [INF] Executing endpoint 'BlogApp.Controllers.BlogController.SearchBlogs (BlogApp)'
2026-06-28 14:56:10.943 +07:00 [INF] Route matched with {action = "SearchBlogs", controller = "Blog"}. Executing controller action with signature Microsoft.AspNetCore.Mvc.ActionResult SearchBlogs(BlogApp.DTOs.SearchBlogReqDTO) on controller BlogApp.Controllers.BlogController (BlogApp).
2026-06-28 14:56:10.946 +07:00 [INF] Executed DbCommand (1ms) [Parameters=[@req_SearchTitle_contains='?', @req_Tags='?' (DbType = Object)], CommandType='"Text"', CommandTimeout='30']
SELECT count(*)::int
FROM "Blogs" AS b
WHERE b."Title" LIKE @req_SearchTitle_contains AND @req_Tags && b."Tags"
2026-06-28 14:56:10.947 +07:00 [INF] Executed DbCommand (1ms) [Parameters=[@req_SearchTitle_contains='?', @req_Tags='?' (DbType = Object), @p3='?' (DbType = Int32), @p='?' (DbType = Int32)], CommandType='"Text"', CommandTimeout='30']
SELECT b0."Id", b0."AmountOfAccesses", b0."AuthorId", b0."Content", b0."CoverImage", b0."CreatedAt", b0."PublishedAt", b0."State", b0."Tags", b0."Title", b0."UpdatedAt", a."Username", a."Address", a."Avatar", a."CreatedAt", a."Description", a."Email", a."FullName", a."Functions", a."OtherContact", a."Password", a."Phone", a."Role", a."State", a."UpdatedAt"
FROM (
    SELECT b."Id", b."AmountOfAccesses", b."AuthorId", b."Content", b."CoverImage", b."CreatedAt", b."PublishedAt", b."State", b."Tags", b."Title", b."UpdatedAt"
    FROM "Blogs" AS b
    WHERE b."Title" LIKE @req_SearchTitle_contains AND @req_Tags && b."Tags"
    ORDER BY b."PublishedAt" DESC
    LIMIT @p3 OFFSET @p
) AS b0
INNER JOIN "Accounts" AS a ON b0."AuthorId" = a."Username"
ORDER BY b0."PublishedAt" DESC
2026-06-28 14:56:10.947 +07:00 [INF] Executing OkObjectResult, writing value of type 'BlogApp.DTOs.BlogPageRespDTO'.
2026-06-28 14:56:10.948 +07:00 [INF] Executed action BlogApp.Controllers.BlogController.SearchBlogs (BlogApp) in 4.6035ms
2026-06-28 14:56:10.948 +07:00 [INF] Executed endpoint 'BlogApp.Controllers.BlogController.SearchBlogs (BlogApp)'
2026-06-28 14:56:10.948 +07:00 [INF] HTTP POST /api/blog/search responded 200 in 5.1446 ms
2026-06-28 14:56:10.948 +07:00 [INF] Request finished HTTP/1.1 POST http://localhost:5059/api/blog/search - 200 null application/json; charset=utf-8 5.5845ms
2026-06-28 14:56:20.806 +07:00 [INF] Request starting HTTP/1.1 OPTIONS http://localhost:5059/api/authen/check-valid-token - null null
2026-06-28 14:56:20.806 +07:00 [INF] CORS policy execution successful.
2026-06-28 14:56:20.806 +07:00 [INF] Request finished HTTP/1.1 OPTIONS http://localhost:5059/api/authen/check-valid-token - 204 null null 0.3712ms
2026-06-28 14:56:20.806 +07:00 [INF] Request starting HTTP/1.1 OPTIONS http://localhost:5059/api/tags - null null
2026-06-28 14:56:20.807 +07:00 [INF] CORS policy execution successful.
2026-06-28 14:56:20.807 +07:00 [INF] Request finished HTTP/1.1 OPTIONS http://localhost:5059/api/tags - 204 null null 0.2309ms
2026-06-28 14:56:20.808 +07:00 [INF] Request starting HTTP/1.1 OPTIONS http://localhost:5059/api/authen/check-valid-token - null null
2026-06-28 14:56:20.808 +07:00 [INF] Request starting HTTP/1.1 GET http://localhost:5059/api/tags - null null
2026-06-28 14:56:20.808 +07:00 [INF] Request starting HTTP/1.1 OPTIONS http://localhost:5059/api/blog/fivelatest - null null
2026-06-28 14:56:20.808 +07:00 [INF] Request starting HTTP/1.1 GET http://localhost:5059/api/authen/check-valid-token - null null
2026-06-28 14:56:20.808 +07:00 [INF] Request starting HTTP/1.1 OPTIONS http://localhost:5059/api/tags/topfive - null null
2026-06-28 14:56:20.808 +07:00 [INF] CORS policy execution successful.
2026-06-28 14:56:20.808 +07:00 [INF] Request starting HTTP/1.1 OPTIONS http://localhost:5059/api/blog/topfive - null null
2026-06-28 14:56:20.808 +07:00 [INF] CORS policy execution successful.
2026-06-28 14:56:20.808 +07:00 [INF] CORS policy execution successful.
2026-06-28 14:56:20.809 +07:00 [INF] CORS policy execution successful.
2026-06-28 14:56:20.809 +07:00 [INF] Request finished HTTP/1.1 OPTIONS http://localhost:5059/api/blog/fivelatest - 204 null null 0.557ms
2026-06-28 14:56:20.809 +07:00 [INF] CORS policy execution successful.
2026-06-28 14:56:20.809 +07:00 [INF] Request finished HTTP/1.1 OPTIONS http://localhost:5059/api/authen/check-valid-token - 204 null null 0.621ms
2026-06-28 14:56:20.809 +07:00 [INF] CORS policy execution successful.
2026-06-28 14:56:20.809 +07:00 [INF] Request finished HTTP/1.1 OPTIONS http://localhost:5059/api/tags/topfive - 204 null null 0.8198ms
2026-06-28 14:56:20.809 +07:00 [INF] Executing endpoint 'BlogApp.Controllers.AuthenController.CheckValidToken (BlogApp)'
2026-06-28 14:56:20.809 +07:00 [INF] Executing endpoint 'BlogApp.Controllers.TagController.GetAllTags (BlogApp)'
2026-06-28 14:56:20.809 +07:00 [INF] Request finished HTTP/1.1 OPTIONS http://localhost:5059/api/blog/topfive - 204 null null 0.8867ms
2026-06-28 14:56:20.809 +07:00 [INF] Route matched with {action = "CheckValidToken", controller = "Authen"}. Executing controller action with signature Microsoft.AspNetCore.Mvc.ActionResult`1[BlogApp.DTOs.ResponseBaseDTO] CheckValidToken() on controller BlogApp.Controllers.AuthenController (BlogApp).
2026-06-28 14:56:20.810 +07:00 [INF] Executing OkObjectResult, writing value of type 'BlogApp.DTOs.ResponseBaseDTO'.
2026-06-28 14:56:20.810 +07:00 [INF] Executed action BlogApp.Controllers.AuthenController.CheckValidToken (BlogApp) in 0.3696ms
2026-06-28 14:56:20.810 +07:00 [INF] Request starting HTTP/1.1 GET http://localhost:5059/api/blog/fivelatest - null null
2026-06-28 14:56:20.810 +07:00 [INF] Request starting HTTP/1.1 GET http://localhost:5059/api/tags/topfive - null null
2026-06-28 14:56:20.810 +07:00 [INF] Executed endpoint 'BlogApp.Controllers.AuthenController.CheckValidToken (BlogApp)'
2026-06-28 14:56:20.810 +07:00 [INF] CORS policy execution successful.
2026-06-28 14:56:20.810 +07:00 [INF] CORS policy execution successful.
2026-06-28 14:56:20.810 +07:00 [INF] HTTP GET /api/authen/check-valid-token responded 200 in 1.4688 ms
2026-06-28 14:56:20.810 +07:00 [INF] Request starting HTTP/1.1 GET http://localhost:5059/api/blog/topfive - null null
2026-06-28 14:56:20.811 +07:00 [INF] Request starting HTTP/1.1 GET http://localhost:5059/api/authen/check-valid-token - null null
2026-06-28 14:56:20.811 +07:00 [INF] Executing endpoint 'BlogApp.Controllers.BlogController.Get5LatestBlogs (BlogApp)'
2026-06-28 14:56:20.811 +07:00 [INF] Executing endpoint 'BlogApp.Controllers.TagController.GetTop5Tags (BlogApp)'
2026-06-28 14:56:20.811 +07:00 [INF] Request finished HTTP/1.1 GET http://localhost:5059/api/authen/check-valid-token - 200 null application/json; charset=utf-8 2.4185ms
2026-06-28 14:56:20.811 +07:00 [INF] CORS policy execution successful.
2026-06-28 14:56:20.811 +07:00 [INF] CORS policy execution successful.
2026-06-28 14:56:20.811 +07:00 [INF] Route matched with {action = "Get5LatestBlogs", controller = "Blog"}. Executing controller action with signature Microsoft.AspNetCore.Mvc.ActionResult Get5LatestBlogs() on controller BlogApp.Controllers.BlogController (BlogApp).
2026-06-28 14:56:20.811 +07:00 [INF] Route matched with {action = "GetTop5Tags", controller = "Tag"}. Executing controller action with signature Microsoft.AspNetCore.Mvc.ActionResult GetTop5Tags() on controller BlogApp.Controllers.TagController (BlogApp).
2026-06-28 14:56:20.811 +07:00 [INF] Executing endpoint 'BlogApp.Controllers.AuthenController.CheckValidToken (BlogApp)'
2026-06-28 14:56:20.811 +07:00 [INF] Executing endpoint 'BlogApp.Controllers.BlogController.GetTop5Blogs (BlogApp)'
2026-06-28 14:56:20.811 +07:00 [INF] Route matched with {action = "CheckValidToken", controller = "Authen"}. Executing controller action with signature Microsoft.AspNetCore.Mvc.ActionResult`1[BlogApp.DTOs.ResponseBaseDTO] CheckValidToken() on controller BlogApp.Controllers.AuthenController (BlogApp).
2026-06-28 14:56:20.811 +07:00 [INF] Route matched with {action = "GetTop5Blogs", controller = "Blog"}. Executing controller action with signature Microsoft.AspNetCore.Mvc.ActionResult GetTop5Blogs() on controller BlogApp.Controllers.BlogController (BlogApp).
2026-06-28 14:56:20.811 +07:00 [INF] Route matched with {action = "GetAllTags", controller = "Tag"}. Executing controller action with signature Microsoft.AspNetCore.Mvc.ActionResult`1[BlogApp.DTOs.TagListRespDTO] GetAllTags() on controller BlogApp.Controllers.TagController (BlogApp).
2026-06-28 14:56:20.812 +07:00 [INF] Executing OkObjectResult, writing value of type 'BlogApp.DTOs.ResponseBaseDTO'.
2026-06-28 14:56:20.812 +07:00 [INF] Executed action BlogApp.Controllers.AuthenController.CheckValidToken (BlogApp) in 0.2695ms
2026-06-28 14:56:20.812 +07:00 [INF] Executed endpoint 'BlogApp.Controllers.AuthenController.CheckValidToken (BlogApp)'
2026-06-28 14:56:20.812 +07:00 [INF] HTTP GET /api/authen/check-valid-token responded 200 in 0.7037 ms
2026-06-28 14:56:20.812 +07:00 [INF] Request finished HTTP/1.1 GET http://localhost:5059/api/authen/check-valid-token - 200 null application/json; charset=utf-8 1.362ms
2026-06-28 14:56:20.813 +07:00 [INF] Request starting HTTP/1.1 GET http://localhost:5059/api/authen/check-valid-token - null null
2026-06-28 14:56:20.813 +07:00 [INF] CORS policy execution successful.
2026-06-28 14:56:20.813 +07:00 [INF] Executing endpoint 'BlogApp.Controllers.AuthenController.CheckValidToken (BlogApp)'
2026-06-28 14:56:20.813 +07:00 [INF] Route matched with {action = "CheckValidToken", controller = "Authen"}. Executing controller action with signature Microsoft.AspNetCore.Mvc.ActionResult`1[BlogApp.DTOs.ResponseBaseDTO] CheckValidToken() on controller BlogApp.Controllers.AuthenController (BlogApp).
2026-06-28 14:56:20.813 +07:00 [INF] Executed DbCommand (1ms) [Parameters=[], CommandType='"Text"', CommandTimeout='30']
SELECT b."Id", b."AmountOfAccesses", b."AuthorId", b."Content", b."CoverImage", b."CreatedAt", b."PublishedAt", b."State", b."Tags", b."Title", b."UpdatedAt"
FROM "Blogs" AS b
ORDER BY b."CreatedAt" DESC
2026-06-28 14:56:20.813 +07:00 [INF] Executed DbCommand (1ms) [Parameters=[], CommandType='"Text"', CommandTimeout='30']

            SELECT tag AS Name, COUNT(*) AS blog_count
            FROM "Blogs", UNNEST("Tags") AS tag
            GROUP BY tag
            ORDER BY blog_count DESC
            LIMIT 5
2026-06-28 14:56:20.813 +07:00 [INF] Executed DbCommand (1ms) [Parameters=[], CommandType='"Text"', CommandTimeout='30']
SELECT b."Id", b."AmountOfAccesses", b."AuthorId", b."Content", b."CoverImage", b."CreatedAt", b."PublishedAt", b."State", b."Tags", b."Title", b."UpdatedAt"
FROM "Blogs" AS b
ORDER BY b."CreatedAt" DESC
2026-06-28 14:56:20.813 +07:00 [INF] Executing OkObjectResult, writing value of type 'BlogApp.DTOs.ResponseBaseDTO'.
2026-06-28 14:56:20.814 +07:00 [INF] Executing OkObjectResult, writing value of type 'BlogApp.DTOs.TagListRespDTO'.
2026-06-28 14:56:20.814 +07:00 [INF] Executed action BlogApp.Controllers.AuthenController.CheckValidToken (BlogApp) in 0.4296ms
2026-06-28 14:56:20.814 +07:00 [INF] Executing OkObjectResult, writing value of type 'BlogApp.DTOs.BlogListRespDTO'.
2026-06-28 14:56:20.814 +07:00 [INF] Executing OkObjectResult, writing value of type 'BlogApp.DTOs.BlogListRespDTO'.
2026-06-28 14:56:20.814 +07:00 [INF] Executed endpoint 'BlogApp.Controllers.AuthenController.CheckValidToken (BlogApp)'
2026-06-28 14:56:20.814 +07:00 [INF] Executed action BlogApp.Controllers.TagController.GetTop5Tags (BlogApp) in 2.462ms
2026-06-28 14:56:20.814 +07:00 [INF] Executed action BlogApp.Controllers.BlogController.GetTop5Blogs (BlogApp) in 2.3741ms
2026-06-28 14:56:20.814 +07:00 [INF] Executed action BlogApp.Controllers.BlogController.Get5LatestBlogs (BlogApp) in 2.6992ms
2026-06-28 14:56:20.814 +07:00 [INF] HTTP GET /api/authen/check-valid-token responded 200 in 1.0828 ms
2026-06-28 14:56:20.814 +07:00 [INF] Executed endpoint 'BlogApp.Controllers.TagController.GetTop5Tags (BlogApp)'
2026-06-28 14:56:20.814 +07:00 [INF] Executed endpoint 'BlogApp.Controllers.BlogController.GetTop5Blogs (BlogApp)'
2026-06-28 14:56:20.814 +07:00 [INF] Executed endpoint 'BlogApp.Controllers.BlogController.Get5LatestBlogs (BlogApp)'
2026-06-28 14:56:20.814 +07:00 [INF] Request finished HTTP/1.1 GET http://localhost:5059/api/authen/check-valid-token - 200 null application/json; charset=utf-8 1.6095ms
2026-06-28 14:56:20.814 +07:00 [INF] HTTP GET /api/tags/topfive responded 200 in 3.7428 ms
2026-06-28 14:56:20.814 +07:00 [INF] HTTP GET /api/blog/topfive responded 200 in 3.2170 ms
2026-06-28 14:56:20.814 +07:00 [INF] HTTP GET /api/blog/fivelatest responded 200 in 3.8677 ms
2026-06-28 14:56:20.815 +07:00 [INF] Request finished HTTP/1.1 GET http://localhost:5059/api/tags/topfive - 200 null application/json; charset=utf-8 4.4764ms
2026-06-28 14:56:20.815 +07:00 [INF] Request finished HTTP/1.1 GET http://localhost:5059/api/blog/topfive - 200 null application/json; charset=utf-8 4.249ms
2026-06-28 14:56:20.815 +07:00 [INF] Request finished HTTP/1.1 GET http://localhost:5059/api/blog/fivelatest - 200 null application/json; charset=utf-8 4.7023ms
2026-06-28 14:56:20.816 +07:00 [INF] Request starting HTTP/1.1 GET http://localhost:5059/api/blog/fivelatest - null null
2026-06-28 14:56:20.816 +07:00 [INF] Request starting HTTP/1.1 GET http://localhost:5059/api/authen/check-valid-token - null null
2026-06-28 14:56:20.816 +07:00 [INF] Request starting HTTP/1.1 GET http://localhost:5059/api/tags/topfive - null null
2026-06-28 14:56:20.816 +07:00 [INF] Request starting HTTP/1.1 GET http://localhost:5059/api/blog/topfive - null null
2026-06-28 14:56:20.816 +07:00 [INF] CORS policy execution successful.
2026-06-28 14:56:20.816 +07:00 [INF] CORS policy execution successful.
2026-06-28 14:56:20.816 +07:00 [INF] CORS policy execution successful.
2026-06-28 14:56:20.816 +07:00 [INF] CORS policy execution successful.
2026-06-28 14:56:20.816 +07:00 [INF] Executing endpoint 'BlogApp.Controllers.BlogController.Get5LatestBlogs (BlogApp)'
2026-06-28 14:56:20.816 +07:00 [INF] Executing endpoint 'BlogApp.Controllers.BlogController.GetTop5Blogs (BlogApp)'
2026-06-28 14:56:20.816 +07:00 [INF] Executing endpoint 'BlogApp.Controllers.TagController.GetTop5Tags (BlogApp)'
2026-06-28 14:56:20.816 +07:00 [INF] Executing endpoint 'BlogApp.Controllers.AuthenController.CheckValidToken (BlogApp)'
2026-06-28 14:56:20.816 +07:00 [INF] Route matched with {action = "Get5LatestBlogs", controller = "Blog"}. Executing controller action with signature Microsoft.AspNetCore.Mvc.ActionResult Get5LatestBlogs() on controller BlogApp.Controllers.BlogController (BlogApp).
2026-06-28 14:56:20.816 +07:00 [INF] Route matched with {action = "GetTop5Blogs", controller = "Blog"}. Executing controller action with signature Microsoft.AspNetCore.Mvc.ActionResult GetTop5Blogs() on controller BlogApp.Controllers.BlogController (BlogApp).
2026-06-28 14:56:20.817 +07:00 [INF] Route matched with {action = "GetTop5Tags", controller = "Tag"}. Executing controller action with signature Microsoft.AspNetCore.Mvc.ActionResult GetTop5Tags() on controller BlogApp.Controllers.TagController (BlogApp).
2026-06-28 14:56:20.817 +07:00 [INF] Route matched with {action = "CheckValidToken", controller = "Authen"}. Executing controller action with signature Microsoft.AspNetCore.Mvc.ActionResult`1[BlogApp.DTOs.ResponseBaseDTO] CheckValidToken() on controller BlogApp.Controllers.AuthenController (BlogApp).
2026-06-28 14:56:20.817 +07:00 [INF] Executing OkObjectResult, writing value of type 'BlogApp.DTOs.ResponseBaseDTO'.
2026-06-28 14:56:20.817 +07:00 [INF] Executed action BlogApp.Controllers.AuthenController.CheckValidToken (BlogApp) in 0.1895ms
2026-06-28 14:56:20.817 +07:00 [INF] Executed endpoint 'BlogApp.Controllers.AuthenController.CheckValidToken (BlogApp)'
2026-06-28 14:56:20.817 +07:00 [INF] HTTP GET /api/authen/check-valid-token responded 200 in 0.9454 ms
2026-06-28 14:56:20.817 +07:00 [INF] Request finished HTTP/1.1 GET http://localhost:5059/api/authen/check-valid-token - 200 null application/json; charset=utf-8 1.5836ms
2026-06-28 14:56:20.819 +07:00 [INF] Executed DbCommand (1ms) [Parameters=[], CommandType='"Text"', CommandTimeout='30']
SELECT b."Id", b."AmountOfAccesses", b."AuthorId", b."Content", b."CoverImage", b."CreatedAt", b."PublishedAt", b."State", b."Tags", b."Title", b."UpdatedAt"
FROM "Blogs" AS b
ORDER BY b."CreatedAt" DESC
2026-06-28 14:56:20.819 +07:00 [INF] Executed DbCommand (1ms) [Parameters=[], CommandType='"Text"', CommandTimeout='30']

            SELECT tag AS Name, COUNT(*) AS blog_count
            FROM "Blogs", UNNEST("Tags") AS tag
            GROUP BY tag
            ORDER BY blog_count DESC
            LIMIT 5
2026-06-28 14:56:20.819 +07:00 [INF] Executed DbCommand (1ms) [Parameters=[], CommandType='"Text"', CommandTimeout='30']
SELECT b."Id", b."AmountOfAccesses", b."AuthorId", b."Content", b."CoverImage", b."CreatedAt", b."PublishedAt", b."State", b."Tags", b."Title", b."UpdatedAt"
FROM "Blogs" AS b
ORDER BY b."CreatedAt" DESC
2026-06-28 14:56:20.819 +07:00 [INF] Executing OkObjectResult, writing value of type 'BlogApp.DTOs.TagListRespDTO'.
2026-06-28 14:56:20.819 +07:00 [INF] Executing OkObjectResult, writing value of type 'BlogApp.DTOs.BlogListRespDTO'.
2026-06-28 14:56:20.819 +07:00 [INF] Executing OkObjectResult, writing value of type 'BlogApp.DTOs.BlogListRespDTO'.
2026-06-28 14:56:20.819 +07:00 [INF] Executed action BlogApp.Controllers.BlogController.GetTop5Blogs (BlogApp) in 2.3781ms
2026-06-28 14:56:20.819 +07:00 [INF] Executed action BlogApp.Controllers.BlogController.Get5LatestBlogs (BlogApp) in 2.5115ms
2026-06-28 14:56:20.819 +07:00 [INF] Executed action BlogApp.Controllers.TagController.GetTop5Tags (BlogApp) in 2.2334ms
2026-06-28 14:56:20.819 +07:00 [INF] Executed endpoint 'BlogApp.Controllers.BlogController.GetTop5Blogs (BlogApp)'
2026-06-28 14:56:20.819 +07:00 [INF] HTTP GET /api/blog/topfive responded 200 in 3.1861 ms
2026-06-28 14:56:20.819 +07:00 [INF] Executed endpoint 'BlogApp.Controllers.TagController.GetTop5Tags (BlogApp)'
2026-06-28 14:56:20.819 +07:00 [INF] Executed endpoint 'BlogApp.Controllers.BlogController.Get5LatestBlogs (BlogApp)'
2026-06-28 14:56:20.820 +07:00 [INF] Request finished HTTP/1.1 GET http://localhost:5059/api/blog/topfive - 200 null application/json; charset=utf-8 3.7725ms
2026-06-28 14:56:20.820 +07:00 [INF] HTTP GET /api/tags/topfive responded 200 in 3.2801 ms
2026-06-28 14:56:20.820 +07:00 [INF] HTTP GET /api/blog/fivelatest responded 200 in 3.4494 ms
2026-06-28 14:56:20.820 +07:00 [INF] Request finished HTTP/1.1 GET http://localhost:5059/api/tags/topfive - 200 null application/json; charset=utf-8 4.1266ms
2026-06-28 14:56:20.820 +07:00 [INF] Request finished HTTP/1.1 GET http://localhost:5059/api/blog/fivelatest - 200 null application/json; charset=utf-8 4.2774ms
2026-06-28 14:56:20.823 +07:00 [INF] Executed DbCommand (1ms) [Parameters=[], CommandType='"Text"', CommandTimeout='30']
SELECT t."Name", t."CreatedAt", t."Description", t."UpdatedAt"
FROM "Tags" AS t
ORDER BY t."Name" DESC
2026-06-28 14:56:20.828 +07:00 [INF] Executing OkObjectResult, writing value of type 'BlogApp.DTOs.TagListRespDTO'.
2026-06-28 14:56:20.828 +07:00 [INF] Executed action BlogApp.Controllers.TagController.GetAllTags (BlogApp) in 16.5887ms
2026-06-28 14:56:20.828 +07:00 [INF] Executed endpoint 'BlogApp.Controllers.TagController.GetAllTags (BlogApp)'
2026-06-28 14:56:20.828 +07:00 [INF] HTTP GET /api/tags responded 200 in 19.4776 ms
2026-06-28 14:56:20.828 +07:00 [INF] Request finished HTTP/1.1 GET http://localhost:5059/api/tags - 200 null application/json; charset=utf-8 20.2447ms
2026-06-28 14:56:20.829 +07:00 [INF] Request starting HTTP/1.1 GET http://localhost:5059/api/tags - null null
2026-06-28 14:56:20.829 +07:00 [INF] CORS policy execution successful.
2026-06-28 14:56:20.829 +07:00 [INF] Executing endpoint 'BlogApp.Controllers.TagController.GetAllTags (BlogApp)'
2026-06-28 14:56:20.830 +07:00 [INF] Route matched with {action = "GetAllTags", controller = "Tag"}. Executing controller action with signature Microsoft.AspNetCore.Mvc.ActionResult`1[BlogApp.DTOs.TagListRespDTO] GetAllTags() on controller BlogApp.Controllers.TagController (BlogApp).
2026-06-28 14:56:20.831 +07:00 [INF] Executed DbCommand (1ms) [Parameters=[], CommandType='"Text"', CommandTimeout='30']
SELECT t."Name", t."CreatedAt", t."Description", t."UpdatedAt"
FROM "Tags" AS t
ORDER BY t."Name" DESC
2026-06-28 14:56:20.832 +07:00 [INF] Executing OkObjectResult, writing value of type 'BlogApp.DTOs.TagListRespDTO'.
2026-06-28 14:56:20.832 +07:00 [INF] Executed action BlogApp.Controllers.TagController.GetAllTags (BlogApp) in 2.2646ms
2026-06-28 14:56:20.832 +07:00 [INF] Executed endpoint 'BlogApp.Controllers.TagController.GetAllTags (BlogApp)'
2026-06-28 14:56:20.832 +07:00 [INF] HTTP GET /api/tags responded 200 in 2.7395 ms
2026-06-28 14:56:20.832 +07:00 [INF] Request finished HTTP/1.1 GET http://localhost:5059/api/tags - 200 null application/json; charset=utf-8 3.063ms
2026-06-28 14:56:28.741 +07:00 [INF] Request starting HTTP/1.1 OPTIONS http://localhost:5059/api/blog/search - null null
2026-06-28 14:56:28.741 +07:00 [INF] CORS policy execution successful.
2026-06-28 14:56:28.742 +07:00 [INF] Request finished HTTP/1.1 OPTIONS http://localhost:5059/api/blog/search - 204 null null 0.8931ms
2026-06-28 14:56:28.742 +07:00 [INF] Request starting HTTP/1.1 OPTIONS http://localhost:5059/api/authen/check-valid-token - null null
2026-06-28 14:56:28.743 +07:00 [INF] CORS policy execution successful.
2026-06-28 14:56:28.743 +07:00 [INF] Request finished HTTP/1.1 OPTIONS http://localhost:5059/api/authen/check-valid-token - 204 null null 1.151ms
2026-06-28 14:56:28.745 +07:00 [INF] Request starting HTTP/1.1 POST http://localhost:5059/api/blog/search - multipart/form-data; boundary=----WebKitFormBoundaryUmIx7zxFlbhtsKd3 426
2026-06-28 14:56:28.745 +07:00 [INF] CORS policy execution successful.
2026-06-28 14:56:28.746 +07:00 [INF] Request starting HTTP/1.1 OPTIONS http://localhost:5059/api/tags/topfive - null null
2026-06-28 14:56:28.746 +07:00 [INF] Executing endpoint 'BlogApp.Controllers.BlogController.SearchBlogs (BlogApp)'
2026-06-28 14:56:28.746 +07:00 [INF] Request starting HTTP/1.1 OPTIONS http://localhost:5059/api/blog/fivelatest - null null
2026-06-28 14:56:28.747 +07:00 [INF] Request starting HTTP/1.1 OPTIONS http://localhost:5059/api/blog/topfive - null null
2026-06-28 14:56:28.746 +07:00 [INF] CORS policy execution successful.
2026-06-28 14:56:28.746 +07:00 [INF] Route matched with {action = "SearchBlogs", controller = "Blog"}. Executing controller action with signature Microsoft.AspNetCore.Mvc.ActionResult SearchBlogs(BlogApp.DTOs.SearchBlogReqDTO) on controller BlogApp.Controllers.BlogController (BlogApp).
2026-06-28 14:56:28.747 +07:00 [INF] Request starting HTTP/1.1 GET http://localhost:5059/api/authen/check-valid-token - null null
2026-06-28 14:56:28.747 +07:00 [INF] CORS policy execution successful.
2026-06-28 14:56:28.748 +07:00 [INF] CORS policy execution successful.
2026-06-28 14:56:28.747 +07:00 [INF] CORS policy execution successful.
2026-06-28 14:56:28.747 +07:00 [INF] Request finished HTTP/1.1 OPTIONS http://localhost:5059/api/tags/topfive - 204 null null 1.7013ms
2026-06-28 14:56:28.748 +07:00 [INF] Request finished HTTP/1.1 OPTIONS http://localhost:5059/api/blog/fivelatest - 204 null null 1.9987ms
2026-06-28 14:56:28.748 +07:00 [INF] Request finished HTTP/1.1 OPTIONS http://localhost:5059/api/blog/topfive - 204 null null 1.8649ms
2026-06-28 14:56:28.749 +07:00 [INF] Executing endpoint 'BlogApp.Controllers.AuthenController.CheckValidToken (BlogApp)'
2026-06-28 14:56:28.749 +07:00 [INF] Executing BadRequestObjectResult, writing value of type 'Microsoft.AspNetCore.Mvc.ValidationProblemDetails'.
2026-06-28 14:56:28.750 +07:00 [INF] Route matched with {action = "CheckValidToken", controller = "Authen"}. Executing controller action with signature Microsoft.AspNetCore.Mvc.ActionResult`1[BlogApp.DTOs.ResponseBaseDTO] CheckValidToken() on controller BlogApp.Controllers.AuthenController (BlogApp).
2026-06-28 14:56:28.750 +07:00 [INF] Executed action BlogApp.Controllers.BlogController.SearchBlogs (BlogApp) in 2.9105ms
2026-06-28 14:56:28.751 +07:00 [INF] Request starting HTTP/1.1 GET http://localhost:5059/api/tags/topfive - null null
2026-06-28 14:56:28.751 +07:00 [INF] Executed endpoint 'BlogApp.Controllers.BlogController.SearchBlogs (BlogApp)'
2026-06-28 14:56:28.751 +07:00 [INF] CORS policy execution successful.
2026-06-28 14:56:28.751 +07:00 [INF] Executing OkObjectResult, writing value of type 'BlogApp.DTOs.ResponseBaseDTO'.
2026-06-28 14:56:28.751 +07:00 [INF] Executing endpoint 'BlogApp.Controllers.TagController.GetTop5Tags (BlogApp)'
2026-06-28 14:56:28.752 +07:00 [INF] Executed action BlogApp.Controllers.AuthenController.CheckValidToken (BlogApp) in 1.0396ms
2026-06-28 14:56:28.751 +07:00 [INF] HTTP POST /api/blog/search responded 400 in 5.5936 ms
2026-06-28 14:56:28.752 +07:00 [INF] Route matched with {action = "GetTop5Tags", controller = "Tag"}. Executing controller action with signature Microsoft.AspNetCore.Mvc.ActionResult GetTop5Tags() on controller BlogApp.Controllers.TagController (BlogApp).
2026-06-28 14:56:28.752 +07:00 [INF] Executed endpoint 'BlogApp.Controllers.AuthenController.CheckValidToken (BlogApp)'
2026-06-28 14:56:28.752 +07:00 [INF] Request finished HTTP/1.1 POST http://localhost:5059/api/blog/search - 400 null application/problem+json; charset=utf-8 7.2516ms
2026-06-28 14:56:28.752 +07:00 [INF] HTTP GET /api/authen/check-valid-token responded 200 in 4.2108 ms
2026-06-28 14:56:28.753 +07:00 [INF] Request starting HTTP/1.1 GET http://localhost:5059/api/blog/fivelatest - null null
2026-06-28 14:56:28.753 +07:00 [INF] Request finished HTTP/1.1 GET http://localhost:5059/api/authen/check-valid-token - 200 null application/json; charset=utf-8 6.3847ms
2026-06-28 14:56:28.753 +07:00 [INF] Request starting HTTP/1.1 GET http://localhost:5059/api/blog/topfive - null null
2026-06-28 14:56:28.753 +07:00 [INF] CORS policy execution successful.
2026-06-28 14:56:28.754 +07:00 [INF] CORS policy execution successful.
2026-06-28 14:56:28.754 +07:00 [INF] Executing endpoint 'BlogApp.Controllers.BlogController.Get5LatestBlogs (BlogApp)'
2026-06-28 14:56:28.754 +07:00 [INF] Executing endpoint 'BlogApp.Controllers.BlogController.GetTop5Blogs (BlogApp)'
2026-06-28 14:56:28.755 +07:00 [INF] Route matched with {action = "Get5LatestBlogs", controller = "Blog"}. Executing controller action with signature Microsoft.AspNetCore.Mvc.ActionResult Get5LatestBlogs() on controller BlogApp.Controllers.BlogController (BlogApp).
2026-06-28 14:56:28.755 +07:00 [INF] Route matched with {action = "GetTop5Blogs", controller = "Blog"}. Executing controller action with signature Microsoft.AspNetCore.Mvc.ActionResult GetTop5Blogs() on controller BlogApp.Controllers.BlogController (BlogApp).
2026-06-28 14:56:28.756 +07:00 [INF] Executed DbCommand (3ms) [Parameters=[], CommandType='"Text"', CommandTimeout='30']

            SELECT tag AS Name, COUNT(*) AS blog_count
            FROM "Blogs", UNNEST("Tags") AS tag
            GROUP BY tag
            ORDER BY blog_count DESC
            LIMIT 5
2026-06-28 14:56:28.757 +07:00 [INF] Executing OkObjectResult, writing value of type 'BlogApp.DTOs.TagListRespDTO'.
2026-06-28 14:56:28.757 +07:00 [INF] Executed action BlogApp.Controllers.TagController.GetTop5Tags (BlogApp) in 4.6802ms
2026-06-28 14:56:28.757 +07:00 [INF] Executed endpoint 'BlogApp.Controllers.TagController.GetTop5Tags (BlogApp)'
2026-06-28 14:56:28.757 +07:00 [INF] HTTP GET /api/tags/topfive responded 200 in 5.9698 ms
2026-06-28 14:56:28.757 +07:00 [INF] Request finished HTTP/1.1 GET http://localhost:5059/api/tags/topfive - 200 null application/json; charset=utf-8 6.7216ms
2026-06-28 14:56:28.757 +07:00 [INF] Executed DbCommand (1ms) [Parameters=[], CommandType='"Text"', CommandTimeout='30']
SELECT b."Id", b."AmountOfAccesses", b."AuthorId", b."Content", b."CoverImage", b."CreatedAt", b."PublishedAt", b."State", b."Tags", b."Title", b."UpdatedAt"
FROM "Blogs" AS b
ORDER BY b."CreatedAt" DESC
2026-06-28 14:56:28.758 +07:00 [INF] Executing OkObjectResult, writing value of type 'BlogApp.DTOs.BlogListRespDTO'.
2026-06-28 14:56:28.758 +07:00 [INF] Executed DbCommand (2ms) [Parameters=[], CommandType='"Text"', CommandTimeout='30']
SELECT b."Id", b."AmountOfAccesses", b."AuthorId", b."Content", b."CoverImage", b."CreatedAt", b."PublishedAt", b."State", b."Tags", b."Title", b."UpdatedAt"
FROM "Blogs" AS b
ORDER BY b."CreatedAt" DESC
2026-06-28 14:56:28.758 +07:00 [INF] Executed action BlogApp.Controllers.BlogController.Get5LatestBlogs (BlogApp) in 3.3644ms
2026-06-28 14:56:28.758 +07:00 [INF] Executed endpoint 'BlogApp.Controllers.BlogController.Get5LatestBlogs (BlogApp)'
2026-06-28 14:56:28.758 +07:00 [INF] HTTP GET /api/blog/fivelatest responded 200 in 4.4009 ms
2026-06-28 14:56:28.759 +07:00 [INF] Executing OkObjectResult, writing value of type 'BlogApp.DTOs.BlogListRespDTO'.
2026-06-28 14:56:28.759 +07:00 [INF] Request finished HTTP/1.1 GET http://localhost:5059/api/blog/fivelatest - 200 null application/json; charset=utf-8 5.8804ms
2026-06-28 14:56:28.759 +07:00 [INF] Executed action BlogApp.Controllers.BlogController.GetTop5Blogs (BlogApp) in 3.6921ms
2026-06-28 14:56:28.759 +07:00 [INF] Executed endpoint 'BlogApp.Controllers.BlogController.GetTop5Blogs (BlogApp)'
2026-06-28 14:56:28.759 +07:00 [INF] HTTP GET /api/blog/topfive responded 200 in 4.9654 ms
2026-06-28 14:56:28.759 +07:00 [INF] Request finished HTTP/1.1 GET http://localhost:5059/api/blog/topfive - 200 null application/json; charset=utf-8 6.1256ms
2026-06-28 14:56:30.251 +07:00 [INF] Request starting HTTP/1.1 POST http://localhost:5059/api/blog/search - multipart/form-data; boundary=----WebKitFormBoundaryV3o5gzASviVq2Que 426
2026-06-28 14:56:30.252 +07:00 [INF] CORS policy execution successful.
2026-06-28 14:56:30.252 +07:00 [INF] Request starting HTTP/1.1 GET http://localhost:5059/api/authen/check-valid-token - null null
2026-06-28 14:56:30.252 +07:00 [INF] Executing endpoint 'BlogApp.Controllers.BlogController.SearchBlogs (BlogApp)'
2026-06-28 14:56:30.253 +07:00 [INF] CORS policy execution successful.
2026-06-28 14:56:30.253 +07:00 [INF] Route matched with {action = "SearchBlogs", controller = "Blog"}. Executing controller action with signature Microsoft.AspNetCore.Mvc.ActionResult SearchBlogs(BlogApp.DTOs.SearchBlogReqDTO) on controller BlogApp.Controllers.BlogController (BlogApp).
2026-06-28 14:56:30.254 +07:00 [INF] Request starting HTTP/1.1 GET http://localhost:5059/api/tags/topfive - null null
2026-06-28 14:56:30.254 +07:00 [INF] Executing endpoint 'BlogApp.Controllers.AuthenController.CheckValidToken (BlogApp)'
2026-06-28 14:56:30.254 +07:00 [INF] CORS policy execution successful.
2026-06-28 14:56:30.254 +07:00 [INF] Route matched with {action = "CheckValidToken", controller = "Authen"}. Executing controller action with signature Microsoft.AspNetCore.Mvc.ActionResult`1[BlogApp.DTOs.ResponseBaseDTO] CheckValidToken() on controller BlogApp.Controllers.AuthenController (BlogApp).
2026-06-28 14:56:30.254 +07:00 [INF] Request starting HTTP/1.1 GET http://localhost:5059/api/blog/fivelatest - null null
2026-06-28 14:56:30.255 +07:00 [INF] Executing endpoint 'BlogApp.Controllers.TagController.GetTop5Tags (BlogApp)'
2026-06-28 14:56:30.255 +07:00 [INF] Request starting HTTP/1.1 GET http://localhost:5059/api/blog/topfive - null null
2026-06-28 14:56:30.255 +07:00 [INF] Executing BadRequestObjectResult, writing value of type 'Microsoft.AspNetCore.Mvc.ValidationProblemDetails'.
2026-06-28 14:56:30.255 +07:00 [INF] CORS policy execution successful.
2026-06-28 14:56:30.255 +07:00 [INF] Executing OkObjectResult, writing value of type 'BlogApp.DTOs.ResponseBaseDTO'.
2026-06-28 14:56:30.255 +07:00 [INF] Route matched with {action = "GetTop5Tags", controller = "Tag"}. Executing controller action with signature Microsoft.AspNetCore.Mvc.ActionResult GetTop5Tags() on controller BlogApp.Controllers.TagController (BlogApp).
2026-06-28 14:56:30.256 +07:00 [INF] CORS policy execution successful.
2026-06-28 14:56:30.256 +07:00 [INF] Executed action BlogApp.Controllers.BlogController.SearchBlogs (BlogApp) in 2.6789ms
2026-06-28 14:56:30.256 +07:00 [INF] Executing endpoint 'BlogApp.Controllers.BlogController.Get5LatestBlogs (BlogApp)'
2026-06-28 14:56:30.257 +07:00 [INF] Executing endpoint 'BlogApp.Controllers.BlogController.GetTop5Blogs (BlogApp)'
2026-06-28 14:56:30.257 +07:00 [INF] Route matched with {action = "Get5LatestBlogs", controller = "Blog"}. Executing controller action with signature Microsoft.AspNetCore.Mvc.ActionResult Get5LatestBlogs() on controller BlogApp.Controllers.BlogController (BlogApp).
2026-06-28 14:56:30.257 +07:00 [INF] Executed endpoint 'BlogApp.Controllers.BlogController.SearchBlogs (BlogApp)'
2026-06-28 14:56:30.256 +07:00 [INF] Executed action BlogApp.Controllers.AuthenController.CheckValidToken (BlogApp) in 1.7867ms
2026-06-28 14:56:30.258 +07:00 [INF] Route matched with {action = "GetTop5Blogs", controller = "Blog"}. Executing controller action with signature Microsoft.AspNetCore.Mvc.ActionResult GetTop5Blogs() on controller BlogApp.Controllers.BlogController (BlogApp).
2026-06-28 14:56:30.258 +07:00 [INF] HTTP POST /api/blog/search responded 400 in 6.0886 ms
2026-06-28 14:56:30.258 +07:00 [INF] Executed endpoint 'BlogApp.Controllers.AuthenController.CheckValidToken (BlogApp)'
2026-06-28 14:56:30.259 +07:00 [INF] Request finished HTTP/1.1 POST http://localhost:5059/api/blog/search - 400 null application/problem+json; charset=utf-8 7.446ms
2026-06-28 14:56:30.259 +07:00 [INF] HTTP GET /api/authen/check-valid-token responded 200 in 5.9074 ms
2026-06-28 14:56:30.260 +07:00 [INF] Request finished HTTP/1.1 GET http://localhost:5059/api/authen/check-valid-token - 200 null application/json; charset=utf-8 7.4909ms
2026-06-28 14:56:30.262 +07:00 [INF] Executed DbCommand (3ms) [Parameters=[], CommandType='"Text"', CommandTimeout='30']
SELECT b."Id", b."AmountOfAccesses", b."AuthorId", b."Content", b."CoverImage", b."CreatedAt", b."PublishedAt", b."State", b."Tags", b."Title", b."UpdatedAt"
FROM "Blogs" AS b
ORDER BY b."CreatedAt" DESC
2026-06-28 14:56:30.262 +07:00 [INF] Executed DbCommand (2ms) [Parameters=[], CommandType='"Text"', CommandTimeout='30']
SELECT b."Id", b."AmountOfAccesses", b."AuthorId", b."Content", b."CoverImage", b."CreatedAt", b."PublishedAt", b."State", b."Tags", b."Title", b."UpdatedAt"
FROM "Blogs" AS b
ORDER BY b."CreatedAt" DESC
2026-06-28 14:56:30.262 +07:00 [INF] Executed DbCommand (4ms) [Parameters=[], CommandType='"Text"', CommandTimeout='30']

            SELECT tag AS Name, COUNT(*) AS blog_count
            FROM "Blogs", UNNEST("Tags") AS tag
            GROUP BY tag
            ORDER BY blog_count DESC
            LIMIT 5
2026-06-28 14:56:30.263 +07:00 [INF] Executing OkObjectResult, writing value of type 'BlogApp.DTOs.BlogListRespDTO'.
2026-06-28 14:56:30.263 +07:00 [INF] Executing OkObjectResult, writing value of type 'BlogApp.DTOs.BlogListRespDTO'.
2026-06-28 14:56:30.263 +07:00 [INF] Executed action BlogApp.Controllers.BlogController.Get5LatestBlogs (BlogApp) in 5.2966ms
2026-06-28 14:56:30.263 +07:00 [INF] Executed action BlogApp.Controllers.BlogController.GetTop5Blogs (BlogApp) in 4.9258ms
2026-06-28 14:56:30.263 +07:00 [INF] Executing OkObjectResult, writing value of type 'BlogApp.DTOs.TagListRespDTO'.
2026-06-28 14:56:30.263 +07:00 [INF] Executed endpoint 'BlogApp.Controllers.BlogController.Get5LatestBlogs (BlogApp)'
2026-06-28 14:56:30.264 +07:00 [INF] Executed endpoint 'BlogApp.Controllers.BlogController.GetTop5Blogs (BlogApp)'
2026-06-28 14:56:30.264 +07:00 [INF] Executed action BlogApp.Controllers.TagController.GetTop5Tags (BlogApp) in 7.0891ms
2026-06-28 14:56:30.264 +07:00 [INF] HTTP GET /api/blog/fivelatest responded 200 in 7.7977 ms
2026-06-28 14:56:30.264 +07:00 [INF] HTTP GET /api/blog/topfive responded 200 in 7.1077 ms
2026-06-28 14:56:30.264 +07:00 [INF] Executed endpoint 'BlogApp.Controllers.TagController.GetTop5Tags (BlogApp)'
2026-06-28 14:56:30.265 +07:00 [INF] Request finished HTTP/1.1 GET http://localhost:5059/api/blog/fivelatest - 200 null application/json; charset=utf-8 10.2303ms
2026-06-28 14:56:30.265 +07:00 [INF] Request finished HTTP/1.1 GET http://localhost:5059/api/blog/topfive - 200 null application/json; charset=utf-8 9.7466ms
2026-06-28 14:56:30.265 +07:00 [INF] HTTP GET /api/tags/topfive responded 200 in 10.5258 ms
2026-06-28 14:56:30.266 +07:00 [INF] Request finished HTTP/1.1 GET http://localhost:5059/api/tags/topfive - 200 null application/json; charset=utf-8 12.2596ms
2026-06-28 14:56:49.989 +07:00 [INF] Request starting HTTP/1.1 OPTIONS http://localhost:5059/api/blog/search - null null
2026-06-28 14:56:49.989 +07:00 [INF] CORS policy execution successful.
2026-06-28 14:56:49.990 +07:00 [INF] Request finished HTTP/1.1 OPTIONS http://localhost:5059/api/blog/search - 204 null null 0.6301ms
2026-06-28 14:56:49.991 +07:00 [INF] Request starting HTTP/1.1 POST http://localhost:5059/api/blog/search - multipart/form-data; boundary=----WebKitFormBoundary30Fg0aOThGgsQ6lN 426
2026-06-28 14:56:49.992 +07:00 [INF] CORS policy execution successful.
2026-06-28 14:56:49.993 +07:00 [INF] Executing endpoint 'BlogApp.Controllers.BlogController.SearchBlogs (BlogApp)'
2026-06-28 14:56:49.993 +07:00 [INF] Route matched with {action = "SearchBlogs", controller = "Blog"}. Executing controller action with signature Microsoft.AspNetCore.Mvc.ActionResult SearchBlogs(BlogApp.DTOs.SearchBlogReqDTO) on controller BlogApp.Controllers.BlogController (BlogApp).
2026-06-28 14:56:49.993 +07:00 [INF] Executing BadRequestObjectResult, writing value of type 'Microsoft.AspNetCore.Mvc.ValidationProblemDetails'.
2026-06-28 14:56:49.994 +07:00 [INF] Executed action BlogApp.Controllers.BlogController.SearchBlogs (BlogApp) in 1.0047ms
2026-06-28 14:56:49.994 +07:00 [INF] Executed endpoint 'BlogApp.Controllers.BlogController.SearchBlogs (BlogApp)'
2026-06-28 14:56:49.994 +07:00 [INF] HTTP POST /api/blog/search responded 400 in 2.0828 ms
2026-06-28 14:56:49.994 +07:00 [INF] Request finished HTTP/1.1 POST http://localhost:5059/api/blog/search - 400 null application/problem+json; charset=utf-8 2.6694ms
2026-06-28 14:58:25.875 +07:00 [INF] Request starting HTTP/1.1 OPTIONS http://localhost:5059/api/blog/search - null null
2026-06-28 14:58:25.877 +07:00 [INF] CORS policy execution successful.
2026-06-28 14:58:25.877 +07:00 [INF] Request finished HTTP/1.1 OPTIONS http://localhost:5059/api/blog/search - 204 null null 1.9811ms
2026-06-28 14:58:25.878 +07:00 [INF] Request starting HTTP/1.1 POST http://localhost:5059/api/blog/search - multipart/form-data; boundary=----WebKitFormBoundary981sdbQFsojf4AKs 430
2026-06-28 14:58:25.878 +07:00 [INF] CORS policy execution successful.
2026-06-28 14:58:25.878 +07:00 [INF] Executing endpoint 'BlogApp.Controllers.BlogController.SearchBlogs (BlogApp)'
2026-06-28 14:58:25.878 +07:00 [INF] Route matched with {action = "SearchBlogs", controller = "Blog"}. Executing controller action with signature Microsoft.AspNetCore.Mvc.ActionResult SearchBlogs(BlogApp.DTOs.SearchBlogReqDTO) on controller BlogApp.Controllers.BlogController (BlogApp).
2026-06-28 14:58:25.881 +07:00 [INF] Executed DbCommand (1ms) [Parameters=[@req_SearchTitle_contains='?', @req_Tags='?' (DbType = Object)], CommandType='"Text"', CommandTimeout='30']
SELECT count(*)::int
FROM "Blogs" AS b
WHERE b."Title" LIKE @req_SearchTitle_contains AND @req_Tags && b."Tags"
2026-06-28 14:58:25.883 +07:00 [INF] Executed DbCommand (1ms) [Parameters=[@req_SearchTitle_contains='?', @req_Tags='?' (DbType = Object), @p3='?' (DbType = Int32), @p='?' (DbType = Int32)], CommandType='"Text"', CommandTimeout='30']
SELECT b0."Id", b0."AmountOfAccesses", b0."AuthorId", b0."Content", b0."CoverImage", b0."CreatedAt", b0."PublishedAt", b0."State", b0."Tags", b0."Title", b0."UpdatedAt", a."Username", a."Address", a."Avatar", a."CreatedAt", a."Description", a."Email", a."FullName", a."Functions", a."OtherContact", a."Password", a."Phone", a."Role", a."State", a."UpdatedAt"
FROM (
    SELECT b."Id", b."AmountOfAccesses", b."AuthorId", b."Content", b."CoverImage", b."CreatedAt", b."PublishedAt", b."State", b."Tags", b."Title", b."UpdatedAt"
    FROM "Blogs" AS b
    WHERE b."Title" LIKE @req_SearchTitle_contains AND @req_Tags && b."Tags"
    ORDER BY b."PublishedAt" DESC
    LIMIT @p3 OFFSET @p
) AS b0
INNER JOIN "Accounts" AS a ON b0."AuthorId" = a."Username"
ORDER BY b0."PublishedAt" DESC
2026-06-28 14:58:25.883 +07:00 [INF] Executing OkObjectResult, writing value of type 'BlogApp.DTOs.BlogPageRespDTO'.
2026-06-28 14:58:25.883 +07:00 [INF] Executed action BlogApp.Controllers.BlogController.SearchBlogs (BlogApp) in 4.5006ms
2026-06-28 14:58:25.883 +07:00 [INF] Executed endpoint 'BlogApp.Controllers.BlogController.SearchBlogs (BlogApp)'
2026-06-28 14:58:25.883 +07:00 [INF] HTTP POST /api/blog/search responded 200 in 5.1409 ms
2026-06-28 14:58:25.883 +07:00 [INF] Request finished HTTP/1.1 POST http://localhost:5059/api/blog/search - 200 null application/json; charset=utf-8 5.4654ms
2026-06-28 15:00:19.240 +07:00 [INF] Request starting HTTP/1.1 OPTIONS http://localhost:5059/api/blog/search - null null
2026-06-28 15:00:19.241 +07:00 [INF] CORS policy execution successful.
2026-06-28 15:00:19.242 +07:00 [INF] Request finished HTTP/1.1 OPTIONS http://localhost:5059/api/blog/search - 204 null null 1.1641ms
2026-06-28 15:00:19.243 +07:00 [INF] Request starting HTTP/1.1 POST http://localhost:5059/api/blog/search - multipart/form-data; boundary=----WebKitFormBoundaryxfPWsUM3E5pbZ8lY 433
2026-06-28 15:00:19.244 +07:00 [INF] CORS policy execution successful.
2026-06-28 15:00:19.244 +07:00 [INF] Executing endpoint 'BlogApp.Controllers.BlogController.SearchBlogs (BlogApp)'
2026-06-28 15:00:19.244 +07:00 [INF] Route matched with {action = "SearchBlogs", controller = "Blog"}. Executing controller action with signature Microsoft.AspNetCore.Mvc.ActionResult SearchBlogs(BlogApp.DTOs.SearchBlogReqDTO) on controller BlogApp.Controllers.BlogController (BlogApp).
2026-06-28 15:00:19.250 +07:00 [INF] Executed DbCommand (1ms) [Parameters=[@req_SearchTitle_contains='?', @req_Tags='?' (DbType = Object)], CommandType='"Text"', CommandTimeout='30']
SELECT count(*)::int
FROM "Blogs" AS b
WHERE b."Title" LIKE @req_SearchTitle_contains AND @req_Tags && b."Tags"
2026-06-28 15:00:19.252 +07:00 [INF] Executed DbCommand (1ms) [Parameters=[@req_SearchTitle_contains='?', @req_Tags='?' (DbType = Object), @p3='?' (DbType = Int32), @p='?' (DbType = Int32)], CommandType='"Text"', CommandTimeout='30']
SELECT b0."Id", b0."AmountOfAccesses", b0."AuthorId", b0."Content", b0."CoverImage", b0."CreatedAt", b0."PublishedAt", b0."State", b0."Tags", b0."Title", b0."UpdatedAt", a."Username", a."Address", a."Avatar", a."CreatedAt", a."Description", a."Email", a."FullName", a."Functions", a."OtherContact", a."Password", a."Phone", a."Role", a."State", a."UpdatedAt"
FROM (
    SELECT b."Id", b."AmountOfAccesses", b."AuthorId", b."Content", b."CoverImage", b."CreatedAt", b."PublishedAt", b."State", b."Tags", b."Title", b."UpdatedAt"
    FROM "Blogs" AS b
    WHERE b."Title" LIKE @req_SearchTitle_contains AND @req_Tags && b."Tags"
    ORDER BY b."PublishedAt" DESC
    LIMIT @p3 OFFSET @p
) AS b0
INNER JOIN "Accounts" AS a ON b0."AuthorId" = a."Username"
ORDER BY b0."PublishedAt" DESC
2026-06-28 15:00:19.252 +07:00 [INF] Executing OkObjectResult, writing value of type 'BlogApp.DTOs.BlogPageRespDTO'.
2026-06-28 15:00:19.252 +07:00 [INF] Executed action BlogApp.Controllers.BlogController.SearchBlogs (BlogApp) in 7.8609ms
2026-06-28 15:00:19.252 +07:00 [INF] Executed endpoint 'BlogApp.Controllers.BlogController.SearchBlogs (BlogApp)'
2026-06-28 15:00:19.252 +07:00 [INF] HTTP POST /api/blog/search responded 200 in 8.7122 ms
2026-06-28 15:00:19.253 +07:00 [INF] Request finished HTTP/1.1 POST http://localhost:5059/api/blog/search - 200 null application/json; charset=utf-8 9.2967ms
2026-06-28 15:00:29.609 +07:00 [INF] Request starting HTTP/1.1 OPTIONS http://localhost:5059/api/blog/search - null null
2026-06-28 15:00:29.610 +07:00 [INF] CORS policy execution successful.
2026-06-28 15:00:29.610 +07:00 [INF] Request finished HTTP/1.1 OPTIONS http://localhost:5059/api/blog/search - 204 null null 0.8839ms
2026-06-28 15:00:29.612 +07:00 [INF] Request starting HTTP/1.1 POST http://localhost:5059/api/blog/search - multipart/form-data; boundary=----WebKitFormBoundarydi2w3ZgNTkBQgpCB 433
2026-06-28 15:00:29.613 +07:00 [INF] CORS policy execution successful.
2026-06-28 15:00:29.613 +07:00 [INF] Executing endpoint 'BlogApp.Controllers.BlogController.SearchBlogs (BlogApp)'
2026-06-28 15:00:29.613 +07:00 [INF] Route matched with {action = "SearchBlogs", controller = "Blog"}. Executing controller action with signature Microsoft.AspNetCore.Mvc.ActionResult SearchBlogs(BlogApp.DTOs.SearchBlogReqDTO) on controller BlogApp.Controllers.BlogController (BlogApp).
2026-06-28 15:00:29.616 +07:00 [INF] Executed DbCommand (1ms) [Parameters=[@req_SearchTitle_contains='?', @req_Tags='?' (DbType = Object)], CommandType='"Text"', CommandTimeout='30']
SELECT count(*)::int
FROM "Blogs" AS b
WHERE b."Title" LIKE @req_SearchTitle_contains AND @req_Tags && b."Tags"
2026-06-28 15:00:29.617 +07:00 [INF] Executed DbCommand (1ms) [Parameters=[@req_SearchTitle_contains='?', @req_Tags='?' (DbType = Object), @p3='?' (DbType = Int32), @p='?' (DbType = Int32)], CommandType='"Text"', CommandTimeout='30']
SELECT b0."Id", b0."AmountOfAccesses", b0."AuthorId", b0."Content", b0."CoverImage", b0."CreatedAt", b0."PublishedAt", b0."State", b0."Tags", b0."Title", b0."UpdatedAt", a."Username", a."Address", a."Avatar", a."CreatedAt", a."Description", a."Email", a."FullName", a."Functions", a."OtherContact", a."Password", a."Phone", a."Role", a."State", a."UpdatedAt"
FROM (
    SELECT b."Id", b."AmountOfAccesses", b."AuthorId", b."Content", b."CoverImage", b."CreatedAt", b."PublishedAt", b."State", b."Tags", b."Title", b."UpdatedAt"
    FROM "Blogs" AS b
    WHERE b."Title" LIKE @req_SearchTitle_contains AND @req_Tags && b."Tags"
    ORDER BY b."PublishedAt" DESC
    LIMIT @p3 OFFSET @p
) AS b0
INNER JOIN "Accounts" AS a ON b0."AuthorId" = a."Username"
ORDER BY b0."PublishedAt" DESC
2026-06-28 15:00:29.617 +07:00 [INF] Executing OkObjectResult, writing value of type 'BlogApp.DTOs.BlogPageRespDTO'.
2026-06-28 15:00:29.617 +07:00 [INF] Executed action BlogApp.Controllers.BlogController.SearchBlogs (BlogApp) in 3.7129ms
2026-06-28 15:00:29.617 +07:00 [INF] Executed endpoint 'BlogApp.Controllers.BlogController.SearchBlogs (BlogApp)'
2026-06-28 15:00:29.617 +07:00 [INF] HTTP POST /api/blog/search responded 200 in 4.4237 ms
2026-06-28 15:00:29.617 +07:00 [INF] Request finished HTTP/1.1 POST http://localhost:5059/api/blog/search - 200 null application/json; charset=utf-8 5.1905ms
2026-06-28 15:02:58.231 +07:00 [INF] Request starting HTTP/1.1 OPTIONS http://localhost:5059/api/authen/login - null null
2026-06-28 15:02:58.232 +07:00 [INF] CORS policy execution successful.
2026-06-28 15:02:58.232 +07:00 [INF] Request finished HTTP/1.1 OPTIONS http://localhost:5059/api/authen/login - 204 null null 0.7854ms
2026-06-28 15:02:58.235 +07:00 [INF] Request starting HTTP/1.1 POST http://localhost:5059/api/authen/login - multipart/form-data; boundary=----WebKitFormBoundaryThusvRzLglXvugpZ 246
2026-06-28 15:02:58.235 +07:00 [INF] CORS policy execution successful.
2026-06-28 15:02:58.236 +07:00 [INF] Executing endpoint 'BlogApp.Controllers.AuthenController.LoginUser (BlogApp)'
2026-06-28 15:02:58.237 +07:00 [INF] Route matched with {action = "LoginUser", controller = "Authen"}. Executing controller action with signature Microsoft.AspNetCore.Mvc.ActionResult`1[BlogApp.DTOs.LoginRespDTO] LoginUser(BlogApp.DTOs.LoginDTO) on controller BlogApp.Controllers.AuthenController (BlogApp).
2026-06-28 15:02:58.250 +07:00 [INF] Executed DbCommand (1ms) [Parameters=[@username='?'], CommandType='"Text"', CommandTimeout='30']
SELECT a."Username", a."Address", a."Avatar", a."CreatedAt", a."Description", a."Email", a."FullName", a."Functions", a."OtherContact", a."Password", a."Phone", a."Role", a."State", a."UpdatedAt"
FROM "Accounts" AS a
WHERE a."Username" = @username
LIMIT 1
2026-06-28 15:02:58.543 +07:00 [INF] Executing OkObjectResult, writing value of type 'BlogApp.DTOs.LoginRespDTO'.
2026-06-28 15:02:58.543 +07:00 [INF] Executed action BlogApp.Controllers.AuthenController.LoginUser (BlogApp) in 305.988ms
2026-06-28 15:02:58.543 +07:00 [INF] Executed endpoint 'BlogApp.Controllers.AuthenController.LoginUser (BlogApp)'
2026-06-28 15:02:58.543 +07:00 [INF] HTTP POST /api/authen/login responded 200 in 307.9657 ms
2026-06-28 15:02:58.544 +07:00 [INF] Request finished HTTP/1.1 POST http://localhost:5059/api/authen/login - 200 null application/json; charset=utf-8 308.8056ms
2026-06-28 15:02:59.393 +07:00 [INF] Request starting HTTP/1.1 OPTIONS http://localhost:5059/api/blog/search - null null
2026-06-28 15:02:59.393 +07:00 [INF] CORS policy execution successful.
2026-06-28 15:02:59.393 +07:00 [INF] Request finished HTTP/1.1 OPTIONS http://localhost:5059/api/blog/search - 204 null null 0.3468ms
2026-06-28 15:02:59.394 +07:00 [INF] Request starting HTTP/1.1 POST http://localhost:5059/api/blog/search - multipart/form-data; boundary=----WebKitFormBoundarygY4GLQy1T0Zkbhfz 426
2026-06-28 15:02:59.394 +07:00 [INF] Request starting HTTP/1.1 OPTIONS http://localhost:5059/api/tags/topfive - null null
2026-06-28 15:02:59.394 +07:00 [INF] Request starting HTTP/1.1 OPTIONS http://localhost:5059/api/authen/check-valid-token - null null
2026-06-28 15:02:59.394 +07:00 [INF] CORS policy execution successful.
2026-06-28 15:02:59.395 +07:00 [INF] CORS policy execution successful.
2026-06-28 15:02:59.395 +07:00 [INF] Request starting HTTP/1.1 OPTIONS http://localhost:5059/api/blog/fivelatest - null null
2026-06-28 15:02:59.395 +07:00 [INF] CORS policy execution successful.
2026-06-28 15:02:59.395 +07:00 [INF] Request finished HTTP/1.1 OPTIONS http://localhost:5059/api/authen/check-valid-token - 204 null null 0.7271ms
2026-06-28 15:02:59.396 +07:00 [INF] Request starting HTTP/1.1 OPTIONS http://localhost:5059/api/blog/topfive - null null
2026-06-28 15:02:59.395 +07:00 [INF] Request finished HTTP/1.1 OPTIONS http://localhost:5059/api/tags/topfive - 204 null null 0.8179ms
2026-06-28 15:02:59.395 +07:00 [INF] Executing endpoint 'BlogApp.Controllers.BlogController.SearchBlogs (BlogApp)'
2026-06-28 15:02:59.395 +07:00 [INF] CORS policy execution successful.
2026-06-28 15:02:59.396 +07:00 [INF] CORS policy execution successful.
2026-06-28 15:02:59.396 +07:00 [INF] Request finished HTTP/1.1 OPTIONS http://localhost:5059/api/blog/fivelatest - 204 null null 1.5175ms
2026-06-28 15:02:59.396 +07:00 [INF] Route matched with {action = "SearchBlogs", controller = "Blog"}. Executing controller action with signature Microsoft.AspNetCore.Mvc.ActionResult SearchBlogs(BlogApp.DTOs.SearchBlogReqDTO) on controller BlogApp.Controllers.BlogController (BlogApp).
2026-06-28 15:02:59.396 +07:00 [INF] Request starting HTTP/1.1 POST http://localhost:5059/api/blog/search - multipart/form-data; boundary=----WebKitFormBoundaryLuz3lT3Pd5zsjx80 426
2026-06-28 15:02:59.396 +07:00 [INF] Request finished HTTP/1.1 OPTIONS http://localhost:5059/api/blog/topfive - 204 null null 0.6374ms
2026-06-28 15:02:59.396 +07:00 [INF] CORS policy execution successful.
2026-06-28 15:02:59.397 +07:00 [INF] Executing endpoint 'BlogApp.Controllers.BlogController.SearchBlogs (BlogApp)'
2026-06-28 15:02:59.397 +07:00 [INF] Route matched with {action = "SearchBlogs", controller = "Blog"}. Executing controller action with signature Microsoft.AspNetCore.Mvc.ActionResult SearchBlogs(BlogApp.DTOs.SearchBlogReqDTO) on controller BlogApp.Controllers.BlogController (BlogApp).
2026-06-28 15:02:59.397 +07:00 [INF] Request starting HTTP/1.1 OPTIONS http://localhost:5059/api/authen/check-valid-token - null null
2026-06-28 15:02:59.397 +07:00 [INF] Executing BadRequestObjectResult, writing value of type 'Microsoft.AspNetCore.Mvc.ValidationProblemDetails'.
2026-06-28 15:02:59.397 +07:00 [INF] Executing BadRequestObjectResult, writing value of type 'Microsoft.AspNetCore.Mvc.ValidationProblemDetails'.
2026-06-28 15:02:59.397 +07:00 [INF] CORS policy execution successful.
2026-06-28 15:02:59.397 +07:00 [INF] Executed action BlogApp.Controllers.BlogController.SearchBlogs (BlogApp) in 1.0127ms
2026-06-28 15:02:59.397 +07:00 [INF] Request finished HTTP/1.1 OPTIONS http://localhost:5059/api/authen/check-valid-token - 204 null null 0.2717ms
2026-06-28 15:02:59.397 +07:00 [INF] Executed action BlogApp.Controllers.BlogController.SearchBlogs (BlogApp) in 0.6185ms
2026-06-28 15:02:59.397 +07:00 [INF] Request starting HTTP/1.1 OPTIONS http://localhost:5059/api/tags/topfive - null null
2026-06-28 15:02:59.398 +07:00 [INF] Executed endpoint 'BlogApp.Controllers.BlogController.SearchBlogs (BlogApp)'
2026-06-28 15:02:59.398 +07:00 [INF] CORS policy execution successful.
2026-06-28 15:02:59.398 +07:00 [INF] Executed endpoint 'BlogApp.Controllers.BlogController.SearchBlogs (BlogApp)'
2026-06-28 15:02:59.398 +07:00 [INF] HTTP POST /api/blog/search responded 400 in 3.1426 ms
2026-06-28 15:02:59.398 +07:00 [INF] Request finished HTTP/1.1 OPTIONS http://localhost:5059/api/tags/topfive - 204 null null 0.4168ms
2026-06-28 15:02:59.398 +07:00 [INF] HTTP POST /api/blog/search responded 400 in 1.3847 ms
2026-06-28 15:02:59.398 +07:00 [INF] Request finished HTTP/1.1 POST http://localhost:5059/api/blog/search - 400 null application/problem+json; charset=utf-8 3.716ms
2026-06-28 15:02:59.398 +07:00 [INF] Request finished HTTP/1.1 POST http://localhost:5059/api/blog/search - 400 null application/problem+json; charset=utf-8 2.2619ms
2026-06-28 15:02:59.398 +07:00 [INF] Request starting HTTP/1.1 GET http://localhost:5059/api/authen/check-valid-token - null null
2026-06-28 15:02:59.398 +07:00 [INF] Request starting HTTP/1.1 OPTIONS http://localhost:5059/api/blog/fivelatest - null null
2026-06-28 15:02:59.399 +07:00 [INF] CORS policy execution successful.
2026-06-28 15:02:59.399 +07:00 [INF] CORS policy execution successful.
2026-06-28 15:02:59.399 +07:00 [INF] Request finished HTTP/1.1 OPTIONS http://localhost:5059/api/blog/fivelatest - 204 null null 0.4431ms
2026-06-28 15:02:59.399 +07:00 [INF] Request starting HTTP/1.1 OPTIONS http://localhost:5059/api/blog/topfive - null null
2026-06-28 15:02:59.399 +07:00 [INF] Request starting HTTP/1.1 GET http://localhost:5059/api/tags/topfive - null null
2026-06-28 15:02:59.399 +07:00 [INF] Request starting HTTP/1.1 GET http://localhost:5059/api/blog/topfive - null null
2026-06-28 15:02:59.399 +07:00 [INF] Request starting HTTP/1.1 GET http://localhost:5059/api/blog/fivelatest - null null
2026-06-28 15:02:59.399 +07:00 [INF] CORS policy execution successful.
2026-06-28 15:02:59.400 +07:00 [INF] CORS policy execution successful.
2026-06-28 15:02:59.400 +07:00 [INF] Request finished HTTP/1.1 OPTIONS http://localhost:5059/api/blog/topfive - 204 null null 0.518ms
2026-06-28 15:02:59.400 +07:00 [INF] CORS policy execution successful.
2026-06-28 15:02:59.399 +07:00 [INF] Executing endpoint 'BlogApp.Controllers.AuthenController.CheckValidToken (BlogApp)'
2026-06-28 15:02:59.399 +07:00 [INF] CORS policy execution successful.
2026-06-28 15:02:59.400 +07:00 [INF] Executing endpoint 'BlogApp.Controllers.BlogController.Get5LatestBlogs (BlogApp)'
2026-06-28 15:02:59.400 +07:00 [INF] Executing endpoint 'BlogApp.Controllers.BlogController.GetTop5Blogs (BlogApp)'
2026-06-28 15:02:59.400 +07:00 [INF] Route matched with {action = "CheckValidToken", controller = "Authen"}. Executing controller action with signature Microsoft.AspNetCore.Mvc.ActionResult`1[BlogApp.DTOs.ResponseBaseDTO] CheckValidToken() on controller BlogApp.Controllers.AuthenController (BlogApp).
2026-06-28 15:02:59.400 +07:00 [INF] Route matched with {action = "Get5LatestBlogs", controller = "Blog"}. Executing controller action with signature Microsoft.AspNetCore.Mvc.ActionResult Get5LatestBlogs() on controller BlogApp.Controllers.BlogController (BlogApp).
2026-06-28 15:02:59.400 +07:00 [INF] Executing endpoint 'BlogApp.Controllers.TagController.GetTop5Tags (BlogApp)'
2026-06-28 15:02:59.400 +07:00 [INF] Route matched with {action = "GetTop5Blogs", controller = "Blog"}. Executing controller action with signature Microsoft.AspNetCore.Mvc.ActionResult GetTop5Blogs() on controller BlogApp.Controllers.BlogController (BlogApp).
2026-06-28 15:02:59.400 +07:00 [INF] Executing OkObjectResult, writing value of type 'BlogApp.DTOs.ResponseBaseDTO'.
2026-06-28 15:02:59.400 +07:00 [INF] Route matched with {action = "GetTop5Tags", controller = "Tag"}. Executing controller action with signature Microsoft.AspNetCore.Mvc.ActionResult GetTop5Tags() on controller BlogApp.Controllers.TagController (BlogApp).
2026-06-28 15:02:59.400 +07:00 [INF] Executed action BlogApp.Controllers.AuthenController.CheckValidToken (BlogApp) in 0.3257ms
2026-06-28 15:02:59.401 +07:00 [INF] Executed endpoint 'BlogApp.Controllers.AuthenController.CheckValidToken (BlogApp)'
2026-06-28 15:02:59.401 +07:00 [INF] HTTP GET /api/authen/check-valid-token responded 200 in 1.8130 ms
2026-06-28 15:02:59.401 +07:00 [INF] Request finished HTTP/1.1 GET http://localhost:5059/api/authen/check-valid-token - 200 null application/json; charset=utf-8 2.3791ms
2026-06-28 15:02:59.401 +07:00 [INF] Request starting HTTP/1.1 GET http://localhost:5059/api/authen/check-valid-token - null null
2026-06-28 15:02:59.401 +07:00 [INF] CORS policy execution successful.
2026-06-28 15:02:59.401 +07:00 [INF] Executing endpoint 'BlogApp.Controllers.AuthenController.CheckValidToken (BlogApp)'
2026-06-28 15:02:59.401 +07:00 [INF] Route matched with {action = "CheckValidToken", controller = "Authen"}. Executing controller action with signature Microsoft.AspNetCore.Mvc.ActionResult`1[BlogApp.DTOs.ResponseBaseDTO] CheckValidToken() on controller BlogApp.Controllers.AuthenController (BlogApp).
2026-06-28 15:02:59.402 +07:00 [INF] Executing OkObjectResult, writing value of type 'BlogApp.DTOs.ResponseBaseDTO'.
2026-06-28 15:02:59.402 +07:00 [INF] Executed action BlogApp.Controllers.AuthenController.CheckValidToken (BlogApp) in 0.1789ms
2026-06-28 15:02:59.402 +07:00 [INF] Executed endpoint 'BlogApp.Controllers.AuthenController.CheckValidToken (BlogApp)'
2026-06-28 15:02:59.402 +07:00 [INF] HTTP GET /api/authen/check-valid-token responded 200 in 0.5667 ms
2026-06-28 15:02:59.402 +07:00 [INF] Request finished HTTP/1.1 GET http://localhost:5059/api/authen/check-valid-token - 200 null application/json; charset=utf-8 0.837ms
2026-06-28 15:02:59.402 +07:00 [INF] Executed DbCommand (1ms) [Parameters=[], CommandType='"Text"', CommandTimeout='30']
SELECT b."Id", b."AmountOfAccesses", b."AuthorId", b."Content", b."CoverImage", b."CreatedAt", b."PublishedAt", b."State", b."Tags", b."Title", b."UpdatedAt"
FROM "Blogs" AS b
ORDER BY b."CreatedAt" DESC
2026-06-28 15:02:59.402 +07:00 [INF] Executing OkObjectResult, writing value of type 'BlogApp.DTOs.BlogListRespDTO'.
2026-06-28 15:02:59.403 +07:00 [INF] Executed action BlogApp.Controllers.BlogController.Get5LatestBlogs (BlogApp) in 2.328ms
2026-06-28 15:02:59.403 +07:00 [INF] Executed endpoint 'BlogApp.Controllers.BlogController.Get5LatestBlogs (BlogApp)'
2026-06-28 15:02:59.403 +07:00 [INF] HTTP GET /api/blog/fivelatest responded 200 in 2.9343 ms
2026-06-28 15:02:59.403 +07:00 [INF] Request finished HTTP/1.1 GET http://localhost:5059/api/blog/fivelatest - 200 null application/json; charset=utf-8 3.5202ms
2026-06-28 15:02:59.403 +07:00 [INF] Request starting HTTP/1.1 GET http://localhost:5059/api/blog/fivelatest - null null
2026-06-28 15:02:59.403 +07:00 [INF] CORS policy execution successful.
2026-06-28 15:02:59.403 +07:00 [INF] Executing endpoint 'BlogApp.Controllers.BlogController.Get5LatestBlogs (BlogApp)'
2026-06-28 15:02:59.403 +07:00 [INF] Route matched with {action = "Get5LatestBlogs", controller = "Blog"}. Executing controller action with signature Microsoft.AspNetCore.Mvc.ActionResult Get5LatestBlogs() on controller BlogApp.Controllers.BlogController (BlogApp).
2026-06-28 15:02:59.405 +07:00 [INF] Executed DbCommand (1ms) [Parameters=[], CommandType='"Text"', CommandTimeout='30']
SELECT b."Id", b."AmountOfAccesses", b."AuthorId", b."Content", b."CoverImage", b."CreatedAt", b."PublishedAt", b."State", b."Tags", b."Title", b."UpdatedAt"
FROM "Blogs" AS b
ORDER BY b."CreatedAt" DESC
2026-06-28 15:02:59.405 +07:00 [INF] Executing OkObjectResult, writing value of type 'BlogApp.DTOs.BlogListRespDTO'.
2026-06-28 15:02:59.405 +07:00 [INF] Executed action BlogApp.Controllers.BlogController.Get5LatestBlogs (BlogApp) in 1.4294ms
2026-06-28 15:02:59.405 +07:00 [INF] Executed endpoint 'BlogApp.Controllers.BlogController.Get5LatestBlogs (BlogApp)'
2026-06-28 15:02:59.405 +07:00 [INF] HTTP GET /api/blog/fivelatest responded 200 in 1.7590 ms
2026-06-28 15:02:59.405 +07:00 [INF] Request finished HTTP/1.1 GET http://localhost:5059/api/blog/fivelatest - 200 null application/json; charset=utf-8 2.0217ms
2026-06-28 15:02:59.405 +07:00 [INF] Executed DbCommand (1ms) [Parameters=[], CommandType='"Text"', CommandTimeout='30']
SELECT b."Id", b."AmountOfAccesses", b."AuthorId", b."Content", b."CoverImage", b."CreatedAt", b."PublishedAt", b."State", b."Tags", b."Title", b."UpdatedAt"
FROM "Blogs" AS b
ORDER BY b."CreatedAt" DESC
2026-06-28 15:02:59.405 +07:00 [INF] Executed DbCommand (1ms) [Parameters=[], CommandType='"Text"', CommandTimeout='30']

            SELECT tag AS Name, COUNT(*) AS blog_count
            FROM "Blogs", UNNEST("Tags") AS tag
            GROUP BY tag
            ORDER BY blog_count DESC
            LIMIT 5
2026-06-28 15:02:59.406 +07:00 [INF] Executing OkObjectResult, writing value of type 'BlogApp.DTOs.TagListRespDTO'.
2026-06-28 15:02:59.406 +07:00 [INF] Executing OkObjectResult, writing value of type 'BlogApp.DTOs.BlogListRespDTO'.
2026-06-28 15:02:59.406 +07:00 [INF] Executed action BlogApp.Controllers.TagController.GetTop5Tags (BlogApp) in 5.3709ms
2026-06-28 15:02:59.406 +07:00 [INF] Executed endpoint 'BlogApp.Controllers.TagController.GetTop5Tags (BlogApp)'
2026-06-28 15:02:59.406 +07:00 [INF] Executed action BlogApp.Controllers.BlogController.GetTop5Blogs (BlogApp) in 5.5847ms
2026-06-28 15:02:59.406 +07:00 [INF] HTTP GET /api/tags/topfive responded 200 in 6.0485 ms
2026-06-28 15:02:59.406 +07:00 [INF] Executed endpoint 'BlogApp.Controllers.BlogController.GetTop5Blogs (BlogApp)'
2026-06-28 15:02:59.406 +07:00 [INF] Request finished HTTP/1.1 GET http://localhost:5059/api/tags/topfive - 200 null application/json; charset=utf-8 6.9289ms
2026-06-28 15:02:59.406 +07:00 [INF] HTTP GET /api/blog/topfive responded 200 in 6.2984 ms
2026-06-28 15:02:59.406 +07:00 [INF] Request finished HTTP/1.1 GET http://localhost:5059/api/blog/topfive - 200 null application/json; charset=utf-8 6.9515ms
2026-06-28 15:02:59.407 +07:00 [INF] Request starting HTTP/1.1 GET http://localhost:5059/api/tags/topfive - null null
2026-06-28 15:02:59.407 +07:00 [INF] Request starting HTTP/1.1 GET http://localhost:5059/api/blog/topfive - null null
2026-06-28 15:02:59.407 +07:00 [INF] CORS policy execution successful.
2026-06-28 15:02:59.407 +07:00 [INF] CORS policy execution successful.
2026-06-28 15:02:59.407 +07:00 [INF] Executing endpoint 'BlogApp.Controllers.TagController.GetTop5Tags (BlogApp)'
2026-06-28 15:02:59.407 +07:00 [INF] Executing endpoint 'BlogApp.Controllers.BlogController.GetTop5Blogs (BlogApp)'
2026-06-28 15:02:59.407 +07:00 [INF] Route matched with {action = "GetTop5Tags", controller = "Tag"}. Executing controller action with signature Microsoft.AspNetCore.Mvc.ActionResult GetTop5Tags() on controller BlogApp.Controllers.TagController (BlogApp).
2026-06-28 15:02:59.407 +07:00 [INF] Route matched with {action = "GetTop5Blogs", controller = "Blog"}. Executing controller action with signature Microsoft.AspNetCore.Mvc.ActionResult GetTop5Blogs() on controller BlogApp.Controllers.BlogController (BlogApp).
2026-06-28 15:02:59.408 +07:00 [INF] Executed DbCommand (1ms) [Parameters=[], CommandType='"Text"', CommandTimeout='30']
SELECT b."Id", b."AmountOfAccesses", b."AuthorId", b."Content", b."CoverImage", b."CreatedAt", b."PublishedAt", b."State", b."Tags", b."Title", b."UpdatedAt"
FROM "Blogs" AS b
ORDER BY b."CreatedAt" DESC
2026-06-28 15:02:59.409 +07:00 [INF] Executed DbCommand (1ms) [Parameters=[], CommandType='"Text"', CommandTimeout='30']

            SELECT tag AS Name, COUNT(*) AS blog_count
            FROM "Blogs", UNNEST("Tags") AS tag
            GROUP BY tag
            ORDER BY blog_count DESC
            LIMIT 5
2026-06-28 15:02:59.409 +07:00 [INF] Executing OkObjectResult, writing value of type 'BlogApp.DTOs.BlogListRespDTO'.
2026-06-28 15:02:59.409 +07:00 [INF] Executing OkObjectResult, writing value of type 'BlogApp.DTOs.TagListRespDTO'.
2026-06-28 15:02:59.409 +07:00 [INF] Executed action BlogApp.Controllers.BlogController.GetTop5Blogs (BlogApp) in 1.3083ms
2026-06-28 15:02:59.409 +07:00 [INF] Executed action BlogApp.Controllers.TagController.GetTop5Tags (BlogApp) in 1.4289ms
2026-06-28 15:02:59.409 +07:00 [INF] Executed endpoint 'BlogApp.Controllers.BlogController.GetTop5Blogs (BlogApp)'
2026-06-28 15:02:59.409 +07:00 [INF] Executed endpoint 'BlogApp.Controllers.TagController.GetTop5Tags (BlogApp)'
2026-06-28 15:02:59.409 +07:00 [INF] HTTP GET /api/blog/topfive responded 200 in 1.7963 ms
2026-06-28 15:02:59.409 +07:00 [INF] HTTP GET /api/tags/topfive responded 200 in 1.8794 ms
2026-06-28 15:02:59.409 +07:00 [INF] Request finished HTTP/1.1 GET http://localhost:5059/api/blog/topfive - 200 null application/json; charset=utf-8 2.2287ms
2026-06-28 15:02:59.409 +07:00 [INF] Request finished HTTP/1.1 GET http://localhost:5059/api/tags/topfive - 200 null application/json; charset=utf-8 2.3341ms
2026-06-28 15:05:34.155 +07:00 [INF] Request starting HTTP/1.1 OPTIONS http://localhost:5059/api/authen/login - null null
2026-06-28 15:05:34.156 +07:00 [INF] CORS policy execution successful.
2026-06-28 15:05:34.156 +07:00 [INF] Request finished HTTP/1.1 OPTIONS http://localhost:5059/api/authen/login - 204 null null 0.6955ms
2026-06-28 15:05:34.158 +07:00 [INF] Request starting HTTP/1.1 POST http://localhost:5059/api/authen/login - multipart/form-data; boundary=----WebKitFormBoundaryj4rWx0mlW3qVHufH 246
2026-06-28 15:05:34.159 +07:00 [INF] CORS policy execution successful.
2026-06-28 15:05:34.159 +07:00 [INF] Executing endpoint 'BlogApp.Controllers.AuthenController.LoginUser (BlogApp)'
2026-06-28 15:05:34.159 +07:00 [INF] Route matched with {action = "LoginUser", controller = "Authen"}. Executing controller action with signature Microsoft.AspNetCore.Mvc.ActionResult`1[BlogApp.DTOs.LoginRespDTO] LoginUser(BlogApp.DTOs.LoginDTO) on controller BlogApp.Controllers.AuthenController (BlogApp).
2026-06-28 15:05:34.164 +07:00 [INF] Executed DbCommand (2ms) [Parameters=[@username='?'], CommandType='"Text"', CommandTimeout='30']
SELECT a."Username", a."Address", a."Avatar", a."CreatedAt", a."Description", a."Email", a."FullName", a."Functions", a."OtherContact", a."Password", a."Phone", a."Role", a."State", a."UpdatedAt"
FROM "Accounts" AS a
WHERE a."Username" = @username
LIMIT 1
2026-06-28 15:05:34.275 +07:00 [INF] Executing OkObjectResult, writing value of type 'BlogApp.DTOs.LoginRespDTO'.
2026-06-28 15:05:34.275 +07:00 [INF] Executed action BlogApp.Controllers.AuthenController.LoginUser (BlogApp) in 115.7143ms
2026-06-28 15:05:34.275 +07:00 [INF] Executed endpoint 'BlogApp.Controllers.AuthenController.LoginUser (BlogApp)'
2026-06-28 15:05:34.275 +07:00 [INF] HTTP POST /api/authen/login responded 200 in 116.4874 ms
2026-06-28 15:05:34.275 +07:00 [INF] Request finished HTTP/1.1 POST http://localhost:5059/api/authen/login - 200 null application/json; charset=utf-8 117.3069ms
2026-06-28 15:05:34.287 +07:00 [INF] Request starting HTTP/1.1 OPTIONS http://localhost:5059/api/blog/search - null null
2026-06-28 15:05:34.287 +07:00 [INF] CORS policy execution successful.
2026-06-28 15:05:34.287 +07:00 [INF] Request finished HTTP/1.1 OPTIONS http://localhost:5059/api/blog/search - 204 null null 0.3262ms
2026-06-28 15:05:34.287 +07:00 [INF] Request starting HTTP/1.1 OPTIONS http://localhost:5059/api/authen/check-valid-token - null null
2026-06-28 15:05:34.287 +07:00 [INF] CORS policy execution successful.
2026-06-28 15:05:34.288 +07:00 [INF] Request finished HTTP/1.1 OPTIONS http://localhost:5059/api/authen/check-valid-token - 204 null null 0.6914ms
2026-06-28 15:05:34.288 +07:00 [INF] Request starting HTTP/1.1 POST http://localhost:5059/api/blog/search - multipart/form-data; boundary=----WebKitFormBoundarysob9NuqQSVNn3XKh 426
2026-06-28 15:05:34.288 +07:00 [INF] CORS policy execution successful.
2026-06-28 15:05:34.288 +07:00 [INF] Executing endpoint 'BlogApp.Controllers.BlogController.SearchBlogs (BlogApp)'
2026-06-28 15:05:34.288 +07:00 [INF] Route matched with {action = "SearchBlogs", controller = "Blog"}. Executing controller action with signature Microsoft.AspNetCore.Mvc.ActionResult SearchBlogs(BlogApp.DTOs.SearchBlogReqDTO) on controller BlogApp.Controllers.BlogController (BlogApp).
2026-06-28 15:05:34.289 +07:00 [INF] Request starting HTTP/1.1 OPTIONS http://localhost:5059/api/tags/topfive - null null
2026-06-28 15:05:34.289 +07:00 [INF] Executing BadRequestObjectResult, writing value of type 'Microsoft.AspNetCore.Mvc.ValidationProblemDetails'.
2026-06-28 15:05:34.289 +07:00 [INF] CORS policy execution successful.
2026-06-28 15:05:34.289 +07:00 [INF] Request finished HTTP/1.1 OPTIONS http://localhost:5059/api/tags/topfive - 204 null null 0.2916ms
2026-06-28 15:05:34.289 +07:00 [INF] Executed action BlogApp.Controllers.BlogController.SearchBlogs (BlogApp) in 0.8315ms
2026-06-28 15:05:34.289 +07:00 [INF] Request starting HTTP/1.1 OPTIONS http://localhost:5059/api/blog/topfive - null null
2026-06-28 15:05:34.289 +07:00 [INF] Request starting HTTP/1.1 GET http://localhost:5059/api/authen/check-valid-token - null null
2026-06-28 15:05:34.289 +07:00 [INF] Request starting HTTP/1.1 OPTIONS http://localhost:5059/api/blog/fivelatest - null null
2026-06-28 15:05:34.290 +07:00 [INF] Executed endpoint 'BlogApp.Controllers.BlogController.SearchBlogs (BlogApp)'
2026-06-28 15:05:34.290 +07:00 [INF] CORS policy execution successful.
2026-06-28 15:05:34.290 +07:00 [INF] CORS policy execution successful.
2026-06-28 15:05:34.290 +07:00 [INF] CORS policy execution successful.
2026-06-28 15:05:34.290 +07:00 [INF] HTTP POST /api/blog/search responded 400 in 1.9395 ms
2026-06-28 15:05:34.290 +07:00 [INF] Request finished HTTP/1.1 OPTIONS http://localhost:5059/api/blog/topfive - 204 null null 0.4223ms
2026-06-28 15:05:34.290 +07:00 [INF] Request finished HTTP/1.1 OPTIONS http://localhost:5059/api/blog/fivelatest - 204 null null 0.9416ms
2026-06-28 15:05:34.290 +07:00 [INF] Request finished HTTP/1.1 POST http://localhost:5059/api/blog/search - 400 null application/problem+json; charset=utf-8 2.392ms
2026-06-28 15:05:34.290 +07:00 [INF] Executing endpoint 'BlogApp.Controllers.AuthenController.CheckValidToken (BlogApp)'
2026-06-28 15:05:34.291 +07:00 [INF] Request starting HTTP/1.1 POST http://localhost:5059/api/blog/search - multipart/form-data; boundary=----WebKitFormBoundaryfqol4iCxkq4T2GpT 426
2026-06-28 15:05:34.291 +07:00 [INF] Request starting HTTP/1.1 GET http://localhost:5059/api/tags/topfive - null null
2026-06-28 15:05:34.291 +07:00 [INF] Route matched with {action = "CheckValidToken", controller = "Authen"}. Executing controller action with signature Microsoft.AspNetCore.Mvc.ActionResult`1[BlogApp.DTOs.ResponseBaseDTO] CheckValidToken() on controller BlogApp.Controllers.AuthenController (BlogApp).
2026-06-28 15:05:34.291 +07:00 [INF] CORS policy execution successful.
2026-06-28 15:05:34.291 +07:00 [INF] Request starting HTTP/1.1 GET http://localhost:5059/api/blog/topfive - null null
2026-06-28 15:05:34.291 +07:00 [INF] CORS policy execution successful.
2026-06-28 15:05:34.291 +07:00 [INF] Request starting HTTP/1.1 OPTIONS http://localhost:5059/api/blog/fivelatest - null null
2026-06-28 15:05:34.291 +07:00 [INF] Executing endpoint 'BlogApp.Controllers.BlogController.SearchBlogs (BlogApp)'
2026-06-28 15:05:34.291 +07:00 [INF] Executing OkObjectResult, writing value of type 'BlogApp.DTOs.ResponseBaseDTO'.
2026-06-28 15:05:34.292 +07:00 [INF] CORS policy execution successful.
2026-06-28 15:05:34.292 +07:00 [INF] Executing endpoint 'BlogApp.Controllers.TagController.GetTop5Tags (BlogApp)'
2026-06-28 15:05:34.292 +07:00 [INF] Request starting HTTP/1.1 OPTIONS http://localhost:5059/api/blog/topfive - null null
2026-06-28 15:05:34.292 +07:00 [INF] CORS policy execution successful.
2026-06-28 15:05:34.292 +07:00 [INF] Route matched with {action = "SearchBlogs", controller = "Blog"}. Executing controller action with signature Microsoft.AspNetCore.Mvc.ActionResult SearchBlogs(BlogApp.DTOs.SearchBlogReqDTO) on controller BlogApp.Controllers.BlogController (BlogApp).
2026-06-28 15:05:34.292 +07:00 [INF] Executed action BlogApp.Controllers.AuthenController.CheckValidToken (BlogApp) in 0.6523ms
2026-06-28 15:05:34.292 +07:00 [INF] Executing endpoint 'BlogApp.Controllers.BlogController.GetTop5Blogs (BlogApp)'
2026-06-28 15:05:34.292 +07:00 [INF] Route matched with {action = "GetTop5Tags", controller = "Tag"}. Executing controller action with signature Microsoft.AspNetCore.Mvc.ActionResult GetTop5Tags() on controller BlogApp.Controllers.TagController (BlogApp).
2026-06-28 15:05:34.292 +07:00 [INF] CORS policy execution successful.
2026-06-28 15:05:34.292 +07:00 [INF] Request finished HTTP/1.1 OPTIONS http://localhost:5059/api/blog/fivelatest - 204 null null 0.7437ms
2026-06-28 15:05:34.292 +07:00 [INF] Executed endpoint 'BlogApp.Controllers.AuthenController.CheckValidToken (BlogApp)'
2026-06-28 15:05:34.292 +07:00 [INF] Route matched with {action = "GetTop5Blogs", controller = "Blog"}. Executing controller action with signature Microsoft.AspNetCore.Mvc.ActionResult GetTop5Blogs() on controller BlogApp.Controllers.BlogController (BlogApp).
2026-06-28 15:05:34.292 +07:00 [INF] Request finished HTTP/1.1 OPTIONS http://localhost:5059/api/blog/topfive - 204 null null 0.8463ms
2026-06-28 15:05:34.293 +07:00 [INF] HTTP GET /api/authen/check-valid-token responded 200 in 2.7237 ms
2026-06-28 15:05:34.293 +07:00 [INF] Executing BadRequestObjectResult, writing value of type 'Microsoft.AspNetCore.Mvc.ValidationProblemDetails'.
2026-06-28 15:05:34.293 +07:00 [INF] Request finished HTTP/1.1 GET http://localhost:5059/api/authen/check-valid-token - 200 null application/json; charset=utf-8 3.4011ms
2026-06-28 15:05:34.293 +07:00 [INF] Executed action BlogApp.Controllers.BlogController.SearchBlogs (BlogApp) in 0.7676ms
2026-06-28 15:05:34.293 +07:00 [INF] Executed endpoint 'BlogApp.Controllers.BlogController.SearchBlogs (BlogApp)'
2026-06-28 15:05:34.293 +07:00 [INF] HTTP POST /api/blog/search responded 400 in 1.7821 ms
2026-06-28 15:05:34.293 +07:00 [INF] Request finished HTTP/1.1 POST http://localhost:5059/api/blog/search - 400 null application/problem+json; charset=utf-8 2.6299ms
2026-06-28 15:05:34.293 +07:00 [INF] Request starting HTTP/1.1 GET http://localhost:5059/api/blog/fivelatest - null null
2026-06-28 15:05:34.293 +07:00 [INF] Request starting HTTP/1.1 GET http://localhost:5059/api/authen/check-valid-token - null null
2026-06-28 15:05:34.293 +07:00 [INF] CORS policy execution successful.
2026-06-28 15:05:34.294 +07:00 [INF] CORS policy execution successful.
2026-06-28 15:05:34.294 +07:00 [INF] Executing endpoint 'BlogApp.Controllers.BlogController.Get5LatestBlogs (BlogApp)'
2026-06-28 15:05:34.294 +07:00 [INF] Executing endpoint 'BlogApp.Controllers.AuthenController.CheckValidToken (BlogApp)'
2026-06-28 15:05:34.294 +07:00 [INF] Route matched with {action = "Get5LatestBlogs", controller = "Blog"}. Executing controller action with signature Microsoft.AspNetCore.Mvc.ActionResult Get5LatestBlogs() on controller BlogApp.Controllers.BlogController (BlogApp).
2026-06-28 15:05:34.294 +07:00 [INF] Route matched with {action = "CheckValidToken", controller = "Authen"}. Executing controller action with signature Microsoft.AspNetCore.Mvc.ActionResult`1[BlogApp.DTOs.ResponseBaseDTO] CheckValidToken() on controller BlogApp.Controllers.AuthenController (BlogApp).
2026-06-28 15:05:34.294 +07:00 [INF] Executing OkObjectResult, writing value of type 'BlogApp.DTOs.ResponseBaseDTO'.
2026-06-28 15:05:34.294 +07:00 [INF] Executed action BlogApp.Controllers.AuthenController.CheckValidToken (BlogApp) in 0.1723ms
2026-06-28 15:05:34.294 +07:00 [INF] Executed endpoint 'BlogApp.Controllers.AuthenController.CheckValidToken (BlogApp)'
2026-06-28 15:05:34.294 +07:00 [INF] HTTP GET /api/authen/check-valid-token responded 200 in 0.6579 ms
2026-06-28 15:05:34.294 +07:00 [INF] Request finished HTTP/1.1 GET http://localhost:5059/api/authen/check-valid-token - 200 null application/json; charset=utf-8 0.9297ms
2026-06-28 15:05:34.295 +07:00 [INF] Executed DbCommand (2ms) [Parameters=[], CommandType='"Text"', CommandTimeout='30']
SELECT b."Id", b."AmountOfAccesses", b."AuthorId", b."Content", b."CoverImage", b."CreatedAt", b."PublishedAt", b."State", b."Tags", b."Title", b."UpdatedAt"
FROM "Blogs" AS b
ORDER BY b."CreatedAt" DESC
2026-06-28 15:05:34.295 +07:00 [INF] Executed DbCommand (2ms) [Parameters=[], CommandType='"Text"', CommandTimeout='30']

            SELECT tag AS Name, COUNT(*) AS blog_count
            FROM "Blogs", UNNEST("Tags") AS tag
            GROUP BY tag
            ORDER BY blog_count DESC
            LIMIT 5
2026-06-28 15:05:34.296 +07:00 [INF] Executing OkObjectResult, writing value of type 'BlogApp.DTOs.TagListRespDTO'.
2026-06-28 15:05:34.296 +07:00 [INF] Executing OkObjectResult, writing value of type 'BlogApp.DTOs.BlogListRespDTO'.
2026-06-28 15:05:34.296 +07:00 [INF] Executed action BlogApp.Controllers.TagController.GetTop5Tags (BlogApp) in 3.2216ms
2026-06-28 15:05:34.296 +07:00 [INF] Executed action BlogApp.Controllers.BlogController.GetTop5Blogs (BlogApp) in 3.006ms
2026-06-28 15:05:34.296 +07:00 [INF] Executed endpoint 'BlogApp.Controllers.TagController.GetTop5Tags (BlogApp)'
2026-06-28 15:05:34.296 +07:00 [INF] Executed endpoint 'BlogApp.Controllers.BlogController.GetTop5Blogs (BlogApp)'
2026-06-28 15:05:34.296 +07:00 [INF] HTTP GET /api/tags/topfive responded 200 in 4.2603 ms
2026-06-28 15:05:34.296 +07:00 [INF] HTTP GET /api/blog/topfive responded 200 in 3.8769 ms
2026-06-28 15:05:34.296 +07:00 [INF] Request finished HTTP/1.1 GET http://localhost:5059/api/tags/topfive - 200 null application/json; charset=utf-8 5.0478ms
2026-06-28 15:05:34.296 +07:00 [INF] Request finished HTTP/1.1 GET http://localhost:5059/api/blog/topfive - 200 null application/json; charset=utf-8 4.6613ms
2026-06-28 15:05:34.297 +07:00 [INF] Request starting HTTP/1.1 GET http://localhost:5059/api/tags/topfive - null null
2026-06-28 15:05:34.297 +07:00 [INF] Request starting HTTP/1.1 GET http://localhost:5059/api/blog/topfive - null null
2026-06-28 15:05:34.297 +07:00 [INF] CORS policy execution successful.
2026-06-28 15:05:34.297 +07:00 [INF] CORS policy execution successful.
2026-06-28 15:05:34.297 +07:00 [INF] Executing endpoint 'BlogApp.Controllers.BlogController.GetTop5Blogs (BlogApp)'
2026-06-28 15:05:34.297 +07:00 [INF] Executing endpoint 'BlogApp.Controllers.TagController.GetTop5Tags (BlogApp)'
2026-06-28 15:05:34.297 +07:00 [INF] Route matched with {action = "GetTop5Blogs", controller = "Blog"}. Executing controller action with signature Microsoft.AspNetCore.Mvc.ActionResult GetTop5Blogs() on controller BlogApp.Controllers.BlogController (BlogApp).
2026-06-28 15:05:34.297 +07:00 [INF] Route matched with {action = "GetTop5Tags", controller = "Tag"}. Executing controller action with signature Microsoft.AspNetCore.Mvc.ActionResult GetTop5Tags() on controller BlogApp.Controllers.TagController (BlogApp).
2026-06-28 15:05:34.298 +07:00 [INF] Executed DbCommand (1ms) [Parameters=[], CommandType='"Text"', CommandTimeout='30']
SELECT b."Id", b."AmountOfAccesses", b."AuthorId", b."Content", b."CoverImage", b."CreatedAt", b."PublishedAt", b."State", b."Tags", b."Title", b."UpdatedAt"
FROM "Blogs" AS b
ORDER BY b."CreatedAt" DESC
2026-06-28 15:05:34.298 +07:00 [INF] Executed DbCommand (1ms) [Parameters=[], CommandType='"Text"', CommandTimeout='30']

            SELECT tag AS Name, COUNT(*) AS blog_count
            FROM "Blogs", UNNEST("Tags") AS tag
            GROUP BY tag
            ORDER BY blog_count DESC
            LIMIT 5
2026-06-28 15:05:34.299 +07:00 [INF] Executed DbCommand (1ms) [Parameters=[], CommandType='"Text"', CommandTimeout='30']
SELECT b."Id", b."AmountOfAccesses", b."AuthorId", b."Content", b."CoverImage", b."CreatedAt", b."PublishedAt", b."State", b."Tags", b."Title", b."UpdatedAt"
FROM "Blogs" AS b
ORDER BY b."CreatedAt" DESC
2026-06-28 15:05:34.299 +07:00 [INF] Executing OkObjectResult, writing value of type 'BlogApp.DTOs.TagListRespDTO'.
2026-06-28 15:05:34.299 +07:00 [INF] Executing OkObjectResult, writing value of type 'BlogApp.DTOs.BlogListRespDTO'.
2026-06-28 15:05:34.299 +07:00 [INF] Executing OkObjectResult, writing value of type 'BlogApp.DTOs.BlogListRespDTO'.
2026-06-28 15:05:34.299 +07:00 [INF] Executed action BlogApp.Controllers.TagController.GetTop5Tags (BlogApp) in 1.5152ms
2026-06-28 15:05:34.299 +07:00 [INF] Executed action BlogApp.Controllers.BlogController.GetTop5Blogs (BlogApp) in 1.6613ms
2026-06-28 15:05:34.299 +07:00 [INF] Executed action BlogApp.Controllers.BlogController.Get5LatestBlogs (BlogApp) in 4.9686ms
2026-06-28 15:05:34.299 +07:00 [INF] Executed endpoint 'BlogApp.Controllers.TagController.GetTop5Tags (BlogApp)'
2026-06-28 15:05:34.299 +07:00 [INF] Executed endpoint 'BlogApp.Controllers.BlogController.GetTop5Blogs (BlogApp)'
2026-06-28 15:05:34.299 +07:00 [INF] Executed endpoint 'BlogApp.Controllers.BlogController.Get5LatestBlogs (BlogApp)'
2026-06-28 15:05:34.299 +07:00 [INF] HTTP GET /api/tags/topfive responded 200 in 2.1837 ms
2026-06-28 15:05:34.299 +07:00 [INF] HTTP GET /api/blog/topfive responded 200 in 2.1929 ms
2026-06-28 15:05:34.299 +07:00 [INF] HTTP GET /api/blog/fivelatest responded 200 in 5.5651 ms
2026-06-28 15:05:34.299 +07:00 [INF] Request finished HTTP/1.1 GET http://localhost:5059/api/tags/topfive - 200 null application/json; charset=utf-8 2.6275ms
2026-06-28 15:05:34.299 +07:00 [INF] Request finished HTTP/1.1 GET http://localhost:5059/api/blog/topfive - 200 null application/json; charset=utf-8 2.7043ms
2026-06-28 15:05:34.299 +07:00 [INF] Request finished HTTP/1.1 GET http://localhost:5059/api/blog/fivelatest - 200 null application/json; charset=utf-8 6.0471ms
2026-06-28 15:05:34.300 +07:00 [INF] Request starting HTTP/1.1 GET http://localhost:5059/api/blog/fivelatest - null null
2026-06-28 15:05:34.300 +07:00 [INF] CORS policy execution successful.
2026-06-28 15:05:34.300 +07:00 [INF] Executing endpoint 'BlogApp.Controllers.BlogController.Get5LatestBlogs (BlogApp)'
2026-06-28 15:05:34.300 +07:00 [INF] Route matched with {action = "Get5LatestBlogs", controller = "Blog"}. Executing controller action with signature Microsoft.AspNetCore.Mvc.ActionResult Get5LatestBlogs() on controller BlogApp.Controllers.BlogController (BlogApp).
2026-06-28 15:05:34.302 +07:00 [INF] Executed DbCommand (1ms) [Parameters=[], CommandType='"Text"', CommandTimeout='30']
SELECT b."Id", b."AmountOfAccesses", b."AuthorId", b."Content", b."CoverImage", b."CreatedAt", b."PublishedAt", b."State", b."Tags", b."Title", b."UpdatedAt"
FROM "Blogs" AS b
ORDER BY b."CreatedAt" DESC
2026-06-28 15:05:34.302 +07:00 [INF] Executing OkObjectResult, writing value of type 'BlogApp.DTOs.BlogListRespDTO'.
2026-06-28 15:05:34.302 +07:00 [INF] Executed action BlogApp.Controllers.BlogController.Get5LatestBlogs (BlogApp) in 1.8629ms
2026-06-28 15:05:34.302 +07:00 [INF] Executed endpoint 'BlogApp.Controllers.BlogController.Get5LatestBlogs (BlogApp)'
2026-06-28 15:05:34.302 +07:00 [INF] HTTP GET /api/blog/fivelatest responded 200 in 2.2713 ms
2026-06-28 15:05:34.303 +07:00 [INF] Request finished HTTP/1.1 GET http://localhost:5059/api/blog/fivelatest - 200 null application/json; charset=utf-8 2.5964ms
2026-06-28 15:05:37.325 +07:00 [INF] Request starting HTTP/1.1 POST http://localhost:5059/api/blog/search - multipart/form-data; boundary=----WebKitFormBoundaryp8AAirhkqKGQ6F6w 432
2026-06-28 15:05:37.325 +07:00 [INF] CORS policy execution successful.
2026-06-28 15:05:37.326 +07:00 [INF] Executing endpoint 'BlogApp.Controllers.BlogController.SearchBlogs (BlogApp)'
2026-06-28 15:05:37.326 +07:00 [INF] Route matched with {action = "SearchBlogs", controller = "Blog"}. Executing controller action with signature Microsoft.AspNetCore.Mvc.ActionResult SearchBlogs(BlogApp.DTOs.SearchBlogReqDTO) on controller BlogApp.Controllers.BlogController (BlogApp).
2026-06-28 15:05:37.329 +07:00 [INF] Executed DbCommand (1ms) [Parameters=[@req_SearchTitle_contains='?', @req_Tags='?' (DbType = Object)], CommandType='"Text"', CommandTimeout='30']
SELECT count(*)::int
FROM "Blogs" AS b
WHERE b."Title" LIKE @req_SearchTitle_contains AND @req_Tags && b."Tags"
2026-06-28 15:05:37.331 +07:00 [INF] Executed DbCommand (2ms) [Parameters=[@req_SearchTitle_contains='?', @req_Tags='?' (DbType = Object), @p3='?' (DbType = Int32), @p='?' (DbType = Int32)], CommandType='"Text"', CommandTimeout='30']
SELECT b0."Id", b0."AmountOfAccesses", b0."AuthorId", b0."Content", b0."CoverImage", b0."CreatedAt", b0."PublishedAt", b0."State", b0."Tags", b0."Title", b0."UpdatedAt", a."Username", a."Address", a."Avatar", a."CreatedAt", a."Description", a."Email", a."FullName", a."Functions", a."OtherContact", a."Password", a."Phone", a."Role", a."State", a."UpdatedAt"
FROM (
    SELECT b."Id", b."AmountOfAccesses", b."AuthorId", b."Content", b."CoverImage", b."CreatedAt", b."PublishedAt", b."State", b."Tags", b."Title", b."UpdatedAt"
    FROM "Blogs" AS b
    WHERE b."Title" LIKE @req_SearchTitle_contains AND @req_Tags && b."Tags"
    ORDER BY b."PublishedAt" DESC
    LIMIT @p3 OFFSET @p
) AS b0
INNER JOIN "Accounts" AS a ON b0."AuthorId" = a."Username"
ORDER BY b0."PublishedAt" DESC
2026-06-28 15:05:37.331 +07:00 [INF] Executing OkObjectResult, writing value of type 'BlogApp.DTOs.BlogPageRespDTO'.
2026-06-28 15:05:37.331 +07:00 [INF] Executed action BlogApp.Controllers.BlogController.SearchBlogs (BlogApp) in 5.319ms
2026-06-28 15:05:37.331 +07:00 [INF] Executed endpoint 'BlogApp.Controllers.BlogController.SearchBlogs (BlogApp)'
2026-06-28 15:05:37.331 +07:00 [INF] HTTP POST /api/blog/search responded 200 in 5.7517 ms
2026-06-28 15:05:37.331 +07:00 [INF] Request finished HTTP/1.1 POST http://localhost:5059/api/blog/search - 200 null application/json; charset=utf-8 6.1759ms
2026-06-28 15:06:25.549 +07:00 [INF] Request starting HTTP/1.1 OPTIONS http://localhost:5059/api/blog/search - null null
2026-06-28 15:06:25.551 +07:00 [INF] CORS policy execution successful.
2026-06-28 15:06:25.551 +07:00 [INF] Request finished HTTP/1.1 OPTIONS http://localhost:5059/api/blog/search - 204 null null 2.0058ms
2026-06-28 15:06:25.553 +07:00 [INF] Request starting HTTP/1.1 POST http://localhost:5059/api/blog/search - multipart/form-data; boundary=----WebKitFormBoundaryYq1je8qM8u5G5oAj 432
2026-06-28 15:06:25.553 +07:00 [INF] CORS policy execution successful.
2026-06-28 15:06:25.553 +07:00 [INF] Executing endpoint 'BlogApp.Controllers.BlogController.SearchBlogs (BlogApp)'
2026-06-28 15:06:25.553 +07:00 [INF] Route matched with {action = "SearchBlogs", controller = "Blog"}. Executing controller action with signature Microsoft.AspNetCore.Mvc.ActionResult SearchBlogs(BlogApp.DTOs.SearchBlogReqDTO) on controller BlogApp.Controllers.BlogController (BlogApp).
2026-06-28 15:06:25.556 +07:00 [INF] Executed DbCommand (1ms) [Parameters=[@req_SearchTitle_contains='?', @req_Tags='?' (DbType = Object)], CommandType='"Text"', CommandTimeout='30']
SELECT count(*)::int
FROM "Blogs" AS b
WHERE b."Title" LIKE @req_SearchTitle_contains AND @req_Tags && b."Tags"
2026-06-28 15:06:25.558 +07:00 [INF] Executed DbCommand (1ms) [Parameters=[@req_SearchTitle_contains='?', @req_Tags='?' (DbType = Object), @p3='?' (DbType = Int32), @p='?' (DbType = Int32)], CommandType='"Text"', CommandTimeout='30']
SELECT b0."Id", b0."AmountOfAccesses", b0."AuthorId", b0."Content", b0."CoverImage", b0."CreatedAt", b0."PublishedAt", b0."State", b0."Tags", b0."Title", b0."UpdatedAt", a."Username", a."Address", a."Avatar", a."CreatedAt", a."Description", a."Email", a."FullName", a."Functions", a."OtherContact", a."Password", a."Phone", a."Role", a."State", a."UpdatedAt"
FROM (
    SELECT b."Id", b."AmountOfAccesses", b."AuthorId", b."Content", b."CoverImage", b."CreatedAt", b."PublishedAt", b."State", b."Tags", b."Title", b."UpdatedAt"
    FROM "Blogs" AS b
    WHERE b."Title" LIKE @req_SearchTitle_contains AND @req_Tags && b."Tags"
    ORDER BY b."PublishedAt" DESC
    LIMIT @p3 OFFSET @p
) AS b0
INNER JOIN "Accounts" AS a ON b0."AuthorId" = a."Username"
ORDER BY b0."PublishedAt" DESC
2026-06-28 15:06:25.558 +07:00 [INF] Executing OkObjectResult, writing value of type 'BlogApp.DTOs.BlogPageRespDTO'.
2026-06-28 15:06:25.558 +07:00 [INF] Executed action BlogApp.Controllers.BlogController.SearchBlogs (BlogApp) in 4.3366ms
2026-06-28 15:06:25.558 +07:00 [INF] Executed endpoint 'BlogApp.Controllers.BlogController.SearchBlogs (BlogApp)'
2026-06-28 15:06:25.558 +07:00 [INF] HTTP POST /api/blog/search responded 200 in 4.7110 ms
2026-06-28 15:06:25.558 +07:00 [INF] Request finished HTTP/1.1 POST http://localhost:5059/api/blog/search - 200 null application/json; charset=utf-8 5.0655ms
2026-06-28 15:06:54.437 +07:00 [INF] Request starting HTTP/1.1 OPTIONS http://localhost:5059/api/blog/search - null null
2026-06-28 15:06:54.438 +07:00 [INF] CORS policy execution successful.
2026-06-28 15:06:54.438 +07:00 [INF] Request finished HTTP/1.1 OPTIONS http://localhost:5059/api/blog/search - 204 null null 0.818ms
2026-06-28 15:06:54.439 +07:00 [INF] Request starting HTTP/1.1 OPTIONS http://localhost:5059/api/authen/check-valid-token - null null
2026-06-28 15:06:54.439 +07:00 [INF] CORS policy execution successful.
2026-06-28 15:06:54.439 +07:00 [INF] Request finished HTTP/1.1 OPTIONS http://localhost:5059/api/authen/check-valid-token - 204 null null 0.6712ms
2026-06-28 15:06:54.441 +07:00 [INF] Request starting HTTP/1.1 POST http://localhost:5059/api/blog/search - multipart/form-data; boundary=----WebKitFormBoundary24heS5fsiBtste3Z 426
2026-06-28 15:06:54.442 +07:00 [INF] CORS policy execution successful.
2026-06-28 15:06:54.442 +07:00 [INF] Request starting HTTP/1.1 OPTIONS http://localhost:5059/api/blog/fivelatest - null null
2026-06-28 15:06:54.442 +07:00 [INF] Request starting HTTP/1.1 OPTIONS http://localhost:5059/api/tags/topfive - null null
2026-06-28 15:06:54.442 +07:00 [INF] Executing endpoint 'BlogApp.Controllers.BlogController.SearchBlogs (BlogApp)'
2026-06-28 15:06:54.443 +07:00 [INF] CORS policy execution successful.
2026-06-28 15:06:54.442 +07:00 [INF] CORS policy execution successful.
2026-06-28 15:06:54.443 +07:00 [INF] Route matched with {action = "SearchBlogs", controller = "Blog"}. Executing controller action with signature Microsoft.AspNetCore.Mvc.ActionResult SearchBlogs(BlogApp.DTOs.SearchBlogReqDTO) on controller BlogApp.Controllers.BlogController (BlogApp).
2026-06-28 15:06:54.443 +07:00 [INF] Request finished HTTP/1.1 OPTIONS http://localhost:5059/api/tags/topfive - 204 null null 0.7075ms
2026-06-28 15:06:54.443 +07:00 [INF] Request finished HTTP/1.1 OPTIONS http://localhost:5059/api/blog/fivelatest - 204 null null 0.8439ms
2026-06-28 15:06:54.443 +07:00 [INF] Request starting HTTP/1.1 OPTIONS http://localhost:5059/api/blog/topfive - null null
2026-06-28 15:06:54.464 +07:00 [INF] Request starting HTTP/1.1 POST http://localhost:5059/api/blog/search - multipart/form-data; boundary=----WebKitFormBoundaryN5WbGdi4YEDB5hTQ 426
2026-06-28 15:06:54.464 +07:00 [INF] Request starting HTTP/1.1 GET http://localhost:5059/api/tags/topfive - null null
2026-06-28 15:06:54.464 +07:00 [INF] Request starting HTTP/1.1 GET http://localhost:5059/api/authen/check-valid-token - null null
2026-06-28 15:06:54.464 +07:00 [INF] Executing BadRequestObjectResult, writing value of type 'Microsoft.AspNetCore.Mvc.ValidationProblemDetails'.
2026-06-28 15:06:54.464 +07:00 [INF] CORS policy execution successful.
2026-06-28 15:06:54.464 +07:00 [INF] CORS policy execution successful.
2026-06-28 15:06:54.464 +07:00 [INF] CORS policy execution successful.
2026-06-28 15:06:54.464 +07:00 [INF] Request starting HTTP/1.1 GET http://localhost:5059/api/blog/fivelatest - null null
2026-06-28 15:06:54.465 +07:00 [INF] CORS policy execution successful.
2026-06-28 15:06:54.465 +07:00 [INF] Request finished HTTP/1.1 OPTIONS http://localhost:5059/api/blog/topfive - 204 null null 21.977ms
2026-06-28 15:06:54.465 +07:00 [INF] Executing endpoint 'BlogApp.Controllers.BlogController.SearchBlogs (BlogApp)'
2026-06-28 15:06:54.465 +07:00 [INF] Executing endpoint 'BlogApp.Controllers.TagController.GetTop5Tags (BlogApp)'
2026-06-28 15:06:54.465 +07:00 [INF] Route matched with {action = "SearchBlogs", controller = "Blog"}. Executing controller action with signature Microsoft.AspNetCore.Mvc.ActionResult SearchBlogs(BlogApp.DTOs.SearchBlogReqDTO) on controller BlogApp.Controllers.BlogController (BlogApp).
2026-06-28 15:06:54.465 +07:00 [INF] Executed action BlogApp.Controllers.BlogController.SearchBlogs (BlogApp) in 22.1958ms
2026-06-28 15:06:54.465 +07:00 [INF] Executing endpoint 'BlogApp.Controllers.AuthenController.CheckValidToken (BlogApp)'
2026-06-28 15:06:54.465 +07:00 [INF] CORS policy execution successful.
2026-06-28 15:06:54.466 +07:00 [INF] Route matched with {action = "CheckValidToken", controller = "Authen"}. Executing controller action with signature Microsoft.AspNetCore.Mvc.ActionResult`1[BlogApp.DTOs.ResponseBaseDTO] CheckValidToken() on controller BlogApp.Controllers.AuthenController (BlogApp).
2026-06-28 15:06:54.466 +07:00 [INF] Executed endpoint 'BlogApp.Controllers.BlogController.SearchBlogs (BlogApp)'
2026-06-28 15:06:54.465 +07:00 [INF] Route matched with {action = "GetTop5Tags", controller = "Tag"}. Executing controller action with signature Microsoft.AspNetCore.Mvc.ActionResult GetTop5Tags() on controller BlogApp.Controllers.TagController (BlogApp).
2026-06-28 15:06:54.466 +07:00 [INF] Executing endpoint 'BlogApp.Controllers.BlogController.Get5LatestBlogs (BlogApp)'
2026-06-28 15:06:54.466 +07:00 [INF] HTTP POST /api/blog/search responded 400 in 23.8412 ms
2026-06-28 15:06:54.466 +07:00 [INF] Executing BadRequestObjectResult, writing value of type 'Microsoft.AspNetCore.Mvc.ValidationProblemDetails'.
2026-06-28 15:06:54.466 +07:00 [INF] Request finished HTTP/1.1 POST http://localhost:5059/api/blog/search - 400 null application/problem+json; charset=utf-8 24.5565ms
2026-06-28 15:06:54.466 +07:00 [INF] Executed action BlogApp.Controllers.BlogController.SearchBlogs (BlogApp) in 0.5436ms
2026-06-28 15:06:54.466 +07:00 [INF] Executed endpoint 'BlogApp.Controllers.BlogController.SearchBlogs (BlogApp)'
2026-06-28 15:06:54.466 +07:00 [INF] HTTP POST /api/blog/search responded 400 in 1.2950 ms
2026-06-28 15:06:54.466 +07:00 [INF] Request finished HTTP/1.1 POST http://localhost:5059/api/blog/search - 400 null application/problem+json; charset=utf-8 2.4302ms
2026-06-28 15:06:54.466 +07:00 [INF] Executing OkObjectResult, writing value of type 'BlogApp.DTOs.ResponseBaseDTO'.
2026-06-28 15:06:54.466 +07:00 [INF] Route matched with {action = "Get5LatestBlogs", controller = "Blog"}. Executing controller action with signature Microsoft.AspNetCore.Mvc.ActionResult Get5LatestBlogs() on controller BlogApp.Controllers.BlogController (BlogApp).
2026-06-28 15:06:54.466 +07:00 [INF] Executed action BlogApp.Controllers.AuthenController.CheckValidToken (BlogApp) in 0.7041ms
2026-06-28 15:06:54.467 +07:00 [INF] Executed endpoint 'BlogApp.Controllers.AuthenController.CheckValidToken (BlogApp)'
2026-06-28 15:06:54.467 +07:00 [INF] HTTP GET /api/authen/check-valid-token responded 200 in 1.5659 ms
2026-06-28 15:06:54.467 +07:00 [INF] Request finished HTTP/1.1 GET http://localhost:5059/api/authen/check-valid-token - 200 null application/json; charset=utf-8 2.8355ms
2026-06-28 15:06:54.467 +07:00 [INF] Request starting HTTP/1.1 OPTIONS http://localhost:5059/api/blog/topfive - null null
2026-06-28 15:06:54.467 +07:00 [INF] CORS policy execution successful.
2026-06-28 15:06:54.467 +07:00 [INF] Request finished HTTP/1.1 OPTIONS http://localhost:5059/api/blog/topfive - 204 null null 0.196ms
2026-06-28 15:06:54.467 +07:00 [INF] Request starting HTTP/1.1 GET http://localhost:5059/api/blog/topfive - null null
2026-06-28 15:06:54.468 +07:00 [INF] CORS policy execution successful.
2026-06-28 15:06:54.468 +07:00 [INF] Request starting HTTP/1.1 GET http://localhost:5059/api/authen/check-valid-token - null null
2026-06-28 15:06:54.468 +07:00 [INF] Executing endpoint 'BlogApp.Controllers.BlogController.GetTop5Blogs (BlogApp)'
2026-06-28 15:06:54.468 +07:00 [INF] CORS policy execution successful.
2026-06-28 15:06:54.468 +07:00 [INF] Route matched with {action = "GetTop5Blogs", controller = "Blog"}. Executing controller action with signature Microsoft.AspNetCore.Mvc.ActionResult GetTop5Blogs() on controller BlogApp.Controllers.BlogController (BlogApp).
2026-06-28 15:06:54.468 +07:00 [INF] Executing endpoint 'BlogApp.Controllers.AuthenController.CheckValidToken (BlogApp)'
2026-06-28 15:06:54.468 +07:00 [INF] Route matched with {action = "CheckValidToken", controller = "Authen"}. Executing controller action with signature Microsoft.AspNetCore.Mvc.ActionResult`1[BlogApp.DTOs.ResponseBaseDTO] CheckValidToken() on controller BlogApp.Controllers.AuthenController (BlogApp).
2026-06-28 15:06:54.468 +07:00 [INF] Executing OkObjectResult, writing value of type 'BlogApp.DTOs.ResponseBaseDTO'.
2026-06-28 15:06:54.468 +07:00 [INF] Executed DbCommand (1ms) [Parameters=[], CommandType='"Text"', CommandTimeout='30']
SELECT b."Id", b."AmountOfAccesses", b."AuthorId", b."Content", b."CoverImage", b."CreatedAt", b."PublishedAt", b."State", b."Tags", b."Title", b."UpdatedAt"
FROM "Blogs" AS b
ORDER BY b."CreatedAt" DESC
2026-06-28 15:06:54.468 +07:00 [INF] Executed DbCommand (2ms) [Parameters=[], CommandType='"Text"', CommandTimeout='30']

            SELECT tag AS Name, COUNT(*) AS blog_count
            FROM "Blogs", UNNEST("Tags") AS tag
            GROUP BY tag
            ORDER BY blog_count DESC
            LIMIT 5
2026-06-28 15:06:54.468 +07:00 [INF] Executed action BlogApp.Controllers.AuthenController.CheckValidToken (BlogApp) in 0.1745ms
2026-06-28 15:06:54.469 +07:00 [INF] Executed endpoint 'BlogApp.Controllers.AuthenController.CheckValidToken (BlogApp)'
2026-06-28 15:06:54.469 +07:00 [INF] Executing OkObjectResult, writing value of type 'BlogApp.DTOs.TagListRespDTO'.
2026-06-28 15:06:54.469 +07:00 [INF] HTTP GET /api/authen/check-valid-token responded 200 in 0.7924 ms
2026-06-28 15:06:54.469 +07:00 [INF] Executed action BlogApp.Controllers.TagController.GetTop5Tags (BlogApp) in 3.027ms
2026-06-28 15:06:54.469 +07:00 [INF] Executing OkObjectResult, writing value of type 'BlogApp.DTOs.BlogListRespDTO'.
2026-06-28 15:06:54.469 +07:00 [INF] Request finished HTTP/1.1 GET http://localhost:5059/api/authen/check-valid-token - 200 null application/json; charset=utf-8 1.1787ms
2026-06-28 15:06:54.469 +07:00 [INF] Executed endpoint 'BlogApp.Controllers.TagController.GetTop5Tags (BlogApp)'
2026-06-28 15:06:54.469 +07:00 [INF] Executed action BlogApp.Controllers.BlogController.Get5LatestBlogs (BlogApp) in 2.5795ms
2026-06-28 15:06:54.469 +07:00 [INF] Executed DbCommand (1ms) [Parameters=[], CommandType='"Text"', CommandTimeout='30']
SELECT b."Id", b."AmountOfAccesses", b."AuthorId", b."Content", b."CoverImage", b."CreatedAt", b."PublishedAt", b."State", b."Tags", b."Title", b."UpdatedAt"
FROM "Blogs" AS b
ORDER BY b."CreatedAt" DESC
2026-06-28 15:06:54.469 +07:00 [INF] HTTP GET /api/tags/topfive responded 200 in 4.3086 ms
2026-06-28 15:06:54.469 +07:00 [INF] Executed endpoint 'BlogApp.Controllers.BlogController.Get5LatestBlogs (BlogApp)'
2026-06-28 15:06:54.469 +07:00 [INF] Request finished HTTP/1.1 GET http://localhost:5059/api/tags/topfive - 200 null application/json; charset=utf-8 5.6959ms
2026-06-28 15:06:54.470 +07:00 [INF] HTTP GET /api/blog/fivelatest responded 200 in 3.8665 ms
2026-06-28 15:06:54.470 +07:00 [INF] Executing OkObjectResult, writing value of type 'BlogApp.DTOs.BlogListRespDTO'.
2026-06-28 15:06:54.470 +07:00 [INF] Request finished HTTP/1.1 GET http://localhost:5059/api/blog/fivelatest - 200 null application/json; charset=utf-8 5.2958ms
2026-06-28 15:06:54.470 +07:00 [INF] Executed action BlogApp.Controllers.BlogController.GetTop5Blogs (BlogApp) in 1.7964ms
2026-06-28 15:06:54.470 +07:00 [INF] Executed endpoint 'BlogApp.Controllers.BlogController.GetTop5Blogs (BlogApp)'
2026-06-28 15:06:54.470 +07:00 [INF] HTTP GET /api/blog/topfive responded 200 in 2.3348 ms
2026-06-28 15:06:54.470 +07:00 [INF] Request finished HTTP/1.1 GET http://localhost:5059/api/blog/topfive - 200 null application/json; charset=utf-8 2.6927ms
2026-06-28 15:06:54.470 +07:00 [INF] Request starting HTTP/1.1 GET http://localhost:5059/api/tags/topfive - null null
2026-06-28 15:06:54.471 +07:00 [INF] Request starting HTTP/1.1 GET http://localhost:5059/api/blog/fivelatest - null null
2026-06-28 15:06:54.471 +07:00 [INF] CORS policy execution successful.
2026-06-28 15:06:54.471 +07:00 [INF] Request starting HTTP/1.1 GET http://localhost:5059/api/blog/topfive - null null
2026-06-28 15:06:54.471 +07:00 [INF] CORS policy execution successful.
2026-06-28 15:06:54.471 +07:00 [INF] Executing endpoint 'BlogApp.Controllers.TagController.GetTop5Tags (BlogApp)'
2026-06-28 15:06:54.471 +07:00 [INF] CORS policy execution successful.
2026-06-28 15:06:54.471 +07:00 [INF] Executing endpoint 'BlogApp.Controllers.BlogController.Get5LatestBlogs (BlogApp)'
2026-06-28 15:06:54.471 +07:00 [INF] Route matched with {action = "GetTop5Tags", controller = "Tag"}. Executing controller action with signature Microsoft.AspNetCore.Mvc.ActionResult GetTop5Tags() on controller BlogApp.Controllers.TagController (BlogApp).
2026-06-28 15:06:54.471 +07:00 [INF] Executing endpoint 'BlogApp.Controllers.BlogController.GetTop5Blogs (BlogApp)'
2026-06-28 15:06:54.471 +07:00 [INF] Route matched with {action = "Get5LatestBlogs", controller = "Blog"}. Executing controller action with signature Microsoft.AspNetCore.Mvc.ActionResult Get5LatestBlogs() on controller BlogApp.Controllers.BlogController (BlogApp).
2026-06-28 15:06:54.471 +07:00 [INF] Route matched with {action = "GetTop5Blogs", controller = "Blog"}. Executing controller action with signature Microsoft.AspNetCore.Mvc.ActionResult GetTop5Blogs() on controller BlogApp.Controllers.BlogController (BlogApp).
2026-06-28 15:06:54.472 +07:00 [INF] Executed DbCommand (1ms) [Parameters=[], CommandType='"Text"', CommandTimeout='30']
SELECT b."Id", b."AmountOfAccesses", b."AuthorId", b."Content", b."CoverImage", b."CreatedAt", b."PublishedAt", b."State", b."Tags", b."Title", b."UpdatedAt"
FROM "Blogs" AS b
ORDER BY b."CreatedAt" DESC
2026-06-28 15:06:54.472 +07:00 [INF] Executed DbCommand (1ms) [Parameters=[], CommandType='"Text"', CommandTimeout='30']
SELECT b."Id", b."AmountOfAccesses", b."AuthorId", b."Content", b."CoverImage", b."CreatedAt", b."PublishedAt", b."State", b."Tags", b."Title", b."UpdatedAt"
FROM "Blogs" AS b
ORDER BY b."CreatedAt" DESC
2026-06-28 15:06:54.472 +07:00 [INF] Executed DbCommand (1ms) [Parameters=[], CommandType='"Text"', CommandTimeout='30']

            SELECT tag AS Name, COUNT(*) AS blog_count
            FROM "Blogs", UNNEST("Tags") AS tag
            GROUP BY tag
            ORDER BY blog_count DESC
            LIMIT 5
2026-06-28 15:06:54.473 +07:00 [INF] Executing OkObjectResult, writing value of type 'BlogApp.DTOs.BlogListRespDTO'.
2026-06-28 15:06:54.473 +07:00 [INF] Executing OkObjectResult, writing value of type 'BlogApp.DTOs.BlogListRespDTO'.
2026-06-28 15:06:54.473 +07:00 [INF] Executing OkObjectResult, writing value of type 'BlogApp.DTOs.TagListRespDTO'.
2026-06-28 15:06:54.473 +07:00 [INF] Executed action BlogApp.Controllers.BlogController.GetTop5Blogs (BlogApp) in 1.3316ms
2026-06-28 15:06:54.473 +07:00 [INF] Executed action BlogApp.Controllers.BlogController.Get5LatestBlogs (BlogApp) in 1.4366ms
2026-06-28 15:06:54.473 +07:00 [INF] Executed action BlogApp.Controllers.TagController.GetTop5Tags (BlogApp) in 1.6115ms
2026-06-28 15:06:54.473 +07:00 [INF] Executed endpoint 'BlogApp.Controllers.BlogController.GetTop5Blogs (BlogApp)'
2026-06-28 15:06:54.473 +07:00 [INF] Executed endpoint 'BlogApp.Controllers.BlogController.Get5LatestBlogs (BlogApp)'
2026-06-28 15:06:54.473 +07:00 [INF] Executed endpoint 'BlogApp.Controllers.TagController.GetTop5Tags (BlogApp)'
2026-06-28 15:06:54.473 +07:00 [INF] HTTP GET /api/blog/topfive responded 200 in 1.9373 ms
2026-06-28 15:06:54.473 +07:00 [INF] HTTP GET /api/blog/fivelatest responded 200 in 2.0732 ms
2026-06-28 15:06:54.473 +07:00 [INF] HTTP GET /api/tags/topfive responded 200 in 2.2802 ms
2026-06-28 15:06:54.473 +07:00 [INF] Request finished HTTP/1.1 GET http://localhost:5059/api/blog/topfive - 200 null application/json; charset=utf-8 2.4581ms
2026-06-28 15:06:54.473 +07:00 [INF] Request finished HTTP/1.1 GET http://localhost:5059/api/blog/fivelatest - 200 null application/json; charset=utf-8 2.6187ms
2026-06-28 15:06:54.473 +07:00 [INF] Request finished HTTP/1.1 GET http://localhost:5059/api/tags/topfive - 200 null application/json; charset=utf-8 2.7926ms
2026-06-28 15:06:57.788 +07:00 [INF] Request starting HTTP/1.1 POST http://localhost:5059/api/blog/search - multipart/form-data; boundary=----WebKitFormBoundaryi6Lm8LPk0kvUXXYu 426
2026-06-28 15:06:57.788 +07:00 [INF] CORS policy execution successful.
2026-06-28 15:06:57.788 +07:00 [INF] Executing endpoint 'BlogApp.Controllers.BlogController.SearchBlogs (BlogApp)'
2026-06-28 15:06:57.789 +07:00 [INF] Route matched with {action = "SearchBlogs", controller = "Blog"}. Executing controller action with signature Microsoft.AspNetCore.Mvc.ActionResult SearchBlogs(BlogApp.DTOs.SearchBlogReqDTO) on controller BlogApp.Controllers.BlogController (BlogApp).
2026-06-28 15:06:57.789 +07:00 [INF] Executing BadRequestObjectResult, writing value of type 'Microsoft.AspNetCore.Mvc.ValidationProblemDetails'.
2026-06-28 15:06:57.789 +07:00 [INF] Executed action BlogApp.Controllers.BlogController.SearchBlogs (BlogApp) in 0.5938ms
2026-06-28 15:06:57.789 +07:00 [INF] Executed endpoint 'BlogApp.Controllers.BlogController.SearchBlogs (BlogApp)'
2026-06-28 15:06:57.789 +07:00 [INF] HTTP POST /api/blog/search responded 400 in 1.1340 ms
2026-06-28 15:06:57.789 +07:00 [INF] Request finished HTTP/1.1 POST http://localhost:5059/api/blog/search - 400 null application/problem+json; charset=utf-8 1.4663ms
2026-06-28 15:06:58.572 +07:00 [INF] Request starting HTTP/1.1 POST http://localhost:5059/api/blog/search - multipart/form-data; boundary=----WebKitFormBoundaryESF45V3DfHEVUKcM 426
2026-06-28 15:06:58.572 +07:00 [INF] CORS policy execution successful.
2026-06-28 15:06:58.572 +07:00 [INF] Executing endpoint 'BlogApp.Controllers.BlogController.SearchBlogs (BlogApp)'
2026-06-28 15:06:58.572 +07:00 [INF] Route matched with {action = "SearchBlogs", controller = "Blog"}. Executing controller action with signature Microsoft.AspNetCore.Mvc.ActionResult SearchBlogs(BlogApp.DTOs.SearchBlogReqDTO) on controller BlogApp.Controllers.BlogController (BlogApp).
2026-06-28 15:06:58.573 +07:00 [INF] Executing BadRequestObjectResult, writing value of type 'Microsoft.AspNetCore.Mvc.ValidationProblemDetails'.
2026-06-28 15:06:58.573 +07:00 [INF] Executed action BlogApp.Controllers.BlogController.SearchBlogs (BlogApp) in 0.7418ms
2026-06-28 15:06:58.573 +07:00 [INF] Executed endpoint 'BlogApp.Controllers.BlogController.SearchBlogs (BlogApp)'
2026-06-28 15:06:58.573 +07:00 [INF] HTTP POST /api/blog/search responded 400 in 1.1331 ms
2026-06-28 15:06:58.573 +07:00 [INF] Request finished HTTP/1.1 POST http://localhost:5059/api/blog/search - 400 null application/problem+json; charset=utf-8 1.4736ms
2026-06-28 15:06:59.274 +07:00 [INF] Request starting HTTP/1.1 OPTIONS http://localhost:5059/api/tags - null null
2026-06-28 15:06:59.274 +07:00 [INF] Request starting HTTP/1.1 OPTIONS http://localhost:5059/api/tags - null null
2026-06-28 15:06:59.274 +07:00 [INF] CORS policy execution successful.
2026-06-28 15:06:59.274 +07:00 [INF] CORS policy execution successful.
2026-06-28 15:06:59.274 +07:00 [INF] Request finished HTTP/1.1 OPTIONS http://localhost:5059/api/tags - 204 null null 0.3035ms
2026-06-28 15:06:59.274 +07:00 [INF] Request finished HTTP/1.1 OPTIONS http://localhost:5059/api/tags - 204 null null 0.3243ms
2026-06-28 15:06:59.275 +07:00 [INF] Request starting HTTP/1.1 GET http://localhost:5059/api/tags - null null
2026-06-28 15:06:59.275 +07:00 [INF] CORS policy execution successful.
2026-06-28 15:06:59.275 +07:00 [INF] Executing endpoint 'BlogApp.Controllers.TagController.GetAllTags (BlogApp)'
2026-06-28 15:06:59.275 +07:00 [INF] Route matched with {action = "GetAllTags", controller = "Tag"}. Executing controller action with signature Microsoft.AspNetCore.Mvc.ActionResult`1[BlogApp.DTOs.TagListRespDTO] GetAllTags() on controller BlogApp.Controllers.TagController (BlogApp).
2026-06-28 15:06:59.277 +07:00 [INF] Executed DbCommand (1ms) [Parameters=[], CommandType='"Text"', CommandTimeout='30']
SELECT t."Name", t."CreatedAt", t."Description", t."UpdatedAt"
FROM "Tags" AS t
ORDER BY t."Name" DESC
2026-06-28 15:06:59.277 +07:00 [INF] Executing OkObjectResult, writing value of type 'BlogApp.DTOs.TagListRespDTO'.
2026-06-28 15:06:59.277 +07:00 [INF] Executed action BlogApp.Controllers.TagController.GetAllTags (BlogApp) in 2.0136ms
2026-06-28 15:06:59.277 +07:00 [INF] Executed endpoint 'BlogApp.Controllers.TagController.GetAllTags (BlogApp)'
2026-06-28 15:06:59.278 +07:00 [INF] HTTP GET /api/tags responded 200 in 2.3722 ms
2026-06-28 15:06:59.278 +07:00 [INF] Request finished HTTP/1.1 GET http://localhost:5059/api/tags - 200 null application/json; charset=utf-8 2.6063ms
2026-06-28 15:06:59.278 +07:00 [INF] Request starting HTTP/1.1 GET http://localhost:5059/api/tags - null null
2026-06-28 15:06:59.278 +07:00 [INF] CORS policy execution successful.
2026-06-28 15:06:59.278 +07:00 [INF] Executing endpoint 'BlogApp.Controllers.TagController.GetAllTags (BlogApp)'
2026-06-28 15:06:59.279 +07:00 [INF] Route matched with {action = "GetAllTags", controller = "Tag"}. Executing controller action with signature Microsoft.AspNetCore.Mvc.ActionResult`1[BlogApp.DTOs.TagListRespDTO] GetAllTags() on controller BlogApp.Controllers.TagController (BlogApp).
2026-06-28 15:06:59.280 +07:00 [INF] Executed DbCommand (1ms) [Parameters=[], CommandType='"Text"', CommandTimeout='30']
SELECT t."Name", t."CreatedAt", t."Description", t."UpdatedAt"
FROM "Tags" AS t
ORDER BY t."Name" DESC
2026-06-28 15:06:59.280 +07:00 [INF] Executing OkObjectResult, writing value of type 'BlogApp.DTOs.TagListRespDTO'.
2026-06-28 15:06:59.280 +07:00 [INF] Executed action BlogApp.Controllers.TagController.GetAllTags (BlogApp) in 1.6972ms
2026-06-28 15:06:59.280 +07:00 [INF] Executed endpoint 'BlogApp.Controllers.TagController.GetAllTags (BlogApp)'
2026-06-28 15:06:59.280 +07:00 [INF] HTTP GET /api/tags responded 200 in 2.0237 ms
2026-06-28 15:06:59.281 +07:00 [INF] Request finished HTTP/1.1 GET http://localhost:5059/api/tags - 200 null application/json; charset=utf-8 2.2851ms
2026-06-28 15:07:00.414 +07:00 [INF] Request starting HTTP/1.1 OPTIONS http://localhost:5059/api/blog/search - null null
2026-06-28 15:07:00.414 +07:00 [INF] Request starting HTTP/1.1 OPTIONS http://localhost:5059/api/blog/search - null null
2026-06-28 15:07:00.414 +07:00 [INF] CORS policy execution successful.
2026-06-28 15:07:00.414 +07:00 [INF] CORS policy execution successful.
2026-06-28 15:07:00.414 +07:00 [INF] Request finished HTTP/1.1 OPTIONS http://localhost:5059/api/blog/search - 204 null null 0.3801ms
2026-06-28 15:07:00.414 +07:00 [INF] Request finished HTTP/1.1 OPTIONS http://localhost:5059/api/blog/search - 204 null null 0.2206ms
2026-06-28 15:07:00.415 +07:00 [INF] Request starting HTTP/1.1 POST http://localhost:5059/api/blog/search - multipart/form-data; boundary=----WebKitFormBoundary6E7ooq9TppuelO7T 426
2026-06-28 15:07:00.415 +07:00 [INF] CORS policy execution successful.
2026-06-28 15:07:00.415 +07:00 [INF] Request starting HTTP/1.1 POST http://localhost:5059/api/blog/search - multipart/form-data; boundary=----WebKitFormBoundary9nig7yevNLNBWSqY 426
2026-06-28 15:07:00.415 +07:00 [INF] CORS policy execution successful.
2026-06-28 15:07:00.415 +07:00 [INF] Executing endpoint 'BlogApp.Controllers.BlogController.SearchBlogs (BlogApp)'
2026-06-28 15:07:00.415 +07:00 [INF] Executing endpoint 'BlogApp.Controllers.BlogController.SearchBlogs (BlogApp)'
2026-06-28 15:07:00.415 +07:00 [INF] Route matched with {action = "SearchBlogs", controller = "Blog"}. Executing controller action with signature Microsoft.AspNetCore.Mvc.ActionResult SearchBlogs(BlogApp.DTOs.SearchBlogReqDTO) on controller BlogApp.Controllers.BlogController (BlogApp).
2026-06-28 15:07:00.416 +07:00 [INF] Route matched with {action = "SearchBlogs", controller = "Blog"}. Executing controller action with signature Microsoft.AspNetCore.Mvc.ActionResult SearchBlogs(BlogApp.DTOs.SearchBlogReqDTO) on controller BlogApp.Controllers.BlogController (BlogApp).
2026-06-28 15:07:00.416 +07:00 [INF] Executing BadRequestObjectResult, writing value of type 'Microsoft.AspNetCore.Mvc.ValidationProblemDetails'.
2026-06-28 15:07:00.416 +07:00 [INF] Executing BadRequestObjectResult, writing value of type 'Microsoft.AspNetCore.Mvc.ValidationProblemDetails'.
2026-06-28 15:07:00.416 +07:00 [INF] Executed action BlogApp.Controllers.BlogController.SearchBlogs (BlogApp) in 0.6559ms
2026-06-28 15:07:00.416 +07:00 [INF] Executed action BlogApp.Controllers.BlogController.SearchBlogs (BlogApp) in 0.6134ms
2026-06-28 15:07:00.416 +07:00 [INF] Executed endpoint 'BlogApp.Controllers.BlogController.SearchBlogs (BlogApp)'
2026-06-28 15:07:00.416 +07:00 [INF] Executed endpoint 'BlogApp.Controllers.BlogController.SearchBlogs (BlogApp)'
2026-06-28 15:07:00.417 +07:00 [INF] HTTP POST /api/blog/search responded 400 in 1.2722 ms
2026-06-28 15:07:00.417 +07:00 [INF] HTTP POST /api/blog/search responded 400 in 1.1770 ms
2026-06-28 15:07:00.417 +07:00 [INF] Request finished HTTP/1.1 POST http://localhost:5059/api/blog/search - 400 null application/problem+json; charset=utf-8 1.624ms
2026-06-28 15:07:00.417 +07:00 [INF] Request finished HTTP/1.1 POST http://localhost:5059/api/blog/search - 400 null application/problem+json; charset=utf-8 1.5257ms
2026-06-28 15:07:00.818 +07:00 [INF] Request starting HTTP/1.1 POST http://localhost:5059/api/blog/search - multipart/form-data; boundary=----WebKitFormBoundaryhaq4z4Mn75eoy6gB 426
2026-06-28 15:07:00.818 +07:00 [INF] CORS policy execution successful.
2026-06-28 15:07:00.818 +07:00 [INF] Executing endpoint 'BlogApp.Controllers.BlogController.SearchBlogs (BlogApp)'
2026-06-28 15:07:00.818 +07:00 [INF] Route matched with {action = "SearchBlogs", controller = "Blog"}. Executing controller action with signature Microsoft.AspNetCore.Mvc.ActionResult SearchBlogs(BlogApp.DTOs.SearchBlogReqDTO) on controller BlogApp.Controllers.BlogController (BlogApp).
2026-06-28 15:07:00.819 +07:00 [INF] Executing BadRequestObjectResult, writing value of type 'Microsoft.AspNetCore.Mvc.ValidationProblemDetails'.
2026-06-28 15:07:00.819 +07:00 [INF] Executed action BlogApp.Controllers.BlogController.SearchBlogs (BlogApp) in 0.5607ms
2026-06-28 15:07:00.819 +07:00 [INF] Executed endpoint 'BlogApp.Controllers.BlogController.SearchBlogs (BlogApp)'
2026-06-28 15:07:00.819 +07:00 [INF] HTTP POST /api/blog/search responded 400 in 0.9695 ms
2026-06-28 15:07:00.819 +07:00 [INF] Request finished HTTP/1.1 POST http://localhost:5059/api/blog/search - 400 null application/problem+json; charset=utf-8 1.3578ms
2026-06-28 15:07:01.828 +07:00 [INF] Request starting HTTP/1.1 POST http://localhost:5059/api/blog/search - multipart/form-data; boundary=----WebKitFormBoundary0s4BNLLLn3mYzvHV 426
2026-06-28 15:07:01.829 +07:00 [INF] CORS policy execution successful.
2026-06-28 15:07:01.829 +07:00 [INF] Executing endpoint 'BlogApp.Controllers.BlogController.SearchBlogs (BlogApp)'
2026-06-28 15:07:01.829 +07:00 [INF] Route matched with {action = "SearchBlogs", controller = "Blog"}. Executing controller action with signature Microsoft.AspNetCore.Mvc.ActionResult SearchBlogs(BlogApp.DTOs.SearchBlogReqDTO) on controller BlogApp.Controllers.BlogController (BlogApp).
2026-06-28 15:07:01.829 +07:00 [INF] Executing BadRequestObjectResult, writing value of type 'Microsoft.AspNetCore.Mvc.ValidationProblemDetails'.
2026-06-28 15:07:01.830 +07:00 [INF] Executed action BlogApp.Controllers.BlogController.SearchBlogs (BlogApp) in 0.6297ms
2026-06-28 15:07:01.830 +07:00 [INF] Executed endpoint 'BlogApp.Controllers.BlogController.SearchBlogs (BlogApp)'
2026-06-28 15:07:01.830 +07:00 [INF] HTTP POST /api/blog/search responded 400 in 1.0806 ms
2026-06-28 15:07:01.830 +07:00 [INF] Request finished HTTP/1.1 POST http://localhost:5059/api/blog/search - 400 null application/problem+json; charset=utf-8 1.4651ms
2026-06-28 15:07:02.197 +07:00 [INF] Request starting HTTP/1.1 GET http://localhost:5059/api/tags - null null
2026-06-28 15:07:02.197 +07:00 [INF] CORS policy execution successful.
2026-06-28 15:07:02.197 +07:00 [INF] Executing endpoint 'BlogApp.Controllers.TagController.GetAllTags (BlogApp)'
2026-06-28 15:07:02.197 +07:00 [INF] Route matched with {action = "GetAllTags", controller = "Tag"}. Executing controller action with signature Microsoft.AspNetCore.Mvc.ActionResult`1[BlogApp.DTOs.TagListRespDTO] GetAllTags() on controller BlogApp.Controllers.TagController (BlogApp).
2026-06-28 15:07:02.199 +07:00 [INF] Executed DbCommand (1ms) [Parameters=[], CommandType='"Text"', CommandTimeout='30']
SELECT t."Name", t."CreatedAt", t."Description", t."UpdatedAt"
FROM "Tags" AS t
ORDER BY t."Name" DESC
2026-06-28 15:07:02.199 +07:00 [INF] Executing OkObjectResult, writing value of type 'BlogApp.DTOs.TagListRespDTO'.
2026-06-28 15:07:02.199 +07:00 [INF] Executed action BlogApp.Controllers.TagController.GetAllTags (BlogApp) in 2.0924ms
2026-06-28 15:07:02.199 +07:00 [INF] Executed endpoint 'BlogApp.Controllers.TagController.GetAllTags (BlogApp)'
2026-06-28 15:07:02.200 +07:00 [INF] HTTP GET /api/tags responded 200 in 2.5120 ms
2026-06-28 15:07:02.200 +07:00 [INF] Request finished HTTP/1.1 GET http://localhost:5059/api/tags - 200 null application/json; charset=utf-8 2.8828ms
2026-06-28 15:07:02.200 +07:00 [INF] Request starting HTTP/1.1 GET http://localhost:5059/api/tags - null null
2026-06-28 15:07:02.201 +07:00 [INF] CORS policy execution successful.
2026-06-28 15:07:02.201 +07:00 [INF] Executing endpoint 'BlogApp.Controllers.TagController.GetAllTags (BlogApp)'
2026-06-28 15:07:02.201 +07:00 [INF] Route matched with {action = "GetAllTags", controller = "Tag"}. Executing controller action with signature Microsoft.AspNetCore.Mvc.ActionResult`1[BlogApp.DTOs.TagListRespDTO] GetAllTags() on controller BlogApp.Controllers.TagController (BlogApp).
2026-06-28 15:07:02.202 +07:00 [INF] Executed DbCommand (1ms) [Parameters=[], CommandType='"Text"', CommandTimeout='30']
SELECT t."Name", t."CreatedAt", t."Description", t."UpdatedAt"
FROM "Tags" AS t
ORDER BY t."Name" DESC
2026-06-28 15:07:02.202 +07:00 [INF] Executing OkObjectResult, writing value of type 'BlogApp.DTOs.TagListRespDTO'.
2026-06-28 15:07:02.202 +07:00 [INF] Executed action BlogApp.Controllers.TagController.GetAllTags (BlogApp) in 1.5954ms
2026-06-28 15:07:02.202 +07:00 [INF] Executed endpoint 'BlogApp.Controllers.TagController.GetAllTags (BlogApp)'
2026-06-28 15:07:02.203 +07:00 [INF] HTTP GET /api/tags responded 200 in 1.9555 ms
2026-06-28 15:07:02.203 +07:00 [INF] Request finished HTTP/1.1 GET http://localhost:5059/api/tags - 200 null application/json; charset=utf-8 2.2589ms
2026-06-28 15:07:24.933 +07:00 [INF] Request starting HTTP/1.1 OPTIONS http://localhost:5059/api/tags - null null
2026-06-28 15:07:24.933 +07:00 [INF] CORS policy execution successful.
2026-06-28 15:07:24.933 +07:00 [INF] Request finished HTTP/1.1 OPTIONS http://localhost:5059/api/tags - 204 null null 0.2857ms
2026-06-28 15:07:24.933 +07:00 [INF] Request starting HTTP/1.1 OPTIONS http://localhost:5059/api/authen/check-valid-token - null null
2026-06-28 15:07:24.933 +07:00 [INF] CORS policy execution successful.
2026-06-28 15:07:24.933 +07:00 [INF] Request finished HTTP/1.1 OPTIONS http://localhost:5059/api/authen/check-valid-token - 204 null null 0.3128ms
2026-06-28 15:07:24.934 +07:00 [INF] Request starting HTTP/1.1 GET http://localhost:5059/api/tags - null null
2026-06-28 15:07:24.934 +07:00 [INF] CORS policy execution successful.
2026-06-28 15:07:24.934 +07:00 [INF] Request starting HTTP/1.1 OPTIONS http://localhost:5059/api/tags/topfive - null null
2026-06-28 15:07:24.934 +07:00 [INF] Executing endpoint 'BlogApp.Controllers.TagController.GetAllTags (BlogApp)'
2026-06-28 15:07:24.934 +07:00 [INF] Request starting HTTP/1.1 OPTIONS http://localhost:5059/api/blog/topfive - null null
2026-06-28 15:07:24.935 +07:00 [INF] CORS policy execution successful.
2026-06-28 15:07:24.935 +07:00 [INF] Request starting HTTP/1.1 OPTIONS http://localhost:5059/api/blog/fivelatest - null null
2026-06-28 15:07:24.935 +07:00 [INF] Route matched with {action = "GetAllTags", controller = "Tag"}. Executing controller action with signature Microsoft.AspNetCore.Mvc.ActionResult`1[BlogApp.DTOs.TagListRespDTO] GetAllTags() on controller BlogApp.Controllers.TagController (BlogApp).
2026-06-28 15:07:24.935 +07:00 [INF] CORS policy execution successful.
2026-06-28 15:07:24.935 +07:00 [INF] Request finished HTTP/1.1 OPTIONS http://localhost:5059/api/tags/topfive - 204 null null 0.6614ms
2026-06-28 15:07:24.935 +07:00 [INF] CORS policy execution successful.
2026-06-28 15:07:24.935 +07:00 [INF] Request finished HTTP/1.1 OPTIONS http://localhost:5059/api/blog/topfive - 204 null null 0.7949ms
2026-06-28 15:07:24.935 +07:00 [INF] Request starting HTTP/1.1 GET http://localhost:5059/api/authen/check-valid-token - null null
2026-06-28 15:07:24.936 +07:00 [INF] Request finished HTTP/1.1 OPTIONS http://localhost:5059/api/blog/fivelatest - 204 null null 1.1566ms
2026-06-28 15:07:24.936 +07:00 [INF] CORS policy execution successful.
2026-06-28 15:07:24.936 +07:00 [INF] Executing endpoint 'BlogApp.Controllers.AuthenController.CheckValidToken (BlogApp)'
2026-06-28 15:07:24.937 +07:00 [INF] Route matched with {action = "CheckValidToken", controller = "Authen"}. Executing controller action with signature Microsoft.AspNetCore.Mvc.ActionResult`1[BlogApp.DTOs.ResponseBaseDTO] CheckValidToken() on controller BlogApp.Controllers.AuthenController (BlogApp).
2026-06-28 15:07:24.937 +07:00 [INF] Executing OkObjectResult, writing value of type 'BlogApp.DTOs.ResponseBaseDTO'.
2026-06-28 15:07:24.937 +07:00 [INF] Request starting HTTP/1.1 GET http://localhost:5059/api/tags/topfive - null null
2026-06-28 15:07:24.937 +07:00 [INF] Request starting HTTP/1.1 OPTIONS http://localhost:5059/api/blog/fivelatest - null null
2026-06-28 15:07:24.937 +07:00 [INF] Executed action BlogApp.Controllers.AuthenController.CheckValidToken (BlogApp) in 0.2452ms
2026-06-28 15:07:24.937 +07:00 [INF] CORS policy execution successful.
2026-06-28 15:07:24.937 +07:00 [INF] CORS policy execution successful.
2026-06-28 15:07:24.937 +07:00 [INF] Request finished HTTP/1.1 OPTIONS http://localhost:5059/api/blog/fivelatest - 204 null null 0.3784ms
2026-06-28 15:07:24.937 +07:00 [INF] Executed endpoint 'BlogApp.Controllers.AuthenController.CheckValidToken (BlogApp)'
2026-06-28 15:07:24.937 +07:00 [INF] Executing endpoint 'BlogApp.Controllers.TagController.GetTop5Tags (BlogApp)'
2026-06-28 15:07:24.937 +07:00 [INF] Request starting HTTP/1.1 OPTIONS http://localhost:5059/api/blog/topfive - null null
2026-06-28 15:07:24.938 +07:00 [INF] HTTP GET /api/authen/check-valid-token responded 200 in 1.1999 ms
2026-06-28 15:07:24.938 +07:00 [INF] Executed DbCommand (1ms) [Parameters=[], CommandType='"Text"', CommandTimeout='30']
SELECT t."Name", t."CreatedAt", t."Description", t."UpdatedAt"
FROM "Tags" AS t
ORDER BY t."Name" DESC
2026-06-28 15:07:24.938 +07:00 [INF] Route matched with {action = "GetTop5Tags", controller = "Tag"}. Executing controller action with signature Microsoft.AspNetCore.Mvc.ActionResult GetTop5Tags() on controller BlogApp.Controllers.TagController (BlogApp).
2026-06-28 15:07:24.938 +07:00 [INF] CORS policy execution successful.
2026-06-28 15:07:24.938 +07:00 [INF] Request starting HTTP/1.1 GET http://localhost:5059/api/blog/fivelatest - null null
2026-06-28 15:07:24.938 +07:00 [INF] Request finished HTTP/1.1 GET http://localhost:5059/api/authen/check-valid-token - 200 null application/json; charset=utf-8 2.4968ms
2026-06-28 15:07:24.938 +07:00 [INF] Request finished HTTP/1.1 OPTIONS http://localhost:5059/api/blog/topfive - 204 null null 0.6888ms
2026-06-28 15:07:24.938 +07:00 [INF] Executing OkObjectResult, writing value of type 'BlogApp.DTOs.TagListRespDTO'.
2026-06-28 15:07:24.938 +07:00 [INF] CORS policy execution successful.
2026-06-28 15:07:24.938 +07:00 [INF] Request starting HTTP/1.1 GET http://localhost:5059/api/blog/topfive - null null
2026-06-28 15:07:24.939 +07:00 [INF] Request starting HTTP/1.1 GET http://localhost:5059/api/authen/check-valid-token - null null
2026-06-28 15:07:24.939 +07:00 [INF] Executed action BlogApp.Controllers.TagController.GetAllTags (BlogApp) in 3.6262ms
2026-06-28 15:07:24.939 +07:00 [INF] CORS policy execution successful.
2026-06-28 15:07:24.939 +07:00 [INF] Executing endpoint 'BlogApp.Controllers.BlogController.Get5LatestBlogs (BlogApp)'
2026-06-28 15:07:24.939 +07:00 [INF] CORS policy execution successful.
2026-06-28 15:07:24.939 +07:00 [INF] Executing endpoint 'BlogApp.Controllers.BlogController.GetTop5Blogs (BlogApp)'
2026-06-28 15:07:24.939 +07:00 [INF] Executed endpoint 'BlogApp.Controllers.TagController.GetAllTags (BlogApp)'
2026-06-28 15:07:24.939 +07:00 [INF] Route matched with {action = "Get5LatestBlogs", controller = "Blog"}. Executing controller action with signature Microsoft.AspNetCore.Mvc.ActionResult Get5LatestBlogs() on controller BlogApp.Controllers.BlogController (BlogApp).
2026-06-28 15:07:24.939 +07:00 [INF] Executing endpoint 'BlogApp.Controllers.AuthenController.CheckValidToken (BlogApp)'
2026-06-28 15:07:24.939 +07:00 [INF] HTTP GET /api/tags responded 200 in 5.0150 ms
2026-06-28 15:07:24.939 +07:00 [INF] Route matched with {action = "GetTop5Blogs", controller = "Blog"}. Executing controller action with signature Microsoft.AspNetCore.Mvc.ActionResult GetTop5Blogs() on controller BlogApp.Controllers.BlogController (BlogApp).
2026-06-28 15:07:24.939 +07:00 [INF] Request starting HTTP/1.1 GET http://localhost:5059/api/tags - null null
2026-06-28 15:07:24.939 +07:00 [INF] Route matched with {action = "CheckValidToken", controller = "Authen"}. Executing controller action with signature Microsoft.AspNetCore.Mvc.ActionResult`1[BlogApp.DTOs.ResponseBaseDTO] CheckValidToken() on controller BlogApp.Controllers.AuthenController (BlogApp).
2026-06-28 15:07:24.940 +07:00 [INF] CORS policy execution successful.
2026-06-28 15:07:24.939 +07:00 [INF] Request finished HTTP/1.1 GET http://localhost:5059/api/tags - 200 null application/json; charset=utf-8 5.3293ms
2026-06-28 15:07:24.940 +07:00 [INF] Executing endpoint 'BlogApp.Controllers.TagController.GetAllTags (BlogApp)'
2026-06-28 15:07:24.940 +07:00 [INF] Executing OkObjectResult, writing value of type 'BlogApp.DTOs.ResponseBaseDTO'.
2026-06-28 15:07:24.940 +07:00 [INF] Route matched with {action = "GetAllTags", controller = "Tag"}. Executing controller action with signature Microsoft.AspNetCore.Mvc.ActionResult`1[BlogApp.DTOs.TagListRespDTO] GetAllTags() on controller BlogApp.Controllers.TagController (BlogApp).
2026-06-28 15:07:24.940 +07:00 [INF] Executed action BlogApp.Controllers.AuthenController.CheckValidToken (BlogApp) in 0.319ms
2026-06-28 15:07:24.940 +07:00 [INF] Executed endpoint 'BlogApp.Controllers.AuthenController.CheckValidToken (BlogApp)'
2026-06-28 15:07:24.940 +07:00 [INF] HTTP GET /api/authen/check-valid-token responded 200 in 0.9848 ms
2026-06-28 15:07:24.940 +07:00 [INF] Request finished HTTP/1.1 GET http://localhost:5059/api/authen/check-valid-token - 200 null application/json; charset=utf-8 1.5713ms
2026-06-28 15:07:24.941 +07:00 [INF] Executed DbCommand (1ms) [Parameters=[], CommandType='"Text"', CommandTimeout='30']
SELECT b."Id", b."AmountOfAccesses", b."AuthorId", b."Content", b."CoverImage", b."CreatedAt", b."PublishedAt", b."State", b."Tags", b."Title", b."UpdatedAt"
FROM "Blogs" AS b
ORDER BY b."CreatedAt" DESC
2026-06-28 15:07:24.940 +07:00 [INF] Executed DbCommand (1ms) [Parameters=[], CommandType='"Text"', CommandTimeout='30']

            SELECT tag AS Name, COUNT(*) AS blog_count
            FROM "Blogs", UNNEST("Tags") AS tag
            GROUP BY tag
            ORDER BY blog_count DESC
            LIMIT 5
2026-06-28 15:07:24.941 +07:00 [INF] Executed DbCommand (1ms) [Parameters=[], CommandType='"Text"', CommandTimeout='30']
SELECT b."Id", b."AmountOfAccesses", b."AuthorId", b."Content", b."CoverImage", b."CreatedAt", b."PublishedAt", b."State", b."Tags", b."Title", b."UpdatedAt"
FROM "Blogs" AS b
ORDER BY b."CreatedAt" DESC
2026-06-28 15:07:24.941 +07:00 [INF] Executing OkObjectResult, writing value of type 'BlogApp.DTOs.TagListRespDTO'.
2026-06-28 15:07:24.941 +07:00 [INF] Executing OkObjectResult, writing value of type 'BlogApp.DTOs.BlogListRespDTO'.
2026-06-28 15:07:24.941 +07:00 [INF] Executed action BlogApp.Controllers.TagController.GetTop5Tags (BlogApp) in 2.9894ms
2026-06-28 15:07:24.941 +07:00 [INF] Executed action BlogApp.Controllers.BlogController.Get5LatestBlogs (BlogApp) in 1.6642ms
2026-06-28 15:07:24.941 +07:00 [INF] Executing OkObjectResult, writing value of type 'BlogApp.DTOs.BlogListRespDTO'.
2026-06-28 15:07:24.941 +07:00 [INF] Executed endpoint 'BlogApp.Controllers.TagController.GetTop5Tags (BlogApp)'
2026-06-28 15:07:24.941 +07:00 [INF] Executed action BlogApp.Controllers.BlogController.GetTop5Blogs (BlogApp) in 1.6601ms
2026-06-28 15:07:24.941 +07:00 [INF] Executed endpoint 'BlogApp.Controllers.BlogController.Get5LatestBlogs (BlogApp)'
2026-06-28 15:07:24.941 +07:00 [INF] HTTP GET /api/tags/topfive responded 200 in 4.0142 ms
2026-06-28 15:07:24.941 +07:00 [INF] Executed endpoint 'BlogApp.Controllers.BlogController.GetTop5Blogs (BlogApp)'
2026-06-28 15:07:24.941 +07:00 [INF] HTTP GET /api/blog/fivelatest responded 200 in 2.4931 ms
2026-06-28 15:07:24.941 +07:00 [INF] Request finished HTTP/1.1 GET http://localhost:5059/api/tags/topfive - 200 null application/json; charset=utf-8 4.633ms
2026-06-28 15:07:24.941 +07:00 [INF] HTTP GET /api/blog/topfive responded 200 in 2.2966 ms
2026-06-28 15:07:24.942 +07:00 [INF] Request finished HTTP/1.1 GET http://localhost:5059/api/blog/fivelatest - 200 null application/json; charset=utf-8 3.7706ms
2026-06-28 15:07:24.942 +07:00 [INF] Request finished HTTP/1.1 GET http://localhost:5059/api/blog/topfive - 200 null application/json; charset=utf-8 3.4364ms
2026-06-28 15:07:24.942 +07:00 [INF] Request starting HTTP/1.1 GET http://localhost:5059/api/tags/topfive - null null
2026-06-28 15:07:24.942 +07:00 [INF] Request starting HTTP/1.1 GET http://localhost:5059/api/blog/fivelatest - null null
2026-06-28 15:07:24.942 +07:00 [INF] Request starting HTTP/1.1 GET http://localhost:5059/api/blog/topfive - null null
2026-06-28 15:07:24.942 +07:00 [INF] CORS policy execution successful.
2026-06-28 15:07:24.943 +07:00 [INF] CORS policy execution successful.
2026-06-28 15:07:24.943 +07:00 [INF] CORS policy execution successful.
2026-06-28 15:07:24.943 +07:00 [INF] Executing endpoint 'BlogApp.Controllers.BlogController.GetTop5Blogs (BlogApp)'
2026-06-28 15:07:24.943 +07:00 [INF] Executing endpoint 'BlogApp.Controllers.TagController.GetTop5Tags (BlogApp)'
2026-06-28 15:07:24.943 +07:00 [INF] Executing endpoint 'BlogApp.Controllers.BlogController.Get5LatestBlogs (BlogApp)'
2026-06-28 15:07:24.943 +07:00 [INF] Route matched with {action = "GetTop5Blogs", controller = "Blog"}. Executing controller action with signature Microsoft.AspNetCore.Mvc.ActionResult GetTop5Blogs() on controller BlogApp.Controllers.BlogController (BlogApp).
2026-06-28 15:07:24.943 +07:00 [INF] Route matched with {action = "GetTop5Tags", controller = "Tag"}. Executing controller action with signature Microsoft.AspNetCore.Mvc.ActionResult GetTop5Tags() on controller BlogApp.Controllers.TagController (BlogApp).
2026-06-28 15:07:24.943 +07:00 [INF] Route matched with {action = "Get5LatestBlogs", controller = "Blog"}. Executing controller action with signature Microsoft.AspNetCore.Mvc.ActionResult Get5LatestBlogs() on controller BlogApp.Controllers.BlogController (BlogApp).
2026-06-28 15:07:24.944 +07:00 [INF] Executed DbCommand (1ms) [Parameters=[], CommandType='"Text"', CommandTimeout='30']
SELECT b."Id", b."AmountOfAccesses", b."AuthorId", b."Content", b."CoverImage", b."CreatedAt", b."PublishedAt", b."State", b."Tags", b."Title", b."UpdatedAt"
FROM "Blogs" AS b
ORDER BY b."CreatedAt" DESC
2026-06-28 15:07:24.944 +07:00 [INF] Executed DbCommand (1ms) [Parameters=[], CommandType='"Text"', CommandTimeout='30']

            SELECT tag AS Name, COUNT(*) AS blog_count
            FROM "Blogs", UNNEST("Tags") AS tag
            GROUP BY tag
            ORDER BY blog_count DESC
            LIMIT 5
2026-06-28 15:07:24.944 +07:00 [INF] Executed DbCommand (1ms) [Parameters=[], CommandType='"Text"', CommandTimeout='30']
SELECT b."Id", b."AmountOfAccesses", b."AuthorId", b."Content", b."CoverImage", b."CreatedAt", b."PublishedAt", b."State", b."Tags", b."Title", b."UpdatedAt"
FROM "Blogs" AS b
ORDER BY b."CreatedAt" DESC
2026-06-28 15:07:24.944 +07:00 [INF] Executing OkObjectResult, writing value of type 'BlogApp.DTOs.TagListRespDTO'.
2026-06-28 15:07:24.944 +07:00 [INF] Executing OkObjectResult, writing value of type 'BlogApp.DTOs.BlogListRespDTO'.
2026-06-28 15:07:24.944 +07:00 [INF] Executed action BlogApp.Controllers.TagController.GetTop5Tags (BlogApp) in 1.2841ms
2026-06-28 15:07:24.944 +07:00 [INF] Executed action BlogApp.Controllers.BlogController.GetTop5Blogs (BlogApp) in 1.3991ms
2026-06-28 15:07:24.944 +07:00 [INF] Executing OkObjectResult, writing value of type 'BlogApp.DTOs.BlogListRespDTO'.
2026-06-28 15:07:24.944 +07:00 [INF] Executed endpoint 'BlogApp.Controllers.TagController.GetTop5Tags (BlogApp)'
2026-06-28 15:07:24.944 +07:00 [INF] Executed endpoint 'BlogApp.Controllers.BlogController.GetTop5Blogs (BlogApp)'
2026-06-28 15:07:24.944 +07:00 [INF] Executed DbCommand (1ms) [Parameters=[], CommandType='"Text"', CommandTimeout='30']
SELECT t."Name", t."CreatedAt", t."Description", t."UpdatedAt"
FROM "Tags" AS t
ORDER BY t."Name" DESC
2026-06-28 15:07:24.944 +07:00 [INF] Executed action BlogApp.Controllers.BlogController.Get5LatestBlogs (BlogApp) in 1.4296ms
2026-06-28 15:07:24.945 +07:00 [INF] HTTP GET /api/tags/topfive responded 200 in 1.9257 ms
2026-06-28 15:07:24.945 +07:00 [INF] HTTP GET /api/blog/topfive responded 200 in 1.9260 ms
2026-06-28 15:07:24.945 +07:00 [INF] Executed endpoint 'BlogApp.Controllers.BlogController.Get5LatestBlogs (BlogApp)'
2026-06-28 15:07:24.945 +07:00 [INF] Executing OkObjectResult, writing value of type 'BlogApp.DTOs.TagListRespDTO'.
2026-06-28 15:07:24.945 +07:00 [INF] Request finished HTTP/1.1 GET http://localhost:5059/api/tags/topfive - 200 null application/json; charset=utf-8 2.5446ms
2026-06-28 15:07:24.945 +07:00 [INF] Request finished HTTP/1.1 GET http://localhost:5059/api/blog/topfive - 200 null application/json; charset=utf-8 2.5926ms
2026-06-28 15:07:24.945 +07:00 [INF] HTTP GET /api/blog/fivelatest responded 200 in 2.3235 ms
2026-06-28 15:07:24.945 +07:00 [INF] Executed action BlogApp.Controllers.TagController.GetAllTags (BlogApp) in 4.9934ms
2026-06-28 15:07:24.945 +07:00 [INF] Request finished HTTP/1.1 GET http://localhost:5059/api/blog/fivelatest - 200 null application/json; charset=utf-8 3.0685ms
2026-06-28 15:07:24.945 +07:00 [INF] Executed endpoint 'BlogApp.Controllers.TagController.GetAllTags (BlogApp)'
2026-06-28 15:07:24.946 +07:00 [INF] HTTP GET /api/tags responded 200 in 5.8008 ms
2026-06-28 15:07:24.946 +07:00 [INF] Request finished HTTP/1.1 GET http://localhost:5059/api/tags - 200 null application/json; charset=utf-8 6.2492ms
2026-06-28 15:07:25.876 +07:00 [INF] Request starting HTTP/1.1 OPTIONS http://localhost:5059/api/blog/search - null null
2026-06-28 15:07:25.877 +07:00 [INF] Request starting HTTP/1.1 OPTIONS http://localhost:5059/api/blog/search - null null
2026-06-28 15:07:25.877 +07:00 [INF] CORS policy execution successful.
2026-06-28 15:07:25.877 +07:00 [INF] CORS policy execution successful.
2026-06-28 15:07:25.877 +07:00 [INF] Request finished HTTP/1.1 OPTIONS http://localhost:5059/api/blog/search - 204 null null 0.4953ms
2026-06-28 15:07:25.877 +07:00 [INF] Request finished HTTP/1.1 OPTIONS http://localhost:5059/api/blog/search - 204 null null 0.3056ms
2026-06-28 15:07:25.878 +07:00 [INF] Request starting HTTP/1.1 POST http://localhost:5059/api/blog/search - multipart/form-data; boundary=----WebKitFormBoundaryz6OxeX3G3BQPIvJr 426
2026-06-28 15:07:25.878 +07:00 [INF] Request starting HTTP/1.1 POST http://localhost:5059/api/blog/search - multipart/form-data; boundary=----WebKitFormBoundaryuGGhlrDwThDoWhL8 426
2026-06-28 15:07:25.878 +07:00 [INF] CORS policy execution successful.
2026-06-28 15:07:25.878 +07:00 [INF] CORS policy execution successful.
2026-06-28 15:07:25.878 +07:00 [INF] Executing endpoint 'BlogApp.Controllers.BlogController.SearchBlogs (BlogApp)'
2026-06-28 15:07:25.878 +07:00 [INF] Executing endpoint 'BlogApp.Controllers.BlogController.SearchBlogs (BlogApp)'
2026-06-28 15:07:25.878 +07:00 [INF] Route matched with {action = "SearchBlogs", controller = "Blog"}. Executing controller action with signature Microsoft.AspNetCore.Mvc.ActionResult SearchBlogs(BlogApp.DTOs.SearchBlogReqDTO) on controller BlogApp.Controllers.BlogController (BlogApp).
2026-06-28 15:07:25.878 +07:00 [INF] Route matched with {action = "SearchBlogs", controller = "Blog"}. Executing controller action with signature Microsoft.AspNetCore.Mvc.ActionResult SearchBlogs(BlogApp.DTOs.SearchBlogReqDTO) on controller BlogApp.Controllers.BlogController (BlogApp).
2026-06-28 15:07:25.879 +07:00 [INF] Executing BadRequestObjectResult, writing value of type 'Microsoft.AspNetCore.Mvc.ValidationProblemDetails'.
2026-06-28 15:07:25.879 +07:00 [INF] Executing BadRequestObjectResult, writing value of type 'Microsoft.AspNetCore.Mvc.ValidationProblemDetails'.
2026-06-28 15:07:25.879 +07:00 [INF] Executed action BlogApp.Controllers.BlogController.SearchBlogs (BlogApp) in 0.6033ms
2026-06-28 15:07:25.879 +07:00 [INF] Executed action BlogApp.Controllers.BlogController.SearchBlogs (BlogApp) in 0.714ms
2026-06-28 15:07:25.879 +07:00 [INF] Executed endpoint 'BlogApp.Controllers.BlogController.SearchBlogs (BlogApp)'
2026-06-28 15:07:25.879 +07:00 [INF] Executed endpoint 'BlogApp.Controllers.BlogController.SearchBlogs (BlogApp)'
2026-06-28 15:07:25.879 +07:00 [INF] HTTP POST /api/blog/search responded 400 in 1.1582 ms
2026-06-28 15:07:25.879 +07:00 [INF] HTTP POST /api/blog/search responded 400 in 1.2019 ms
2026-06-28 15:07:25.879 +07:00 [INF] Request finished HTTP/1.1 POST http://localhost:5059/api/blog/search - 400 null application/problem+json; charset=utf-8 1.584ms
2026-06-28 15:07:25.879 +07:00 [INF] Request finished HTTP/1.1 POST http://localhost:5059/api/blog/search - 400 null application/problem+json; charset=utf-8 1.6328ms
2026-06-28 15:07:49.410 +07:00 [INF] Request starting HTTP/1.1 POST http://localhost:5059/api/blog/search - application/json 198
2026-06-28 15:07:49.411 +07:00 [INF] Executing endpoint 'BlogApp.Controllers.BlogController.SearchBlogs (BlogApp)'
2026-06-28 15:07:49.411 +07:00 [INF] Route matched with {action = "SearchBlogs", controller = "Blog"}. Executing controller action with signature Microsoft.AspNetCore.Mvc.ActionResult SearchBlogs(BlogApp.DTOs.SearchBlogReqDTO) on controller BlogApp.Controllers.BlogController (BlogApp).
2026-06-28 15:07:49.411 +07:00 [INF] Executing BadRequestObjectResult, writing value of type 'Microsoft.AspNetCore.Mvc.ValidationProblemDetails'.
2026-06-28 15:07:49.412 +07:00 [INF] Executed action BlogApp.Controllers.BlogController.SearchBlogs (BlogApp) in 0.3708ms
2026-06-28 15:07:49.412 +07:00 [INF] Executed endpoint 'BlogApp.Controllers.BlogController.SearchBlogs (BlogApp)'
2026-06-28 15:07:49.412 +07:00 [INF] HTTP POST /api/blog/search responded 400 in 0.9991 ms
2026-06-28 15:07:49.412 +07:00 [INF] Request finished HTTP/1.1 POST http://localhost:5059/api/blog/search - 400 null application/problem+json; charset=utf-8 1.3319ms
2026-06-28 15:08:41.919 +07:00 [INF] Request starting HTTP/1.1 POST http://localhost:5059/api/blog/search - application/json 82
2026-06-28 15:08:41.919 +07:00 [INF] Executing endpoint 'BlogApp.Controllers.BlogController.SearchBlogs (BlogApp)'
2026-06-28 15:08:41.919 +07:00 [INF] Route matched with {action = "SearchBlogs", controller = "Blog"}. Executing controller action with signature Microsoft.AspNetCore.Mvc.ActionResult SearchBlogs(BlogApp.DTOs.SearchBlogReqDTO) on controller BlogApp.Controllers.BlogController (BlogApp).
2026-06-28 15:08:41.920 +07:00 [INF] Executing BadRequestObjectResult, writing value of type 'Microsoft.AspNetCore.Mvc.ValidationProblemDetails'.
2026-06-28 15:08:41.920 +07:00 [INF] Executed action BlogApp.Controllers.BlogController.SearchBlogs (BlogApp) in 0.4714ms
2026-06-28 15:08:41.920 +07:00 [INF] Executed endpoint 'BlogApp.Controllers.BlogController.SearchBlogs (BlogApp)'
2026-06-28 15:08:41.920 +07:00 [INF] HTTP POST /api/blog/search responded 400 in 0.8033 ms
2026-06-28 15:08:41.920 +07:00 [INF] Request finished HTTP/1.1 POST http://localhost:5059/api/blog/search - 400 null application/problem+json; charset=utf-8 1.0466ms
2026-06-28 15:08:49.790 +07:00 [INF] Request starting HTTP/1.1 POST http://localhost:5059/api/blog/search - application/json 82
2026-06-28 15:08:49.790 +07:00 [INF] Executing endpoint 'BlogApp.Controllers.BlogController.SearchBlogs (BlogApp)'
2026-06-28 15:08:49.791 +07:00 [INF] Route matched with {action = "SearchBlogs", controller = "Blog"}. Executing controller action with signature Microsoft.AspNetCore.Mvc.ActionResult SearchBlogs(BlogApp.DTOs.SearchBlogReqDTO) on controller BlogApp.Controllers.BlogController (BlogApp).
2026-06-28 15:08:49.791 +07:00 [INF] Executing BadRequestObjectResult, writing value of type 'Microsoft.AspNetCore.Mvc.ValidationProblemDetails'.
2026-06-28 15:08:49.791 +07:00 [INF] Executed action BlogApp.Controllers.BlogController.SearchBlogs (BlogApp) in 0.405ms
2026-06-28 15:08:49.791 +07:00 [INF] Executed endpoint 'BlogApp.Controllers.BlogController.SearchBlogs (BlogApp)'
2026-06-28 15:08:49.791 +07:00 [INF] HTTP POST /api/blog/search responded 400 in 0.7592 ms
2026-06-28 15:08:49.791 +07:00 [INF] Request finished HTTP/1.1 POST http://localhost:5059/api/blog/search - 400 null application/problem+json; charset=utf-8 1.0452ms
2026-06-28 15:08:55.378 +07:00 [INF] Request starting HTTP/1.1 POST http://localhost:5059/api/blog/search - application/json 82
2026-06-28 15:08:55.379 +07:00 [INF] Executing endpoint 'BlogApp.Controllers.BlogController.SearchBlogs (BlogApp)'
2026-06-28 15:08:55.379 +07:00 [INF] Route matched with {action = "SearchBlogs", controller = "Blog"}. Executing controller action with signature Microsoft.AspNetCore.Mvc.ActionResult SearchBlogs(BlogApp.DTOs.SearchBlogReqDTO) on controller BlogApp.Controllers.BlogController (BlogApp).
2026-06-28 15:08:55.379 +07:00 [INF] Executing BadRequestObjectResult, writing value of type 'Microsoft.AspNetCore.Mvc.ValidationProblemDetails'.
2026-06-28 15:08:55.379 +07:00 [INF] Executed action BlogApp.Controllers.BlogController.SearchBlogs (BlogApp) in 0.5637ms
2026-06-28 15:08:55.379 +07:00 [INF] Executed endpoint 'BlogApp.Controllers.BlogController.SearchBlogs (BlogApp)'
2026-06-28 15:08:55.380 +07:00 [INF] HTTP POST /api/blog/search responded 400 in 0.8565 ms
2026-06-28 15:08:55.380 +07:00 [INF] Request finished HTTP/1.1 POST http://localhost:5059/api/blog/search - 400 null application/problem+json; charset=utf-8 1.1396ms
2026-06-28 15:09:11.408 +07:00 [INF] Request starting HTTP/1.1 POST http://localhost:5059/api/blog/search - multipart/form-data; boundary=--------------------------472125074544861070075192 166
2026-06-28 15:09:11.408 +07:00 [INF] Executing endpoint 'BlogApp.Controllers.BlogController.SearchBlogs (BlogApp)'
2026-06-28 15:09:11.408 +07:00 [INF] Route matched with {action = "SearchBlogs", controller = "Blog"}. Executing controller action with signature Microsoft.AspNetCore.Mvc.ActionResult SearchBlogs(BlogApp.DTOs.SearchBlogReqDTO) on controller BlogApp.Controllers.BlogController (BlogApp).
2026-06-28 15:09:11.409 +07:00 [INF] Executing BadRequestObjectResult, writing value of type 'Microsoft.AspNetCore.Mvc.ValidationProblemDetails'.
2026-06-28 15:09:11.409 +07:00 [INF] Executed action BlogApp.Controllers.BlogController.SearchBlogs (BlogApp) in 0.7452ms
2026-06-28 15:09:11.409 +07:00 [INF] Executed endpoint 'BlogApp.Controllers.BlogController.SearchBlogs (BlogApp)'
2026-06-28 15:09:11.409 +07:00 [INF] HTTP POST /api/blog/search responded 400 in 1.1015 ms
2026-06-28 15:09:11.410 +07:00 [INF] Request finished HTTP/1.1 POST http://localhost:5059/api/blog/search - 400 null application/problem+json; charset=utf-8 1.3898ms
2026-06-28 15:09:16.362 +07:00 [INF] Request starting HTTP/1.1 POST http://localhost:5059/api/blog/search - multipart/form-data; boundary=--------------------------659081400270962898862062 269
2026-06-28 15:09:16.362 +07:00 [INF] Executing endpoint 'BlogApp.Controllers.BlogController.SearchBlogs (BlogApp)'
2026-06-28 15:09:16.362 +07:00 [INF] Route matched with {action = "SearchBlogs", controller = "Blog"}. Executing controller action with signature Microsoft.AspNetCore.Mvc.ActionResult SearchBlogs(BlogApp.DTOs.SearchBlogReqDTO) on controller BlogApp.Controllers.BlogController (BlogApp).
2026-06-28 15:09:16.363 +07:00 [INF] Executing BadRequestObjectResult, writing value of type 'Microsoft.AspNetCore.Mvc.ValidationProblemDetails'.
2026-06-28 15:09:16.363 +07:00 [INF] Executed action BlogApp.Controllers.BlogController.SearchBlogs (BlogApp) in 0.7191ms
2026-06-28 15:09:16.363 +07:00 [INF] Executed endpoint 'BlogApp.Controllers.BlogController.SearchBlogs (BlogApp)'
2026-06-28 15:09:16.363 +07:00 [INF] HTTP POST /api/blog/search responded 400 in 1.0057 ms
2026-06-28 15:09:16.363 +07:00 [INF] Request finished HTTP/1.1 POST http://localhost:5059/api/blog/search - 400 null application/problem+json; charset=utf-8 1.2797ms
2026-06-28 15:09:25.263 +07:00 [INF] Request starting HTTP/1.1 POST http://localhost:5059/api/blog/search - multipart/form-data; boundary=--------------------------484177407340960176882629 269
2026-06-28 15:09:25.264 +07:00 [INF] Executing endpoint 'BlogApp.Controllers.BlogController.SearchBlogs (BlogApp)'
2026-06-28 15:09:25.264 +07:00 [INF] Route matched with {action = "SearchBlogs", controller = "Blog"}. Executing controller action with signature Microsoft.AspNetCore.Mvc.ActionResult SearchBlogs(BlogApp.DTOs.SearchBlogReqDTO) on controller BlogApp.Controllers.BlogController (BlogApp).
2026-06-28 15:09:25.264 +07:00 [INF] Executing BadRequestObjectResult, writing value of type 'Microsoft.AspNetCore.Mvc.ValidationProblemDetails'.
2026-06-28 15:09:25.264 +07:00 [INF] Executed action BlogApp.Controllers.BlogController.SearchBlogs (BlogApp) in 0.555ms
2026-06-28 15:09:25.264 +07:00 [INF] Executed endpoint 'BlogApp.Controllers.BlogController.SearchBlogs (BlogApp)'
2026-06-28 15:09:25.264 +07:00 [INF] HTTP POST /api/blog/search responded 400 in 0.9745 ms
2026-06-28 15:09:25.265 +07:00 [INF] Request finished HTTP/1.1 POST http://localhost:5059/api/blog/search - 400 null application/problem+json; charset=utf-8 1.4213ms
2026-06-28 15:09:30.893 +07:00 [INF] Request starting HTTP/1.1 POST http://localhost:5059/api/blog/search - multipart/form-data; boundary=--------------------------992663441186178859271834 269
2026-06-28 15:09:30.893 +07:00 [INF] Executing endpoint 'BlogApp.Controllers.BlogController.SearchBlogs (BlogApp)'
2026-06-28 15:09:30.893 +07:00 [INF] Route matched with {action = "SearchBlogs", controller = "Blog"}. Executing controller action with signature Microsoft.AspNetCore.Mvc.ActionResult SearchBlogs(BlogApp.DTOs.SearchBlogReqDTO) on controller BlogApp.Controllers.BlogController (BlogApp).
2026-06-28 15:09:30.894 +07:00 [INF] Executing BadRequestObjectResult, writing value of type 'Microsoft.AspNetCore.Mvc.ValidationProblemDetails'.
2026-06-28 15:09:30.894 +07:00 [INF] Executed action BlogApp.Controllers.BlogController.SearchBlogs (BlogApp) in 0.7645ms
2026-06-28 15:09:30.894 +07:00 [INF] Executed endpoint 'BlogApp.Controllers.BlogController.SearchBlogs (BlogApp)'
2026-06-28 15:09:30.894 +07:00 [INF] HTTP POST /api/blog/search responded 400 in 1.1982 ms
2026-06-28 15:09:30.895 +07:00 [INF] Request finished HTTP/1.1 POST http://localhost:5059/api/blog/search - 400 null application/problem+json; charset=utf-8 1.4508ms
2026-06-28 15:09:35.491 +07:00 [INF] Request starting HTTP/1.1 POST http://localhost:5059/api/blog/search - multipart/form-data; boundary=--------------------------229784694872477715622271 272
2026-06-28 15:09:35.491 +07:00 [INF] Executing endpoint 'BlogApp.Controllers.BlogController.SearchBlogs (BlogApp)'
2026-06-28 15:09:35.491 +07:00 [INF] Route matched with {action = "SearchBlogs", controller = "Blog"}. Executing controller action with signature Microsoft.AspNetCore.Mvc.ActionResult SearchBlogs(BlogApp.DTOs.SearchBlogReqDTO) on controller BlogApp.Controllers.BlogController (BlogApp).
2026-06-28 15:09:35.493 +07:00 [INF] Executed DbCommand (1ms) [Parameters=[@req_SearchTitle_contains='?', @req_Tags='?' (DbType = Object)], CommandType='"Text"', CommandTimeout='30']
SELECT count(*)::int
FROM "Blogs" AS b
WHERE b."Title" LIKE @req_SearchTitle_contains AND @req_Tags && b."Tags"
2026-06-28 15:09:35.501 +07:00 [ERR] Failed executing DbCommand (6ms) [Parameters=[@req_SearchTitle_contains='?', @req_Tags='?' (DbType = Object), @p3='?' (DbType = Int32), @p='?' (DbType = Int32)], CommandType='"Text"', CommandTimeout='30']
SELECT b0."Id", b0."AmountOfAccesses", b0."AuthorId", b0."Content", b0."CoverImage", b0."CreatedAt", b0."PublishedAt", b0."State", b0."Tags", b0."Title", b0."UpdatedAt", a."Username", a."Address", a."Avatar", a."CreatedAt", a."Description", a."Email", a."FullName", a."Functions", a."OtherContact", a."Password", a."Phone", a."Role", a."State", a."UpdatedAt"
FROM (
    SELECT b."Id", b."AmountOfAccesses", b."AuthorId", b."Content", b."CoverImage", b."CreatedAt", b."PublishedAt", b."State", b."Tags", b."Title", b."UpdatedAt"
    FROM "Blogs" AS b
    WHERE b."Title" LIKE @req_SearchTitle_contains AND @req_Tags && b."Tags"
    ORDER BY b."PublishedAt" DESC
    LIMIT @p3 OFFSET @p
) AS b0
INNER JOIN "Accounts" AS a ON b0."AuthorId" = a."Username"
ORDER BY b0."PublishedAt" DESC
2026-06-28 15:09:35.512 +07:00 [ERR] An exception occurred while iterating over the results of a query for context type 'BlogApp.Dbs.BlogAppContext'.
Npgsql.PostgresException (0x80004005): 2201X: OFFSET must not be negative
   at Npgsql.Internal.NpgsqlConnector.ReadMessageLong(Boolean async, DataRowLoadingMode dataRowLoadingMode, Boolean readingNotifications, Boolean isReadingPrependedMessage)
   at System.Runtime.CompilerServices.PoolingAsyncValueTaskMethodBuilder`1.StateMachineBox`1.System.Threading.Tasks.Sources.IValueTaskSource<TResult>.GetResult(Int16 token)
   at Npgsql.NpgsqlDataReader.NextResult(Boolean async, Boolean isConsuming, CancellationToken cancellationToken)
   at Npgsql.NpgsqlDataReader.NextResult(Boolean async, Boolean isConsuming, CancellationToken cancellationToken)
   at Npgsql.NpgsqlCommand.ExecuteReader(Boolean async, CommandBehavior behavior, CancellationToken cancellationToken)
   at Npgsql.NpgsqlCommand.ExecuteReader(Boolean async, CommandBehavior behavior, CancellationToken cancellationToken)
   at Microsoft.EntityFrameworkCore.Storage.RelationalCommand.ExecuteReader(RelationalCommandParameterObject parameterObject)
   at Microsoft.EntityFrameworkCore.Query.Internal.SingleQueryingEnumerable`1.Enumerator.InitializeReader(Enumerator enumerator)
   at Npgsql.EntityFrameworkCore.PostgreSQL.Storage.Internal.NpgsqlExecutionStrategy.Execute[TState,TResult](TState state, Func`3 operation, Func`3 verifySucceeded)
   at Microsoft.EntityFrameworkCore.Query.Internal.SingleQueryingEnumerable`1.Enumerator.MoveNext()
  Exception data:
    Severity: ERROR
    SqlState: 2201X
    MessageText: OFFSET must not be negative
    File: nodeLimit.c
    Line: 372
    Routine: recompute_limits
Npgsql.PostgresException (0x80004005): 2201X: OFFSET must not be negative
   at Npgsql.Internal.NpgsqlConnector.ReadMessageLong(Boolean async, DataRowLoadingMode dataRowLoadingMode, Boolean readingNotifications, Boolean isReadingPrependedMessage)
   at System.Runtime.CompilerServices.PoolingAsyncValueTaskMethodBuilder`1.StateMachineBox`1.System.Threading.Tasks.Sources.IValueTaskSource<TResult>.GetResult(Int16 token)
   at Npgsql.NpgsqlDataReader.NextResult(Boolean async, Boolean isConsuming, CancellationToken cancellationToken)
   at Npgsql.NpgsqlDataReader.NextResult(Boolean async, Boolean isConsuming, CancellationToken cancellationToken)
   at Npgsql.NpgsqlCommand.ExecuteReader(Boolean async, CommandBehavior behavior, CancellationToken cancellationToken)
   at Npgsql.NpgsqlCommand.ExecuteReader(Boolean async, CommandBehavior behavior, CancellationToken cancellationToken)
   at Microsoft.EntityFrameworkCore.Storage.RelationalCommand.ExecuteReader(RelationalCommandParameterObject parameterObject)
   at Microsoft.EntityFrameworkCore.Query.Internal.SingleQueryingEnumerable`1.Enumerator.InitializeReader(Enumerator enumerator)
   at Npgsql.EntityFrameworkCore.PostgreSQL.Storage.Internal.NpgsqlExecutionStrategy.Execute[TState,TResult](TState state, Func`3 operation, Func`3 verifySucceeded)
   at Microsoft.EntityFrameworkCore.Query.Internal.SingleQueryingEnumerable`1.Enumerator.MoveNext()
  Exception data:
    Severity: ERROR
    SqlState: 2201X
    MessageText: OFFSET must not be negative
    File: nodeLimit.c
    Line: 372
    Routine: recompute_limits
2026-06-28 15:09:47.999 +07:00 [INF] Executed action BlogApp.Controllers.BlogController.SearchBlogs (BlogApp) in 12507.712ms
2026-06-28 15:09:47.999 +07:00 [INF] Executed endpoint 'BlogApp.Controllers.BlogController.SearchBlogs (BlogApp)'
2026-06-28 15:09:48.005 +07:00 [ERR] 
Npgsql.PostgresException (0x80004005): 2201X: OFFSET must not be negative
   at Npgsql.Internal.NpgsqlConnector.ReadMessageLong(Boolean async, DataRowLoadingMode dataRowLoadingMode, Boolean readingNotifications, Boolean isReadingPrependedMessage)
   at System.Runtime.CompilerServices.PoolingAsyncValueTaskMethodBuilder`1.StateMachineBox`1.System.Threading.Tasks.Sources.IValueTaskSource<TResult>.GetResult(Int16 token)
   at Npgsql.NpgsqlDataReader.NextResult(Boolean async, Boolean isConsuming, CancellationToken cancellationToken)
   at Npgsql.NpgsqlDataReader.NextResult(Boolean async, Boolean isConsuming, CancellationToken cancellationToken)
   at Npgsql.NpgsqlCommand.ExecuteReader(Boolean async, CommandBehavior behavior, CancellationToken cancellationToken)
   at Npgsql.NpgsqlCommand.ExecuteReader(Boolean async, CommandBehavior behavior, CancellationToken cancellationToken)
   at Microsoft.EntityFrameworkCore.Storage.RelationalCommand.ExecuteReader(RelationalCommandParameterObject parameterObject)
   at Microsoft.EntityFrameworkCore.Query.Internal.SingleQueryingEnumerable`1.Enumerator.InitializeReader(Enumerator enumerator)
   at Npgsql.EntityFrameworkCore.PostgreSQL.Storage.Internal.NpgsqlExecutionStrategy.Execute[TState,TResult](TState state, Func`3 operation, Func`3 verifySucceeded)
   at Microsoft.EntityFrameworkCore.Query.Internal.SingleQueryingEnumerable`1.Enumerator.MoveNext()
   at System.Collections.Generic.List`1..ctor(IEnumerable`1 collection)
   at System.Linq.Enumerable.ToList[TSource](IEnumerable`1 source)
   at BlogApp.Repositories.BlogRepository.SearchBlogs(SearchBlogReqDTO req) in /home/kieudangkimbao2000/WorkSpace/BlogApp/backend/Repositories/BlogRepository.cs:line 97
   at BlogApp.Services.BlogService.SearchBlogs(SearchBlogReqDTO req) in /home/kieudangkimbao2000/WorkSpace/BlogApp/backend/Services/BlogService.cs:line 175
   at BlogApp.Controllers.BlogController.SearchBlogs(SearchBlogReqDTO req) in /home/kieudangkimbao2000/WorkSpace/BlogApp/backend/Controllers/BlogController.cs:line 78
   at lambda_method8(Closure, Object, Object[])
   at Microsoft.AspNetCore.Mvc.Infrastructure.ControllerActionInvoker.InvokeActionMethodAsync()
   at Microsoft.AspNetCore.Mvc.Infrastructure.ControllerActionInvoker.InvokeNextActionFilterAsync()
--- End of stack trace from previous location ---
   at Microsoft.AspNetCore.Mvc.Infrastructure.ControllerActionInvoker.Rethrow(ActionExecutedContextSealed context)
   at Microsoft.AspNetCore.Mvc.Infrastructure.ControllerActionInvoker.InvokeInnerFilterAsync()
--- End of stack trace from previous location ---
   at Microsoft.AspNetCore.Mvc.Infrastructure.ResourceInvoker.<InvokeFilterPipelineAsync>g__Awaited|20_0(ResourceInvoker invoker, Task lastTask, State next, Scope scope, Object state, Boolean isCompleted)
   at Microsoft.AspNetCore.Mvc.Infrastructure.ResourceInvoker.<InvokeAsync>g__Logged|17_1(ResourceInvoker invoker)
   at Microsoft.AspNetCore.Mvc.Infrastructure.ResourceInvoker.<InvokeAsync>g__Logged|17_1(ResourceInvoker invoker)
   at Microsoft.AspNetCore.Routing.EndpointMiddleware.<Invoke>g__AwaitRequestTask|7_0(Endpoint endpoint, Task requestTask, ILogger logger)
   at Microsoft.AspNetCore.Authorization.AuthorizationMiddleware.Invoke(HttpContext context)
   at Microsoft.AspNetCore.Authentication.AuthenticationMiddleware.Invoke(HttpContext context)
   at BlogApp.Middlewares.ExceptionMiddleware.Invoke(HttpContext context) in /home/kieudangkimbao2000/WorkSpace/BlogApp/backend/Middlewares/ExceptionMiddleware.cs:line 9
  Exception data:
    Severity: ERROR
    SqlState: 2201X
    MessageText: OFFSET must not be negative
    File: nodeLimit.c
    Line: 372
    Routine: recompute_limits
2026-06-28 15:09:48.011 +07:00 [ERR] HTTP POST /api/blog/search responded 500 in 12519.7602 ms
2026-06-28 15:09:48.011 +07:00 [INF] Request finished HTTP/1.1 POST http://localhost:5059/api/blog/search - 500 null null 12520.0696ms
2026-06-28 15:09:56.428 +07:00 [INF] Request starting HTTP/1.1 POST http://localhost:5059/api/blog/search - multipart/form-data; boundary=--------------------------850176663332310954689020 272
2026-06-28 15:09:56.428 +07:00 [INF] Executing endpoint 'BlogApp.Controllers.BlogController.SearchBlogs (BlogApp)'
2026-06-28 15:09:56.429 +07:00 [INF] Route matched with {action = "SearchBlogs", controller = "Blog"}. Executing controller action with signature Microsoft.AspNetCore.Mvc.ActionResult SearchBlogs(BlogApp.DTOs.SearchBlogReqDTO) on controller BlogApp.Controllers.BlogController (BlogApp).
2026-06-28 15:09:56.431 +07:00 [INF] Executed DbCommand (1ms) [Parameters=[@req_SearchTitle_contains='?', @req_Tags='?' (DbType = Object)], CommandType='"Text"', CommandTimeout='30']
SELECT count(*)::int
FROM "Blogs" AS b
WHERE b."Title" LIKE @req_SearchTitle_contains AND @req_Tags && b."Tags"
2026-06-28 15:09:56.433 +07:00 [ERR] Failed executing DbCommand (2ms) [Parameters=[@req_SearchTitle_contains='?', @req_Tags='?' (DbType = Object), @p3='?' (DbType = Int32), @p='?' (DbType = Int32)], CommandType='"Text"', CommandTimeout='30']
SELECT b0."Id", b0."AmountOfAccesses", b0."AuthorId", b0."Content", b0."CoverImage", b0."CreatedAt", b0."PublishedAt", b0."State", b0."Tags", b0."Title", b0."UpdatedAt", a."Username", a."Address", a."Avatar", a."CreatedAt", a."Description", a."Email", a."FullName", a."Functions", a."OtherContact", a."Password", a."Phone", a."Role", a."State", a."UpdatedAt"
FROM (
    SELECT b."Id", b."AmountOfAccesses", b."AuthorId", b."Content", b."CoverImage", b."CreatedAt", b."PublishedAt", b."State", b."Tags", b."Title", b."UpdatedAt"
    FROM "Blogs" AS b
    WHERE b."Title" LIKE @req_SearchTitle_contains AND @req_Tags && b."Tags"
    ORDER BY b."PublishedAt" DESC
    LIMIT @p3 OFFSET @p
) AS b0
INNER JOIN "Accounts" AS a ON b0."AuthorId" = a."Username"
ORDER BY b0."PublishedAt" DESC
2026-06-28 15:09:56.434 +07:00 [ERR] An exception occurred while iterating over the results of a query for context type 'BlogApp.Dbs.BlogAppContext'.
Npgsql.PostgresException (0x80004005): 2201X: OFFSET must not be negative
   at Npgsql.Internal.NpgsqlConnector.ReadMessageLong(Boolean async, DataRowLoadingMode dataRowLoadingMode, Boolean readingNotifications, Boolean isReadingPrependedMessage)
   at System.Runtime.CompilerServices.PoolingAsyncValueTaskMethodBuilder`1.StateMachineBox`1.System.Threading.Tasks.Sources.IValueTaskSource<TResult>.GetResult(Int16 token)
   at Npgsql.NpgsqlDataReader.NextResult(Boolean async, Boolean isConsuming, CancellationToken cancellationToken)
   at Npgsql.NpgsqlDataReader.NextResult(Boolean async, Boolean isConsuming, CancellationToken cancellationToken)
   at Npgsql.NpgsqlCommand.ExecuteReader(Boolean async, CommandBehavior behavior, CancellationToken cancellationToken)
   at Npgsql.NpgsqlCommand.ExecuteReader(Boolean async, CommandBehavior behavior, CancellationToken cancellationToken)
   at Microsoft.EntityFrameworkCore.Storage.RelationalCommand.ExecuteReader(RelationalCommandParameterObject parameterObject)
   at Microsoft.EntityFrameworkCore.Query.Internal.SingleQueryingEnumerable`1.Enumerator.InitializeReader(Enumerator enumerator)
   at Npgsql.EntityFrameworkCore.PostgreSQL.Storage.Internal.NpgsqlExecutionStrategy.Execute[TState,TResult](TState state, Func`3 operation, Func`3 verifySucceeded)
   at Microsoft.EntityFrameworkCore.Query.Internal.SingleQueryingEnumerable`1.Enumerator.MoveNext()
  Exception data:
    Severity: ERROR
    SqlState: 2201X
    MessageText: OFFSET must not be negative
    File: nodeLimit.c
    Line: 372
    Routine: recompute_limits
Npgsql.PostgresException (0x80004005): 2201X: OFFSET must not be negative
   at Npgsql.Internal.NpgsqlConnector.ReadMessageLong(Boolean async, DataRowLoadingMode dataRowLoadingMode, Boolean readingNotifications, Boolean isReadingPrependedMessage)
   at System.Runtime.CompilerServices.PoolingAsyncValueTaskMethodBuilder`1.StateMachineBox`1.System.Threading.Tasks.Sources.IValueTaskSource<TResult>.GetResult(Int16 token)
   at Npgsql.NpgsqlDataReader.NextResult(Boolean async, Boolean isConsuming, CancellationToken cancellationToken)
   at Npgsql.NpgsqlDataReader.NextResult(Boolean async, Boolean isConsuming, CancellationToken cancellationToken)
   at Npgsql.NpgsqlCommand.ExecuteReader(Boolean async, CommandBehavior behavior, CancellationToken cancellationToken)
   at Npgsql.NpgsqlCommand.ExecuteReader(Boolean async, CommandBehavior behavior, CancellationToken cancellationToken)
   at Microsoft.EntityFrameworkCore.Storage.RelationalCommand.ExecuteReader(RelationalCommandParameterObject parameterObject)
   at Microsoft.EntityFrameworkCore.Query.Internal.SingleQueryingEnumerable`1.Enumerator.InitializeReader(Enumerator enumerator)
   at Npgsql.EntityFrameworkCore.PostgreSQL.Storage.Internal.NpgsqlExecutionStrategy.Execute[TState,TResult](TState state, Func`3 operation, Func`3 verifySucceeded)
   at Microsoft.EntityFrameworkCore.Query.Internal.SingleQueryingEnumerable`1.Enumerator.MoveNext()
  Exception data:
    Severity: ERROR
    SqlState: 2201X
    MessageText: OFFSET must not be negative
    File: nodeLimit.c
    Line: 372
    Routine: recompute_limits
2026-06-28 15:10:04.151 +07:00 [INF] Executed action BlogApp.Controllers.BlogController.SearchBlogs (BlogApp) in 7722.1433ms
2026-06-28 15:10:04.151 +07:00 [INF] Executed endpoint 'BlogApp.Controllers.BlogController.SearchBlogs (BlogApp)'
2026-06-28 15:10:04.159 +07:00 [ERR] 
Npgsql.PostgresException (0x80004005): 2201X: OFFSET must not be negative
   at Npgsql.Internal.NpgsqlConnector.ReadMessageLong(Boolean async, DataRowLoadingMode dataRowLoadingMode, Boolean readingNotifications, Boolean isReadingPrependedMessage)
   at System.Runtime.CompilerServices.PoolingAsyncValueTaskMethodBuilder`1.StateMachineBox`1.System.Threading.Tasks.Sources.IValueTaskSource<TResult>.GetResult(Int16 token)
   at Npgsql.NpgsqlDataReader.NextResult(Boolean async, Boolean isConsuming, CancellationToken cancellationToken)
   at Npgsql.NpgsqlDataReader.NextResult(Boolean async, Boolean isConsuming, CancellationToken cancellationToken)
   at Npgsql.NpgsqlCommand.ExecuteReader(Boolean async, CommandBehavior behavior, CancellationToken cancellationToken)
   at Npgsql.NpgsqlCommand.ExecuteReader(Boolean async, CommandBehavior behavior, CancellationToken cancellationToken)
   at Microsoft.EntityFrameworkCore.Storage.RelationalCommand.ExecuteReader(RelationalCommandParameterObject parameterObject)
   at Microsoft.EntityFrameworkCore.Query.Internal.SingleQueryingEnumerable`1.Enumerator.InitializeReader(Enumerator enumerator)
   at Npgsql.EntityFrameworkCore.PostgreSQL.Storage.Internal.NpgsqlExecutionStrategy.Execute[TState,TResult](TState state, Func`3 operation, Func`3 verifySucceeded)
   at Microsoft.EntityFrameworkCore.Query.Internal.SingleQueryingEnumerable`1.Enumerator.MoveNext()
   at System.Collections.Generic.List`1..ctor(IEnumerable`1 collection)
   at System.Linq.Enumerable.ToList[TSource](IEnumerable`1 source)
   at BlogApp.Repositories.BlogRepository.SearchBlogs(SearchBlogReqDTO req) in /home/kieudangkimbao2000/WorkSpace/BlogApp/backend/Repositories/BlogRepository.cs:line 97
   at BlogApp.Services.BlogService.SearchBlogs(SearchBlogReqDTO req) in /home/kieudangkimbao2000/WorkSpace/BlogApp/backend/Services/BlogService.cs:line 175
   at BlogApp.Controllers.BlogController.SearchBlogs(SearchBlogReqDTO req) in /home/kieudangkimbao2000/WorkSpace/BlogApp/backend/Controllers/BlogController.cs:line 78
   at lambda_method8(Closure, Object, Object[])
   at Microsoft.AspNetCore.Mvc.Infrastructure.ControllerActionInvoker.InvokeActionMethodAsync()
   at Microsoft.AspNetCore.Mvc.Infrastructure.ControllerActionInvoker.InvokeNextActionFilterAsync()
--- End of stack trace from previous location ---
   at Microsoft.AspNetCore.Mvc.Infrastructure.ControllerActionInvoker.Rethrow(ActionExecutedContextSealed context)
   at Microsoft.AspNetCore.Mvc.Infrastructure.ControllerActionInvoker.InvokeInnerFilterAsync()
--- End of stack trace from previous location ---
   at Microsoft.AspNetCore.Mvc.Infrastructure.ResourceInvoker.<InvokeFilterPipelineAsync>g__Awaited|20_0(ResourceInvoker invoker, Task lastTask, State next, Scope scope, Object state, Boolean isCompleted)
   at Microsoft.AspNetCore.Mvc.Infrastructure.ResourceInvoker.<InvokeAsync>g__Logged|17_1(ResourceInvoker invoker)
   at Microsoft.AspNetCore.Mvc.Infrastructure.ResourceInvoker.<InvokeAsync>g__Logged|17_1(ResourceInvoker invoker)
   at Microsoft.AspNetCore.Routing.EndpointMiddleware.<Invoke>g__AwaitRequestTask|7_0(Endpoint endpoint, Task requestTask, ILogger logger)
   at Microsoft.AspNetCore.Authorization.AuthorizationMiddleware.Invoke(HttpContext context)
   at Microsoft.AspNetCore.Authentication.AuthenticationMiddleware.Invoke(HttpContext context)
   at BlogApp.Middlewares.ExceptionMiddleware.Invoke(HttpContext context) in /home/kieudangkimbao2000/WorkSpace/BlogApp/backend/Middlewares/ExceptionMiddleware.cs:line 9
  Exception data:
    Severity: ERROR
    SqlState: 2201X
    MessageText: OFFSET must not be negative
    File: nodeLimit.c
    Line: 372
    Routine: recompute_limits
2026-06-28 15:10:04.161 +07:00 [ERR] HTTP POST /api/blog/search responded 500 in 7733.3379 ms
2026-06-28 15:10:04.162 +07:00 [INF] Request finished HTTP/1.1 POST http://localhost:5059/api/blog/search - 500 null null 7733.6468ms
2026-06-28 15:10:11.855 +07:00 [INF] Request starting HTTP/1.1 POST http://localhost:5059/api/blog/search - multipart/form-data; boundary=--------------------------155941424399125912324087 379
2026-06-28 15:10:11.856 +07:00 [INF] Executing endpoint 'BlogApp.Controllers.BlogController.SearchBlogs (BlogApp)'
2026-06-28 15:10:11.856 +07:00 [INF] Route matched with {action = "SearchBlogs", controller = "Blog"}. Executing controller action with signature Microsoft.AspNetCore.Mvc.ActionResult SearchBlogs(BlogApp.DTOs.SearchBlogReqDTO) on controller BlogApp.Controllers.BlogController (BlogApp).
2026-06-28 15:10:11.858 +07:00 [INF] Executed DbCommand (1ms) [Parameters=[@req_SearchTitle_contains='?', @req_Tags='?' (DbType = Object)], CommandType='"Text"', CommandTimeout='30']
SELECT count(*)::int
FROM "Blogs" AS b
WHERE b."Title" LIKE @req_SearchTitle_contains AND @req_Tags && b."Tags"
2026-06-28 15:10:11.859 +07:00 [INF] Executed DbCommand (1ms) [Parameters=[@req_SearchTitle_contains='?', @req_Tags='?' (DbType = Object), @p3='?' (DbType = Int32), @p='?' (DbType = Int32)], CommandType='"Text"', CommandTimeout='30']
SELECT b0."Id", b0."AmountOfAccesses", b0."AuthorId", b0."Content", b0."CoverImage", b0."CreatedAt", b0."PublishedAt", b0."State", b0."Tags", b0."Title", b0."UpdatedAt", a."Username", a."Address", a."Avatar", a."CreatedAt", a."Description", a."Email", a."FullName", a."Functions", a."OtherContact", a."Password", a."Phone", a."Role", a."State", a."UpdatedAt"
FROM (
    SELECT b."Id", b."AmountOfAccesses", b."AuthorId", b."Content", b."CoverImage", b."CreatedAt", b."PublishedAt", b."State", b."Tags", b."Title", b."UpdatedAt"
    FROM "Blogs" AS b
    WHERE b."Title" LIKE @req_SearchTitle_contains AND @req_Tags && b."Tags"
    ORDER BY b."PublishedAt" DESC
    LIMIT @p3 OFFSET @p
) AS b0
INNER JOIN "Accounts" AS a ON b0."AuthorId" = a."Username"
ORDER BY b0."PublishedAt" DESC
2026-06-28 15:10:11.860 +07:00 [INF] Executing OkObjectResult, writing value of type 'BlogApp.DTOs.BlogPageRespDTO'.
2026-06-28 15:10:11.860 +07:00 [INF] Executed action BlogApp.Controllers.BlogController.SearchBlogs (BlogApp) in 3.6285ms
2026-06-28 15:10:11.860 +07:00 [INF] Executed endpoint 'BlogApp.Controllers.BlogController.SearchBlogs (BlogApp)'
2026-06-28 15:10:11.860 +07:00 [INF] HTTP POST /api/blog/search responded 200 in 4.0685 ms
2026-06-28 15:10:11.860 +07:00 [INF] Request finished HTTP/1.1 POST http://localhost:5059/api/blog/search - 200 null application/json; charset=utf-8 4.3526ms
2026-06-28 15:10:21.290 +07:00 [INF] Request starting HTTP/1.1 POST http://localhost:5059/api/blog/search - multipart/form-data; boundary=--------------------------659746362065800956559239 489
2026-06-28 15:10:21.291 +07:00 [INF] Executing endpoint 'BlogApp.Controllers.BlogController.SearchBlogs (BlogApp)'
2026-06-28 15:10:21.291 +07:00 [INF] Route matched with {action = "SearchBlogs", controller = "Blog"}. Executing controller action with signature Microsoft.AspNetCore.Mvc.ActionResult SearchBlogs(BlogApp.DTOs.SearchBlogReqDTO) on controller BlogApp.Controllers.BlogController (BlogApp).
2026-06-28 15:10:21.293 +07:00 [INF] Executed DbCommand (1ms) [Parameters=[@req_SearchTitle_contains='?', @req_Tags='?' (DbType = Object)], CommandType='"Text"', CommandTimeout='30']
SELECT count(*)::int
FROM "Blogs" AS b
WHERE b."Title" LIKE @req_SearchTitle_contains AND @req_Tags && b."Tags"
2026-06-28 15:10:21.295 +07:00 [INF] Executed DbCommand (1ms) [Parameters=[@req_SearchTitle_contains='?', @req_Tags='?' (DbType = Object), @p3='?' (DbType = Int32), @p='?' (DbType = Int32)], CommandType='"Text"', CommandTimeout='30']
SELECT b0."Id", b0."AmountOfAccesses", b0."AuthorId", b0."Content", b0."CoverImage", b0."CreatedAt", b0."PublishedAt", b0."State", b0."Tags", b0."Title", b0."UpdatedAt", a."Username", a."Address", a."Avatar", a."CreatedAt", a."Description", a."Email", a."FullName", a."Functions", a."OtherContact", a."Password", a."Phone", a."Role", a."State", a."UpdatedAt"
FROM (
    SELECT b."Id", b."AmountOfAccesses", b."AuthorId", b."Content", b."CoverImage", b."CreatedAt", b."PublishedAt", b."State", b."Tags", b."Title", b."UpdatedAt"
    FROM "Blogs" AS b
    WHERE b."Title" LIKE @req_SearchTitle_contains AND @req_Tags && b."Tags"
    ORDER BY b."PublishedAt" DESC
    LIMIT @p3 OFFSET @p
) AS b0
INNER JOIN "Accounts" AS a ON b0."AuthorId" = a."Username"
ORDER BY b0."PublishedAt" DESC
2026-06-28 15:10:21.295 +07:00 [INF] Executing OkObjectResult, writing value of type 'BlogApp.DTOs.BlogPageRespDTO'.
2026-06-28 15:10:21.295 +07:00 [INF] Executed action BlogApp.Controllers.BlogController.SearchBlogs (BlogApp) in 4.1263ms
2026-06-28 15:10:21.295 +07:00 [INF] Executed endpoint 'BlogApp.Controllers.BlogController.SearchBlogs (BlogApp)'
2026-06-28 15:10:21.295 +07:00 [INF] HTTP POST /api/blog/search responded 200 in 4.5570 ms
2026-06-28 15:10:21.295 +07:00 [INF] Request finished HTTP/1.1 POST http://localhost:5059/api/blog/search - 200 null application/json; charset=utf-8 4.8837ms
2026-06-28 15:11:06.782 +07:00 [INF] Request starting HTTP/1.1 POST http://localhost:5059/api/blog/search - multipart/form-data; boundary=--------------------------653409767459667600781010 489
2026-06-28 15:11:06.782 +07:00 [INF] Executing endpoint 'BlogApp.Controllers.BlogController.SearchBlogs (BlogApp)'
2026-06-28 15:11:06.782 +07:00 [INF] Route matched with {action = "SearchBlogs", controller = "Blog"}. Executing controller action with signature Microsoft.AspNetCore.Mvc.ActionResult SearchBlogs(BlogApp.DTOs.SearchBlogReqDTO) on controller BlogApp.Controllers.BlogController (BlogApp).
2026-06-28 15:11:06.787 +07:00 [INF] Executed DbCommand (1ms) [Parameters=[@req_SearchTitle_contains='?', @req_Tags='?' (DbType = Object)], CommandType='"Text"', CommandTimeout='30']
SELECT count(*)::int
FROM "Blogs" AS b
WHERE b."Title" LIKE @req_SearchTitle_contains AND @req_Tags && b."Tags"
2026-06-28 15:11:06.789 +07:00 [INF] Executed DbCommand (1ms) [Parameters=[@req_SearchTitle_contains='?', @req_Tags='?' (DbType = Object), @p3='?' (DbType = Int32), @p='?' (DbType = Int32)], CommandType='"Text"', CommandTimeout='30']
SELECT b0."Id", b0."AmountOfAccesses", b0."AuthorId", b0."Content", b0."CoverImage", b0."CreatedAt", b0."PublishedAt", b0."State", b0."Tags", b0."Title", b0."UpdatedAt", a."Username", a."Address", a."Avatar", a."CreatedAt", a."Description", a."Email", a."FullName", a."Functions", a."OtherContact", a."Password", a."Phone", a."Role", a."State", a."UpdatedAt"
FROM (
    SELECT b."Id", b."AmountOfAccesses", b."AuthorId", b."Content", b."CoverImage", b."CreatedAt", b."PublishedAt", b."State", b."Tags", b."Title", b."UpdatedAt"
    FROM "Blogs" AS b
    WHERE b."Title" LIKE @req_SearchTitle_contains AND @req_Tags && b."Tags"
    ORDER BY b."PublishedAt" DESC
    LIMIT @p3 OFFSET @p
) AS b0
INNER JOIN "Accounts" AS a ON b0."AuthorId" = a."Username"
ORDER BY b0."PublishedAt" DESC
2026-06-28 15:11:22.111 +07:00 [INF] Executing OkObjectResult, writing value of type 'BlogApp.DTOs.BlogPageRespDTO'.
2026-06-28 15:11:23.586 +07:00 [INF] Executed action BlogApp.Controllers.BlogController.SearchBlogs (BlogApp) in 16804.1411ms
2026-06-28 15:11:23.587 +07:00 [INF] Executed endpoint 'BlogApp.Controllers.BlogController.SearchBlogs (BlogApp)'
2026-06-28 15:11:33.338 +07:00 [INF] HTTP POST /api/blog/search responded 200 in 26555.4555 ms
2026-06-28 15:11:33.338 +07:00 [INF] Request finished HTTP/1.1 POST http://localhost:5059/api/blog/search - 200 null application/json; charset=utf-8 26555.8927ms
2026-06-28 15:14:18.187 +07:00 [INF] Request starting HTTP/1.1 OPTIONS http://localhost:5059/api/blog/search - null null
2026-06-28 15:14:18.188 +07:00 [INF] Request starting HTTP/1.1 OPTIONS http://localhost:5059/api/authen/check-valid-token - null null
2026-06-28 15:14:18.188 +07:00 [INF] CORS policy execution successful.
2026-06-28 15:14:18.188 +07:00 [INF] CORS policy execution successful.
2026-06-28 15:14:18.188 +07:00 [INF] Request finished HTTP/1.1 OPTIONS http://localhost:5059/api/blog/search - 204 null null 0.3622ms
2026-06-28 15:14:18.188 +07:00 [INF] Request finished HTTP/1.1 OPTIONS http://localhost:5059/api/authen/check-valid-token - 204 null null 0.2102ms
2026-06-28 15:14:18.189 +07:00 [INF] Request starting HTTP/1.1 POST http://localhost:5059/api/blog/search - multipart/form-data; boundary=----WebKitFormBoundaryL9YCv6Zq0UfVQGHR 426
2026-06-28 15:14:18.189 +07:00 [INF] Request starting HTTP/1.1 OPTIONS http://localhost:5059/api/tags/topfive - null null
2026-06-28 15:14:18.189 +07:00 [INF] CORS policy execution successful.
2026-06-28 15:14:18.189 +07:00 [INF] CORS policy execution successful.
2026-06-28 15:14:18.189 +07:00 [INF] Request starting HTTP/1.1 OPTIONS http://localhost:5059/api/blog/fivelatest - null null
2026-06-28 15:14:18.189 +07:00 [INF] Request finished HTTP/1.1 OPTIONS http://localhost:5059/api/tags/topfive - 204 null null 0.2572ms
2026-06-28 15:14:18.189 +07:00 [INF] Request starting HTTP/1.1 GET http://localhost:5059/api/authen/check-valid-token - null null
2026-06-28 15:14:18.189 +07:00 [INF] Executing endpoint 'BlogApp.Controllers.BlogController.SearchBlogs (BlogApp)'
2026-06-28 15:14:18.190 +07:00 [INF] CORS policy execution successful.
2026-06-28 15:14:18.189 +07:00 [INF] CORS policy execution successful.
2026-06-28 15:14:18.189 +07:00 [INF] Request starting HTTP/1.1 OPTIONS http://localhost:5059/api/blog/topfive - null null
2026-06-28 15:14:18.190 +07:00 [INF] Request starting HTTP/1.1 GET http://localhost:5059/api/tags/topfive - null null
2026-06-28 15:14:18.190 +07:00 [INF] Route matched with {action = "SearchBlogs", controller = "Blog"}. Executing controller action with signature Microsoft.AspNetCore.Mvc.ActionResult SearchBlogs(BlogApp.DTOs.SearchBlogReqDTO) on controller BlogApp.Controllers.BlogController (BlogApp).
2026-06-28 15:14:18.211 +07:00 [INF] Request finished HTTP/1.1 OPTIONS http://localhost:5059/api/blog/fivelatest - 204 null null 21.7549ms
2026-06-28 15:14:18.211 +07:00 [INF] Executing endpoint 'BlogApp.Controllers.AuthenController.CheckValidToken (BlogApp)'
2026-06-28 15:14:18.211 +07:00 [INF] CORS policy execution successful.
2026-06-28 15:14:18.212 +07:00 [INF] Route matched with {action = "CheckValidToken", controller = "Authen"}. Executing controller action with signature Microsoft.AspNetCore.Mvc.ActionResult`1[BlogApp.DTOs.ResponseBaseDTO] CheckValidToken() on controller BlogApp.Controllers.AuthenController (BlogApp).
2026-06-28 15:14:18.211 +07:00 [INF] CORS policy execution successful.
2026-06-28 15:14:18.211 +07:00 [INF] Request starting HTTP/1.1 POST http://localhost:5059/api/blog/search - multipart/form-data; boundary=----WebKitFormBoundaryLb0k7mv0FZQPnZLS 426
2026-06-28 15:14:18.212 +07:00 [INF] Request finished HTTP/1.1 OPTIONS http://localhost:5059/api/blog/topfive - 204 null null 22.3163ms
2026-06-28 15:14:18.212 +07:00 [INF] Executing OkObjectResult, writing value of type 'BlogApp.DTOs.ResponseBaseDTO'.
2026-06-28 15:14:18.212 +07:00 [INF] Executing BadRequestObjectResult, writing value of type 'Microsoft.AspNetCore.Mvc.ValidationProblemDetails'.
2026-06-28 15:14:18.212 +07:00 [INF] Executing endpoint 'BlogApp.Controllers.TagController.GetTop5Tags (BlogApp)'
2026-06-28 15:14:18.212 +07:00 [INF] CORS policy execution successful.
2026-06-28 15:14:18.212 +07:00 [INF] Executed action BlogApp.Controllers.AuthenController.CheckValidToken (BlogApp) in 0.3574ms
2026-06-28 15:14:18.212 +07:00 [INF] Executed action BlogApp.Controllers.BlogController.SearchBlogs (BlogApp) in 1.089ms
2026-06-28 15:14:18.212 +07:00 [INF] Executing endpoint 'BlogApp.Controllers.BlogController.SearchBlogs (BlogApp)'
2026-06-28 15:14:18.212 +07:00 [INF] Executed endpoint 'BlogApp.Controllers.AuthenController.CheckValidToken (BlogApp)'
2026-06-28 15:14:18.212 +07:00 [INF] Route matched with {action = "GetTop5Tags", controller = "Tag"}. Executing controller action with signature Microsoft.AspNetCore.Mvc.ActionResult GetTop5Tags() on controller BlogApp.Controllers.TagController (BlogApp).
2026-06-28 15:14:18.212 +07:00 [INF] Executed endpoint 'BlogApp.Controllers.BlogController.SearchBlogs (BlogApp)'
2026-06-28 15:14:18.212 +07:00 [INF] Route matched with {action = "SearchBlogs", controller = "Blog"}. Executing controller action with signature Microsoft.AspNetCore.Mvc.ActionResult SearchBlogs(BlogApp.DTOs.SearchBlogReqDTO) on controller BlogApp.Controllers.BlogController (BlogApp).
2026-06-28 15:14:18.212 +07:00 [INF] HTTP GET /api/authen/check-valid-token responded 200 in 22.2971 ms
2026-06-28 15:14:18.213 +07:00 [INF] HTTP POST /api/blog/search responded 400 in 23.3702 ms
2026-06-28 15:14:18.213 +07:00 [INF] Request finished HTTP/1.1 GET http://localhost:5059/api/authen/check-valid-token - 200 null application/json; charset=utf-8 23.4069ms
2026-06-28 15:14:18.213 +07:00 [INF] Request finished HTTP/1.1 POST http://localhost:5059/api/blog/search - 400 null application/problem+json; charset=utf-8 23.8707ms
2026-06-28 15:14:18.213 +07:00 [INF] Request starting HTTP/1.1 OPTIONS http://localhost:5059/api/blog/fivelatest - null null
2026-06-28 15:14:18.213 +07:00 [INF] Executing BadRequestObjectResult, writing value of type 'Microsoft.AspNetCore.Mvc.ValidationProblemDetails'.
2026-06-28 15:14:18.213 +07:00 [INF] Request starting HTTP/1.1 OPTIONS http://localhost:5059/api/blog/topfive - null null
2026-06-28 15:14:18.213 +07:00 [INF] CORS policy execution successful.
2026-06-28 15:14:18.213 +07:00 [INF] Executed action BlogApp.Controllers.BlogController.SearchBlogs (BlogApp) in 0.5815ms
2026-06-28 15:14:18.213 +07:00 [INF] Request starting HTTP/1.1 GET http://localhost:5059/api/blog/fivelatest - null null
2026-06-28 15:14:18.213 +07:00 [INF] CORS policy execution successful.
2026-06-28 15:14:18.213 +07:00 [INF] Request finished HTTP/1.1 OPTIONS http://localhost:5059/api/blog/fivelatest - 204 null null 0.527ms
2026-06-28 15:14:18.213 +07:00 [INF] Executed endpoint 'BlogApp.Controllers.BlogController.SearchBlogs (BlogApp)'
2026-06-28 15:14:18.213 +07:00 [INF] CORS policy execution successful.
2026-06-28 15:14:18.213 +07:00 [INF] Request starting HTTP/1.1 GET http://localhost:5059/api/blog/topfive - null null
2026-06-28 15:14:18.214 +07:00 [INF] Request finished HTTP/1.1 OPTIONS http://localhost:5059/api/blog/topfive - 204 null null 0.4929ms
2026-06-28 15:14:18.214 +07:00 [INF] HTTP POST /api/blog/search responded 400 in 1.8315 ms
2026-06-28 15:14:18.214 +07:00 [INF] Request starting HTTP/1.1 GET http://localhost:5059/api/authen/check-valid-token - null null
2026-06-28 15:14:18.214 +07:00 [INF] Executing endpoint 'BlogApp.Controllers.BlogController.Get5LatestBlogs (BlogApp)'
2026-06-28 15:14:18.214 +07:00 [INF] CORS policy execution successful.
2026-06-28 15:14:18.214 +07:00 [INF] Request finished HTTP/1.1 POST http://localhost:5059/api/blog/search - 400 null application/problem+json; charset=utf-8 3.4319ms
2026-06-28 15:14:18.214 +07:00 [INF] CORS policy execution successful.
2026-06-28 15:14:18.215 +07:00 [INF] Route matched with {action = "Get5LatestBlogs", controller = "Blog"}. Executing controller action with signature Microsoft.AspNetCore.Mvc.ActionResult Get5LatestBlogs() on controller BlogApp.Controllers.BlogController (BlogApp).
2026-06-28 15:14:18.215 +07:00 [INF] Executing endpoint 'BlogApp.Controllers.BlogController.GetTop5Blogs (BlogApp)'
2026-06-28 15:14:18.215 +07:00 [INF] Executed DbCommand (2ms) [Parameters=[], CommandType='"Text"', CommandTimeout='30']

            SELECT tag AS Name, COUNT(*) AS blog_count
            FROM "Blogs", UNNEST("Tags") AS tag
            GROUP BY tag
            ORDER BY blog_count DESC
            LIMIT 5
2026-06-28 15:14:18.215 +07:00 [INF] Executing endpoint 'BlogApp.Controllers.AuthenController.CheckValidToken (BlogApp)'
2026-06-28 15:14:18.215 +07:00 [INF] Route matched with {action = "GetTop5Blogs", controller = "Blog"}. Executing controller action with signature Microsoft.AspNetCore.Mvc.ActionResult GetTop5Blogs() on controller BlogApp.Controllers.BlogController (BlogApp).
2026-06-28 15:14:18.215 +07:00 [INF] Route matched with {action = "CheckValidToken", controller = "Authen"}. Executing controller action with signature Microsoft.AspNetCore.Mvc.ActionResult`1[BlogApp.DTOs.ResponseBaseDTO] CheckValidToken() on controller BlogApp.Controllers.AuthenController (BlogApp).
2026-06-28 15:14:18.215 +07:00 [INF] Executing OkObjectResult, writing value of type 'BlogApp.DTOs.TagListRespDTO'.
2026-06-28 15:14:18.215 +07:00 [INF] Executing OkObjectResult, writing value of type 'BlogApp.DTOs.ResponseBaseDTO'.
2026-06-28 15:14:18.215 +07:00 [INF] Executed action BlogApp.Controllers.TagController.GetTop5Tags (BlogApp) in 2.786ms
2026-06-28 15:14:18.215 +07:00 [INF] Executed endpoint 'BlogApp.Controllers.TagController.GetTop5Tags (BlogApp)'
2026-06-28 15:14:18.215 +07:00 [INF] Executed action BlogApp.Controllers.AuthenController.CheckValidToken (BlogApp) in 0.1987ms
2026-06-28 15:14:18.215 +07:00 [INF] HTTP GET /api/tags/topfive responded 200 in 3.6656 ms
2026-06-28 15:14:18.216 +07:00 [INF] Executed endpoint 'BlogApp.Controllers.AuthenController.CheckValidToken (BlogApp)'
2026-06-28 15:14:18.216 +07:00 [INF] Request finished HTTP/1.1 GET http://localhost:5059/api/tags/topfive - 200 null application/json; charset=utf-8 25.5661ms
2026-06-28 15:14:18.216 +07:00 [INF] HTTP GET /api/authen/check-valid-token responded 200 in 0.9129 ms
2026-06-28 15:14:18.216 +07:00 [INF] Request finished HTTP/1.1 GET http://localhost:5059/api/authen/check-valid-token - 200 null application/json; charset=utf-8 1.704ms
2026-06-28 15:14:18.216 +07:00 [INF] Executed DbCommand (1ms) [Parameters=[], CommandType='"Text"', CommandTimeout='30']
SELECT b."Id", b."AmountOfAccesses", b."AuthorId", b."Content", b."CoverImage", b."CreatedAt", b."PublishedAt", b."State", b."Tags", b."Title", b."UpdatedAt"
FROM "Blogs" AS b
ORDER BY b."CreatedAt" DESC
2026-06-28 15:14:18.217 +07:00 [INF] Executing OkObjectResult, writing value of type 'BlogApp.DTOs.BlogListRespDTO'.
2026-06-28 15:14:18.217 +07:00 [INF] Executed action BlogApp.Controllers.BlogController.Get5LatestBlogs (BlogApp) in 2.0052ms
2026-06-28 15:14:18.217 +07:00 [INF] Executed endpoint 'BlogApp.Controllers.BlogController.Get5LatestBlogs (BlogApp)'
2026-06-28 15:14:18.217 +07:00 [INF] HTTP GET /api/blog/fivelatest responded 200 in 2.8802 ms
2026-06-28 15:14:18.217 +07:00 [INF] Request starting HTTP/1.1 GET http://localhost:5059/api/tags/topfive - null null
2026-06-28 15:14:18.217 +07:00 [INF] Request finished HTTP/1.1 GET http://localhost:5059/api/blog/fivelatest - 200 null application/json; charset=utf-8 3.8491ms
2026-06-28 15:14:18.217 +07:00 [INF] CORS policy execution successful.
2026-06-28 15:14:18.217 +07:00 [INF] Executing endpoint 'BlogApp.Controllers.TagController.GetTop5Tags (BlogApp)'
2026-06-28 15:14:18.218 +07:00 [INF] Route matched with {action = "GetTop5Tags", controller = "Tag"}. Executing controller action with signature Microsoft.AspNetCore.Mvc.ActionResult GetTop5Tags() on controller BlogApp.Controllers.TagController (BlogApp).
2026-06-28 15:14:18.218 +07:00 [INF] Request starting HTTP/1.1 GET http://localhost:5059/api/blog/fivelatest - null null
2026-06-28 15:14:18.218 +07:00 [INF] CORS policy execution successful.
2026-06-28 15:14:18.218 +07:00 [INF] Executing endpoint 'BlogApp.Controllers.BlogController.Get5LatestBlogs (BlogApp)'
2026-06-28 15:14:18.218 +07:00 [INF] Route matched with {action = "Get5LatestBlogs", controller = "Blog"}. Executing controller action with signature Microsoft.AspNetCore.Mvc.ActionResult Get5LatestBlogs() on controller BlogApp.Controllers.BlogController (BlogApp).
2026-06-28 15:14:18.223 +07:00 [INF] Executed DbCommand (5ms) [Parameters=[], CommandType='"Text"', CommandTimeout='30']

            SELECT tag AS Name, COUNT(*) AS blog_count
            FROM "Blogs", UNNEST("Tags") AS tag
            GROUP BY tag
            ORDER BY blog_count DESC
            LIMIT 5
2026-06-28 15:14:18.224 +07:00 [INF] Executing OkObjectResult, writing value of type 'BlogApp.DTOs.TagListRespDTO'.
2026-06-28 15:14:18.224 +07:00 [INF] Executed action BlogApp.Controllers.TagController.GetTop5Tags (BlogApp) in 5.9646ms
2026-06-28 15:14:18.224 +07:00 [INF] Executed endpoint 'BlogApp.Controllers.TagController.GetTop5Tags (BlogApp)'
2026-06-28 15:14:18.224 +07:00 [INF] HTTP GET /api/tags/topfive responded 200 in 6.4196 ms
2026-06-28 15:14:18.224 +07:00 [INF] Request finished HTTP/1.1 GET http://localhost:5059/api/tags/topfive - 200 null application/json; charset=utf-8 6.8951ms
2026-06-28 15:14:18.226 +07:00 [INF] Executed DbCommand (2ms) [Parameters=[], CommandType='"Text"', CommandTimeout='30']
SELECT b."Id", b."AmountOfAccesses", b."AuthorId", b."Content", b."CoverImage", b."CreatedAt", b."PublishedAt", b."State", b."Tags", b."Title", b."UpdatedAt"
FROM "Blogs" AS b
ORDER BY b."CreatedAt" DESC
2026-06-28 15:14:18.226 +07:00 [INF] Executing OkObjectResult, writing value of type 'BlogApp.DTOs.BlogListRespDTO'.
2026-06-28 15:14:18.226 +07:00 [INF] Executed action BlogApp.Controllers.BlogController.GetTop5Blogs (BlogApp) in 10.9222ms
2026-06-28 15:14:18.226 +07:00 [INF] Executed endpoint 'BlogApp.Controllers.BlogController.GetTop5Blogs (BlogApp)'
2026-06-28 15:14:18.226 +07:00 [INF] HTTP GET /api/blog/topfive responded 200 in 11.5968 ms
2026-06-28 15:14:18.226 +07:00 [INF] Request finished HTTP/1.1 GET http://localhost:5059/api/blog/topfive - 200 null application/json; charset=utf-8 12.7839ms
2026-06-28 15:14:18.227 +07:00 [INF] Request starting HTTP/1.1 GET http://localhost:5059/api/blog/topfive - null null
2026-06-28 15:14:18.227 +07:00 [INF] CORS policy execution successful.
2026-06-28 15:14:18.227 +07:00 [INF] Executing endpoint 'BlogApp.Controllers.BlogController.GetTop5Blogs (BlogApp)'
2026-06-28 15:14:18.227 +07:00 [INF] Route matched with {action = "GetTop5Blogs", controller = "Blog"}. Executing controller action with signature Microsoft.AspNetCore.Mvc.ActionResult GetTop5Blogs() on controller BlogApp.Controllers.BlogController (BlogApp).
2026-06-28 15:14:18.228 +07:00 [INF] Executed DbCommand (1ms) [Parameters=[], CommandType='"Text"', CommandTimeout='30']
SELECT b."Id", b."AmountOfAccesses", b."AuthorId", b."Content", b."CoverImage", b."CreatedAt", b."PublishedAt", b."State", b."Tags", b."Title", b."UpdatedAt"
FROM "Blogs" AS b
ORDER BY b."CreatedAt" DESC
2026-06-28 15:14:18.229 +07:00 [INF] Executed DbCommand (1ms) [Parameters=[], CommandType='"Text"', CommandTimeout='30']
SELECT b."Id", b."AmountOfAccesses", b."AuthorId", b."Content", b."CoverImage", b."CreatedAt", b."PublishedAt", b."State", b."Tags", b."Title", b."UpdatedAt"
FROM "Blogs" AS b
ORDER BY b."CreatedAt" DESC
2026-06-28 15:14:18.229 +07:00 [INF] Executing OkObjectResult, writing value of type 'BlogApp.DTOs.BlogListRespDTO'.
2026-06-28 15:14:18.229 +07:00 [INF] Executing OkObjectResult, writing value of type 'BlogApp.DTOs.BlogListRespDTO'.
2026-06-28 15:14:18.229 +07:00 [INF] Executed action BlogApp.Controllers.BlogController.Get5LatestBlogs (BlogApp) in 10.724ms
2026-06-28 15:14:18.229 +07:00 [INF] Executed action BlogApp.Controllers.BlogController.GetTop5Blogs (BlogApp) in 1.4345ms
2026-06-28 15:14:18.229 +07:00 [INF] Executed endpoint 'BlogApp.Controllers.BlogController.Get5LatestBlogs (BlogApp)'
2026-06-28 15:14:18.229 +07:00 [INF] Executed endpoint 'BlogApp.Controllers.BlogController.GetTop5Blogs (BlogApp)'
2026-06-28 15:14:18.229 +07:00 [INF] HTTP GET /api/blog/fivelatest responded 200 in 11.1379 ms
2026-06-28 15:14:18.229 +07:00 [INF] HTTP GET /api/blog/topfive responded 200 in 1.9356 ms
2026-06-28 15:14:18.229 +07:00 [INF] Request finished HTTP/1.1 GET http://localhost:5059/api/blog/fivelatest - 200 null application/json; charset=utf-8 11.4817ms
2026-06-28 15:14:18.229 +07:00 [INF] Request finished HTTP/1.1 GET http://localhost:5059/api/blog/topfive - 200 null application/json; charset=utf-8 2.3318ms
2026-06-28 15:14:19.414 +07:00 [INF] Request starting HTTP/1.1 POST http://localhost:5059/api/blog/search - multipart/form-data; boundary=----WebKitFormBoundaryINIBLV2N802QPpaS 426
2026-06-28 15:14:19.414 +07:00 [INF] CORS policy execution successful.
2026-06-28 15:14:19.415 +07:00 [INF] Executing endpoint 'BlogApp.Controllers.BlogController.SearchBlogs (BlogApp)'
2026-06-28 15:14:19.415 +07:00 [INF] Route matched with {action = "SearchBlogs", controller = "Blog"}. Executing controller action with signature Microsoft.AspNetCore.Mvc.ActionResult SearchBlogs(BlogApp.DTOs.SearchBlogReqDTO) on controller BlogApp.Controllers.BlogController (BlogApp).
2026-06-28 15:14:19.415 +07:00 [INF] Executing BadRequestObjectResult, writing value of type 'Microsoft.AspNetCore.Mvc.ValidationProblemDetails'.
2026-06-28 15:14:19.415 +07:00 [INF] Executed action BlogApp.Controllers.BlogController.SearchBlogs (BlogApp) in 0.4326ms
2026-06-28 15:14:19.415 +07:00 [INF] Executed endpoint 'BlogApp.Controllers.BlogController.SearchBlogs (BlogApp)'
2026-06-28 15:14:19.415 +07:00 [INF] HTTP POST /api/blog/search responded 400 in 0.8040 ms
2026-06-28 15:14:19.415 +07:00 [INF] Request finished HTTP/1.1 POST http://localhost:5059/api/blog/search - 400 null application/problem+json; charset=utf-8 1.1924ms
2026-06-28 15:14:21.102 +07:00 [INF] Request starting HTTP/1.1 POST http://localhost:5059/api/blog/search - multipart/form-data; boundary=----WebKitFormBoundaryA38XAcctwxSA9OAp 429
2026-06-28 15:14:21.102 +07:00 [INF] CORS policy execution successful.
2026-06-28 15:14:21.102 +07:00 [INF] Executing endpoint 'BlogApp.Controllers.BlogController.SearchBlogs (BlogApp)'
2026-06-28 15:14:21.102 +07:00 [INF] Route matched with {action = "SearchBlogs", controller = "Blog"}. Executing controller action with signature Microsoft.AspNetCore.Mvc.ActionResult SearchBlogs(BlogApp.DTOs.SearchBlogReqDTO) on controller BlogApp.Controllers.BlogController (BlogApp).
2026-06-28 15:14:21.105 +07:00 [INF] Executed DbCommand (1ms) [Parameters=[@req_SearchTitle_contains='?', @req_Tags='?' (DbType = Object)], CommandType='"Text"', CommandTimeout='30']
SELECT count(*)::int
FROM "Blogs" AS b
WHERE b."Title" LIKE @req_SearchTitle_contains AND @req_Tags && b."Tags"
2026-06-28 15:14:21.107 +07:00 [INF] Executed DbCommand (2ms) [Parameters=[@req_SearchTitle_contains='?', @req_Tags='?' (DbType = Object), @p3='?' (DbType = Int32), @p='?' (DbType = Int32)], CommandType='"Text"', CommandTimeout='30']
SELECT b0."Id", b0."AmountOfAccesses", b0."AuthorId", b0."Content", b0."CoverImage", b0."CreatedAt", b0."PublishedAt", b0."State", b0."Tags", b0."Title", b0."UpdatedAt", a."Username", a."Address", a."Avatar", a."CreatedAt", a."Description", a."Email", a."FullName", a."Functions", a."OtherContact", a."Password", a."Phone", a."Role", a."State", a."UpdatedAt"
FROM (
    SELECT b."Id", b."AmountOfAccesses", b."AuthorId", b."Content", b."CoverImage", b."CreatedAt", b."PublishedAt", b."State", b."Tags", b."Title", b."UpdatedAt"
    FROM "Blogs" AS b
    WHERE b."Title" LIKE @req_SearchTitle_contains AND @req_Tags && b."Tags"
    ORDER BY b."PublishedAt" DESC
    LIMIT @p3 OFFSET @p
) AS b0
INNER JOIN "Accounts" AS a ON b0."AuthorId" = a."Username"
ORDER BY b0."PublishedAt" DESC
2026-06-28 15:14:24.328 +07:00 [INF] Executing OkObjectResult, writing value of type 'BlogApp.DTOs.BlogPageRespDTO'.
2026-06-28 15:14:24.328 +07:00 [INF] Executed action BlogApp.Controllers.BlogController.SearchBlogs (BlogApp) in 3226.0208ms
2026-06-28 15:14:24.329 +07:00 [INF] Executed endpoint 'BlogApp.Controllers.BlogController.SearchBlogs (BlogApp)'
2026-06-28 15:14:24.329 +07:00 [INF] HTTP POST /api/blog/search responded 200 in 3226.4678 ms
2026-06-28 15:14:24.329 +07:00 [INF] Request finished HTTP/1.1 POST http://localhost:5059/api/blog/search - 200 null application/json; charset=utf-8 3226.8553ms
2026-06-28 15:14:31.913 +07:00 [INF] Request starting HTTP/1.1 POST http://localhost:5059/api/blog/search - multipart/form-data; boundary=--------------------------374827807277027053978433 489
2026-06-28 15:14:31.913 +07:00 [INF] Executing endpoint 'BlogApp.Controllers.BlogController.SearchBlogs (BlogApp)'
2026-06-28 15:14:31.913 +07:00 [INF] Route matched with {action = "SearchBlogs", controller = "Blog"}. Executing controller action with signature Microsoft.AspNetCore.Mvc.ActionResult SearchBlogs(BlogApp.DTOs.SearchBlogReqDTO) on controller BlogApp.Controllers.BlogController (BlogApp).
2026-06-28 15:14:31.915 +07:00 [INF] Executed DbCommand (1ms) [Parameters=[@req_SearchTitle_contains='?', @req_Tags='?' (DbType = Object)], CommandType='"Text"', CommandTimeout='30']
SELECT count(*)::int
FROM "Blogs" AS b
WHERE b."Title" LIKE @req_SearchTitle_contains AND @req_Tags && b."Tags"
2026-06-28 15:14:31.917 +07:00 [INF] Executed DbCommand (1ms) [Parameters=[@req_SearchTitle_contains='?', @req_Tags='?' (DbType = Object), @p3='?' (DbType = Int32), @p='?' (DbType = Int32)], CommandType='"Text"', CommandTimeout='30']
SELECT b0."Id", b0."AmountOfAccesses", b0."AuthorId", b0."Content", b0."CoverImage", b0."CreatedAt", b0."PublishedAt", b0."State", b0."Tags", b0."Title", b0."UpdatedAt", a."Username", a."Address", a."Avatar", a."CreatedAt", a."Description", a."Email", a."FullName", a."Functions", a."OtherContact", a."Password", a."Phone", a."Role", a."State", a."UpdatedAt"
FROM (
    SELECT b."Id", b."AmountOfAccesses", b."AuthorId", b."Content", b."CoverImage", b."CreatedAt", b."PublishedAt", b."State", b."Tags", b."Title", b."UpdatedAt"
    FROM "Blogs" AS b
    WHERE b."Title" LIKE @req_SearchTitle_contains AND @req_Tags && b."Tags"
    ORDER BY b."PublishedAt" DESC
    LIMIT @p3 OFFSET @p
) AS b0
INNER JOIN "Accounts" AS a ON b0."AuthorId" = a."Username"
ORDER BY b0."PublishedAt" DESC
2026-06-28 15:14:31.917 +07:00 [INF] Executing OkObjectResult, writing value of type 'BlogApp.DTOs.BlogPageRespDTO'.
2026-06-28 15:14:31.917 +07:00 [INF] Executed action BlogApp.Controllers.BlogController.SearchBlogs (BlogApp) in 3.7245ms
2026-06-28 15:14:31.917 +07:00 [INF] Executed endpoint 'BlogApp.Controllers.BlogController.SearchBlogs (BlogApp)'
2026-06-28 15:14:31.917 +07:00 [INF] HTTP POST /api/blog/search responded 200 in 4.0394 ms
2026-06-28 15:14:31.917 +07:00 [INF] Request finished HTTP/1.1 POST http://localhost:5059/api/blog/search - 200 null application/json; charset=utf-8 4.306ms
2026-06-28 15:15:33.551 +07:00 [INF] Request starting HTTP/1.1 OPTIONS http://localhost:5059/api/blog/search - null null
2026-06-28 15:15:33.551 +07:00 [INF] CORS policy execution successful.
2026-06-28 15:15:33.551 +07:00 [INF] Request finished HTTP/1.1 OPTIONS http://localhost:5059/api/blog/search - 204 null null 0.3319ms
2026-06-28 15:15:33.552 +07:00 [INF] Request starting HTTP/1.1 OPTIONS http://localhost:5059/api/authen/check-valid-token - null null
2026-06-28 15:15:33.552 +07:00 [INF] CORS policy execution successful.
2026-06-28 15:15:33.552 +07:00 [INF] Request starting HTTP/1.1 POST http://localhost:5059/api/blog/search - multipart/form-data; boundary=----WebKitFormBoundarybAWoH9kKpXY7cAtP 426
2026-06-28 15:15:33.552 +07:00 [INF] Request finished HTTP/1.1 OPTIONS http://localhost:5059/api/authen/check-valid-token - 204 null null 0.5995ms
2026-06-28 15:15:33.552 +07:00 [INF] Request starting HTTP/1.1 OPTIONS http://localhost:5059/api/tags/topfive - null null
2026-06-28 15:15:33.552 +07:00 [INF] CORS policy execution successful.
2026-06-28 15:15:33.553 +07:00 [INF] CORS policy execution successful.
2026-06-28 15:15:33.553 +07:00 [INF] Request starting HTTP/1.1 OPTIONS http://localhost:5059/api/blog/fivelatest - null null
2026-06-28 15:15:33.553 +07:00 [INF] Request finished HTTP/1.1 OPTIONS http://localhost:5059/api/tags/topfive - 204 null null 0.598ms
2026-06-28 15:15:33.553 +07:00 [INF] Request starting HTTP/1.1 GET http://localhost:5059/api/authen/check-valid-token - null null
2026-06-28 15:15:33.553 +07:00 [INF] Request starting HTTP/1.1 OPTIONS http://localhost:5059/api/blog/topfive - null null
2026-06-28 15:15:33.553 +07:00 [INF] CORS policy execution successful.
2026-06-28 15:15:33.553 +07:00 [INF] Executing endpoint 'BlogApp.Controllers.BlogController.SearchBlogs (BlogApp)'
2026-06-28 15:15:33.553 +07:00 [INF] CORS policy execution successful.
2026-06-28 15:15:33.554 +07:00 [INF] Route matched with {action = "SearchBlogs", controller = "Blog"}. Executing controller action with signature Microsoft.AspNetCore.Mvc.ActionResult SearchBlogs(BlogApp.DTOs.SearchBlogReqDTO) on controller BlogApp.Controllers.BlogController (BlogApp).
2026-06-28 15:15:33.554 +07:00 [INF] CORS policy execution successful.
2026-06-28 15:15:33.554 +07:00 [INF] Request finished HTTP/1.1 OPTIONS http://localhost:5059/api/blog/fivelatest - 204 null null 1.1258ms
2026-06-28 15:15:33.554 +07:00 [INF] Request starting HTTP/1.1 GET http://localhost:5059/api/tags/topfive - null null
2026-06-28 15:15:33.554 +07:00 [INF] Request finished HTTP/1.1 OPTIONS http://localhost:5059/api/blog/topfive - 204 null null 0.7582ms
2026-06-28 15:15:33.554 +07:00 [INF] Executing endpoint 'BlogApp.Controllers.AuthenController.CheckValidToken (BlogApp)'
2026-06-28 15:15:33.554 +07:00 [INF] CORS policy execution successful.
2026-06-28 15:15:33.554 +07:00 [INF] Route matched with {action = "CheckValidToken", controller = "Authen"}. Executing controller action with signature Microsoft.AspNetCore.Mvc.ActionResult`1[BlogApp.DTOs.ResponseBaseDTO] CheckValidToken() on controller BlogApp.Controllers.AuthenController (BlogApp).
2026-06-28 15:15:33.554 +07:00 [INF] Executing BadRequestObjectResult, writing value of type 'Microsoft.AspNetCore.Mvc.ValidationProblemDetails'.
2026-06-28 15:15:33.554 +07:00 [INF] Request starting HTTP/1.1 GET http://localhost:5059/api/blog/fivelatest - null null
2026-06-28 15:15:33.554 +07:00 [INF] Executing endpoint 'BlogApp.Controllers.TagController.GetTop5Tags (BlogApp)'
2026-06-28 15:15:33.555 +07:00 [INF] Executing OkObjectResult, writing value of type 'BlogApp.DTOs.ResponseBaseDTO'.
2026-06-28 15:15:33.555 +07:00 [INF] Request starting HTTP/1.1 POST http://localhost:5059/api/blog/search - multipart/form-data; boundary=----WebKitFormBoundarypHK28NbuQMMrxhQZ 426
2026-06-28 15:15:33.555 +07:00 [INF] CORS policy execution successful.
2026-06-28 15:15:33.555 +07:00 [INF] CORS policy execution successful.
2026-06-28 15:15:33.555 +07:00 [INF] Executed action BlogApp.Controllers.BlogController.SearchBlogs (BlogApp) in 0.8818ms
2026-06-28 15:15:33.555 +07:00 [INF] Executing endpoint 'BlogApp.Controllers.BlogController.SearchBlogs (BlogApp)'
2026-06-28 15:15:33.555 +07:00 [INF] Route matched with {action = "GetTop5Tags", controller = "Tag"}. Executing controller action with signature Microsoft.AspNetCore.Mvc.ActionResult GetTop5Tags() on controller BlogApp.Controllers.TagController (BlogApp).
2026-06-28 15:15:33.555 +07:00 [INF] Request starting HTTP/1.1 GET http://localhost:5059/api/blog/topfive - null null
2026-06-28 15:15:33.555 +07:00 [INF] Executing endpoint 'BlogApp.Controllers.BlogController.Get5LatestBlogs (BlogApp)'
2026-06-28 15:15:33.555 +07:00 [INF] Executed action BlogApp.Controllers.AuthenController.CheckValidToken (BlogApp) in 0.3105ms
2026-06-28 15:15:33.555 +07:00 [INF] Executed endpoint 'BlogApp.Controllers.BlogController.SearchBlogs (BlogApp)'
2026-06-28 15:15:33.555 +07:00 [INF] Route matched with {action = "SearchBlogs", controller = "Blog"}. Executing controller action with signature Microsoft.AspNetCore.Mvc.ActionResult SearchBlogs(BlogApp.DTOs.SearchBlogReqDTO) on controller BlogApp.Controllers.BlogController (BlogApp).
2026-06-28 15:15:33.555 +07:00 [INF] CORS policy execution successful.
2026-06-28 15:15:33.556 +07:00 [INF] Route matched with {action = "Get5LatestBlogs", controller = "Blog"}. Executing controller action with signature Microsoft.AspNetCore.Mvc.ActionResult Get5LatestBlogs() on controller BlogApp.Controllers.BlogController (BlogApp).
2026-06-28 15:15:33.556 +07:00 [INF] Executed endpoint 'BlogApp.Controllers.AuthenController.CheckValidToken (BlogApp)'
2026-06-28 15:15:33.556 +07:00 [INF] HTTP POST /api/blog/search responded 400 in 2.8271 ms
2026-06-28 15:15:33.556 +07:00 [INF] Executing endpoint 'BlogApp.Controllers.BlogController.GetTop5Blogs (BlogApp)'
2026-06-28 15:15:33.556 +07:00 [INF] HTTP GET /api/authen/check-valid-token responded 200 in 1.9981 ms
2026-06-28 15:15:33.556 +07:00 [INF] Request finished HTTP/1.1 POST http://localhost:5059/api/blog/search - 400 null application/problem+json; charset=utf-8 3.8016ms
2026-06-28 15:15:33.556 +07:00 [INF] Executing BadRequestObjectResult, writing value of type 'Microsoft.AspNetCore.Mvc.ValidationProblemDetails'.
2026-06-28 15:15:33.556 +07:00 [INF] Route matched with {action = "GetTop5Blogs", controller = "Blog"}. Executing controller action with signature Microsoft.AspNetCore.Mvc.ActionResult GetTop5Blogs() on controller BlogApp.Controllers.BlogController (BlogApp).
2026-06-28 15:15:33.556 +07:00 [INF] Request finished HTTP/1.1 GET http://localhost:5059/api/authen/check-valid-token - 200 null application/json; charset=utf-8 2.8689ms
2026-06-28 15:15:33.556 +07:00 [INF] Executed action BlogApp.Controllers.BlogController.SearchBlogs (BlogApp) in 0.5614ms
2026-06-28 15:15:33.556 +07:00 [INF] Request starting HTTP/1.1 GET http://localhost:5059/api/authen/check-valid-token - null null
2026-06-28 15:15:33.556 +07:00 [INF] Executed endpoint 'BlogApp.Controllers.BlogController.SearchBlogs (BlogApp)'
2026-06-28 15:15:33.557 +07:00 [INF] CORS policy execution successful.
2026-06-28 15:15:33.557 +07:00 [INF] HTTP POST /api/blog/search responded 400 in 1.5530 ms
2026-06-28 15:15:33.557 +07:00 [INF] Request finished HTTP/1.1 POST http://localhost:5059/api/blog/search - 400 null application/problem+json; charset=utf-8 1.9522ms
2026-06-28 15:15:33.557 +07:00 [INF] Executing endpoint 'BlogApp.Controllers.AuthenController.CheckValidToken (BlogApp)'
2026-06-28 15:15:33.557 +07:00 [INF] Route matched with {action = "CheckValidToken", controller = "Authen"}. Executing controller action with signature Microsoft.AspNetCore.Mvc.ActionResult`1[BlogApp.DTOs.ResponseBaseDTO] CheckValidToken() on controller BlogApp.Controllers.AuthenController (BlogApp).
2026-06-28 15:15:33.557 +07:00 [INF] Executing OkObjectResult, writing value of type 'BlogApp.DTOs.ResponseBaseDTO'.
2026-06-28 15:15:33.557 +07:00 [INF] Executed action BlogApp.Controllers.AuthenController.CheckValidToken (BlogApp) in 0.1555ms
2026-06-28 15:15:33.557 +07:00 [INF] Executed endpoint 'BlogApp.Controllers.AuthenController.CheckValidToken (BlogApp)'
2026-06-28 15:15:33.557 +07:00 [INF] HTTP GET /api/authen/check-valid-token responded 200 in 0.7070 ms
2026-06-28 15:15:33.557 +07:00 [INF] Request finished HTTP/1.1 GET http://localhost:5059/api/authen/check-valid-token - 200 null application/json; charset=utf-8 1.0001ms
2026-06-28 15:15:33.557 +07:00 [INF] Executed DbCommand (1ms) [Parameters=[], CommandType='"Text"', CommandTimeout='30']
SELECT b."Id", b."AmountOfAccesses", b."AuthorId", b."Content", b."CoverImage", b."CreatedAt", b."PublishedAt", b."State", b."Tags", b."Title", b."UpdatedAt"
FROM "Blogs" AS b
ORDER BY b."CreatedAt" DESC
2026-06-28 15:15:33.557 +07:00 [INF] Executed DbCommand (1ms) [Parameters=[], CommandType='"Text"', CommandTimeout='30']
SELECT b."Id", b."AmountOfAccesses", b."AuthorId", b."Content", b."CoverImage", b."CreatedAt", b."PublishedAt", b."State", b."Tags", b."Title", b."UpdatedAt"
FROM "Blogs" AS b
ORDER BY b."CreatedAt" DESC
2026-06-28 15:15:33.558 +07:00 [INF] Executed DbCommand (2ms) [Parameters=[], CommandType='"Text"', CommandTimeout='30']

            SELECT tag AS Name, COUNT(*) AS blog_count
            FROM "Blogs", UNNEST("Tags") AS tag
            GROUP BY tag
            ORDER BY blog_count DESC
            LIMIT 5
2026-06-28 15:15:33.558 +07:00 [INF] Executing OkObjectResult, writing value of type 'BlogApp.DTOs.BlogListRespDTO'.
2026-06-28 15:15:33.558 +07:00 [INF] Executing OkObjectResult, writing value of type 'BlogApp.DTOs.BlogListRespDTO'.
2026-06-28 15:15:33.558 +07:00 [INF] Executing OkObjectResult, writing value of type 'BlogApp.DTOs.TagListRespDTO'.
2026-06-28 15:15:33.558 +07:00 [INF] Executed action BlogApp.Controllers.BlogController.Get5LatestBlogs (BlogApp) in 2.218ms
2026-06-28 15:15:33.558 +07:00 [INF] Executed action BlogApp.Controllers.BlogController.GetTop5Blogs (BlogApp) in 1.8032ms
2026-06-28 15:15:33.558 +07:00 [INF] Executed action BlogApp.Controllers.TagController.GetTop5Tags (BlogApp) in 2.7623ms
2026-06-28 15:15:33.558 +07:00 [INF] Executed endpoint 'BlogApp.Controllers.BlogController.Get5LatestBlogs (BlogApp)'
2026-06-28 15:15:33.558 +07:00 [INF] Executed endpoint 'BlogApp.Controllers.BlogController.GetTop5Blogs (BlogApp)'
2026-06-28 15:15:33.558 +07:00 [INF] Executed endpoint 'BlogApp.Controllers.TagController.GetTop5Tags (BlogApp)'
2026-06-28 15:15:33.558 +07:00 [INF] HTTP GET /api/blog/fivelatest responded 200 in 3.3868 ms
2026-06-28 15:15:33.558 +07:00 [INF] HTTP GET /api/blog/topfive responded 200 in 2.6031 ms
2026-06-28 15:15:33.559 +07:00 [INF] Request finished HTTP/1.1 GET http://localhost:5059/api/blog/topfive - 200 null application/json; charset=utf-8 3.6342ms
2026-06-28 15:15:33.559 +07:00 [INF] Request finished HTTP/1.1 GET http://localhost:5059/api/blog/fivelatest - 200 null application/json; charset=utf-8 4.0567ms
2026-06-28 15:15:33.558 +07:00 [INF] HTTP GET /api/tags/topfive responded 200 in 3.9895 ms
2026-06-28 15:15:33.559 +07:00 [INF] Request finished HTTP/1.1 GET http://localhost:5059/api/tags/topfive - 200 null application/json; charset=utf-8 5.4469ms
2026-06-28 15:15:33.559 +07:00 [INF] Request starting HTTP/1.1 GET http://localhost:5059/api/blog/fivelatest - null null
2026-06-28 15:15:33.559 +07:00 [INF] CORS policy execution successful.
2026-06-28 15:15:33.560 +07:00 [INF] Request starting HTTP/1.1 GET http://localhost:5059/api/tags/topfive - null null
2026-06-28 15:15:33.560 +07:00 [INF] Executing endpoint 'BlogApp.Controllers.BlogController.Get5LatestBlogs (BlogApp)'
2026-06-28 15:15:33.560 +07:00 [INF] Request starting HTTP/1.1 GET http://localhost:5059/api/blog/topfive - null null
2026-06-28 15:15:33.560 +07:00 [INF] CORS policy execution successful.
2026-06-28 15:15:33.560 +07:00 [INF] Route matched with {action = "Get5LatestBlogs", controller = "Blog"}. Executing controller action with signature Microsoft.AspNetCore.Mvc.ActionResult Get5LatestBlogs() on controller BlogApp.Controllers.BlogController (BlogApp).
2026-06-28 15:15:33.560 +07:00 [INF] CORS policy execution successful.
2026-06-28 15:15:33.560 +07:00 [INF] Executing endpoint 'BlogApp.Controllers.TagController.GetTop5Tags (BlogApp)'
2026-06-28 15:15:33.560 +07:00 [INF] Executing endpoint 'BlogApp.Controllers.BlogController.GetTop5Blogs (BlogApp)'
2026-06-28 15:15:33.560 +07:00 [INF] Route matched with {action = "GetTop5Tags", controller = "Tag"}. Executing controller action with signature Microsoft.AspNetCore.Mvc.ActionResult GetTop5Tags() on controller BlogApp.Controllers.TagController (BlogApp).
2026-06-28 15:15:33.560 +07:00 [INF] Route matched with {action = "GetTop5Blogs", controller = "Blog"}. Executing controller action with signature Microsoft.AspNetCore.Mvc.ActionResult GetTop5Blogs() on controller BlogApp.Controllers.BlogController (BlogApp).
2026-06-28 15:15:33.561 +07:00 [INF] Executed DbCommand (1ms) [Parameters=[], CommandType='"Text"', CommandTimeout='30']
SELECT b."Id", b."AmountOfAccesses", b."AuthorId", b."Content", b."CoverImage", b."CreatedAt", b."PublishedAt", b."State", b."Tags", b."Title", b."UpdatedAt"
FROM "Blogs" AS b
ORDER BY b."CreatedAt" DESC
2026-06-28 15:15:33.561 +07:00 [INF] Executed DbCommand (1ms) [Parameters=[], CommandType='"Text"', CommandTimeout='30']
SELECT b."Id", b."AmountOfAccesses", b."AuthorId", b."Content", b."CoverImage", b."CreatedAt", b."PublishedAt", b."State", b."Tags", b."Title", b."UpdatedAt"
FROM "Blogs" AS b
ORDER BY b."CreatedAt" DESC
2026-06-28 15:15:33.561 +07:00 [INF] Executed DbCommand (1ms) [Parameters=[], CommandType='"Text"', CommandTimeout='30']

            SELECT tag AS Name, COUNT(*) AS blog_count
            FROM "Blogs", UNNEST("Tags") AS tag
            GROUP BY tag
            ORDER BY blog_count DESC
            LIMIT 5
2026-06-28 15:15:33.562 +07:00 [INF] Executing OkObjectResult, writing value of type 'BlogApp.DTOs.BlogListRespDTO'.
2026-06-28 15:15:33.562 +07:00 [INF] Executing OkObjectResult, writing value of type 'BlogApp.DTOs.BlogListRespDTO'.
2026-06-28 15:15:33.562 +07:00 [INF] Executing OkObjectResult, writing value of type 'BlogApp.DTOs.TagListRespDTO'.
2026-06-28 15:15:33.562 +07:00 [INF] Executed action BlogApp.Controllers.BlogController.Get5LatestBlogs (BlogApp) in 1.7715ms
2026-06-28 15:15:33.562 +07:00 [INF] Executed action BlogApp.Controllers.BlogController.GetTop5Blogs (BlogApp) in 1.5401ms
2026-06-28 15:15:33.562 +07:00 [INF] Executed action BlogApp.Controllers.TagController.GetTop5Tags (BlogApp) in 1.6879ms
2026-06-28 15:15:33.562 +07:00 [INF] Executed endpoint 'BlogApp.Controllers.BlogController.Get5LatestBlogs (BlogApp)'
2026-06-28 15:15:33.562 +07:00 [INF] Executed endpoint 'BlogApp.Controllers.BlogController.GetTop5Blogs (BlogApp)'
2026-06-28 15:15:33.562 +07:00 [INF] Executed endpoint 'BlogApp.Controllers.TagController.GetTop5Tags (BlogApp)'
2026-06-28 15:15:33.562 +07:00 [INF] HTTP GET /api/blog/fivelatest responded 200 in 2.5505 ms
2026-06-28 15:15:33.562 +07:00 [INF] HTTP GET /api/blog/topfive responded 200 in 2.1186 ms
2026-06-28 15:15:33.562 +07:00 [INF] HTTP GET /api/tags/topfive responded 200 in 2.2854 ms
2026-06-28 15:15:33.562 +07:00 [INF] Request finished HTTP/1.1 GET http://localhost:5059/api/blog/fivelatest - 200 null application/json; charset=utf-8 2.9151ms
2026-06-28 15:15:33.562 +07:00 [INF] Request finished HTTP/1.1 GET http://localhost:5059/api/blog/topfive - 200 null application/json; charset=utf-8 2.663ms
2026-06-28 15:15:33.562 +07:00 [INF] Request finished HTTP/1.1 GET http://localhost:5059/api/tags/topfive - 200 null application/json; charset=utf-8 2.7825ms
2026-06-28 15:15:38.343 +07:00 [INF] Request starting HTTP/1.1 POST http://localhost:5059/api/blog/search - multipart/form-data; boundary=----WebKitFormBoundaryv9up8RANMYf7TzMw 429
2026-06-28 15:15:38.343 +07:00 [INF] CORS policy execution successful.
2026-06-28 15:15:38.343 +07:00 [INF] Executing endpoint 'BlogApp.Controllers.BlogController.SearchBlogs (BlogApp)'
2026-06-28 15:15:38.343 +07:00 [INF] Route matched with {action = "SearchBlogs", controller = "Blog"}. Executing controller action with signature Microsoft.AspNetCore.Mvc.ActionResult SearchBlogs(BlogApp.DTOs.SearchBlogReqDTO) on controller BlogApp.Controllers.BlogController (BlogApp).
2026-06-28 15:15:38.345 +07:00 [INF] Executed DbCommand (1ms) [Parameters=[@req_SearchTitle_contains='?', @req_Tags='?' (DbType = Object)], CommandType='"Text"', CommandTimeout='30']
SELECT count(*)::int
FROM "Blogs" AS b
WHERE b."Title" LIKE @req_SearchTitle_contains AND @req_Tags && b."Tags"
2026-06-28 15:15:38.347 +07:00 [INF] Executed DbCommand (1ms) [Parameters=[@req_SearchTitle_contains='?', @req_Tags='?' (DbType = Object), @p3='?' (DbType = Int32), @p='?' (DbType = Int32)], CommandType='"Text"', CommandTimeout='30']
SELECT b0."Id", b0."AmountOfAccesses", b0."AuthorId", b0."Content", b0."CoverImage", b0."CreatedAt", b0."PublishedAt", b0."State", b0."Tags", b0."Title", b0."UpdatedAt", a."Username", a."Address", a."Avatar", a."CreatedAt", a."Description", a."Email", a."FullName", a."Functions", a."OtherContact", a."Password", a."Phone", a."Role", a."State", a."UpdatedAt"
FROM (
    SELECT b."Id", b."AmountOfAccesses", b."AuthorId", b."Content", b."CoverImage", b."CreatedAt", b."PublishedAt", b."State", b."Tags", b."Title", b."UpdatedAt"
    FROM "Blogs" AS b
    WHERE b."Title" LIKE @req_SearchTitle_contains AND @req_Tags && b."Tags"
    ORDER BY b."PublishedAt" DESC
    LIMIT @p3 OFFSET @p
) AS b0
INNER JOIN "Accounts" AS a ON b0."AuthorId" = a."Username"
ORDER BY b0."PublishedAt" DESC
2026-06-28 15:15:38.347 +07:00 [INF] Executing OkObjectResult, writing value of type 'BlogApp.DTOs.BlogPageRespDTO'.
2026-06-28 15:15:38.347 +07:00 [INF] Executed action BlogApp.Controllers.BlogController.SearchBlogs (BlogApp) in 3.8717ms
2026-06-28 15:15:38.347 +07:00 [INF] Executed endpoint 'BlogApp.Controllers.BlogController.SearchBlogs (BlogApp)'
2026-06-28 15:15:38.347 +07:00 [INF] HTTP POST /api/blog/search responded 200 in 4.3431 ms
2026-06-28 15:15:38.348 +07:00 [INF] Request finished HTTP/1.1 POST http://localhost:5059/api/blog/search - 200 null application/json; charset=utf-8 4.7445ms
2026-06-28 15:15:40.889 +07:00 [INF] Request starting HTTP/1.1 POST http://localhost:5059/api/blog/search - multipart/form-data; boundary=--------------------------111403989548651693402164 489
2026-06-28 15:15:40.889 +07:00 [INF] Executing endpoint 'BlogApp.Controllers.BlogController.SearchBlogs (BlogApp)'
2026-06-28 15:15:40.889 +07:00 [INF] Route matched with {action = "SearchBlogs", controller = "Blog"}. Executing controller action with signature Microsoft.AspNetCore.Mvc.ActionResult SearchBlogs(BlogApp.DTOs.SearchBlogReqDTO) on controller BlogApp.Controllers.BlogController (BlogApp).
2026-06-28 15:15:40.891 +07:00 [INF] Executed DbCommand (1ms) [Parameters=[@req_SearchTitle_contains='?', @req_Tags='?' (DbType = Object)], CommandType='"Text"', CommandTimeout='30']
SELECT count(*)::int
FROM "Blogs" AS b
WHERE b."Title" LIKE @req_SearchTitle_contains AND @req_Tags && b."Tags"
2026-06-28 15:15:40.892 +07:00 [INF] Executed DbCommand (1ms) [Parameters=[@req_SearchTitle_contains='?', @req_Tags='?' (DbType = Object), @p3='?' (DbType = Int32), @p='?' (DbType = Int32)], CommandType='"Text"', CommandTimeout='30']
SELECT b0."Id", b0."AmountOfAccesses", b0."AuthorId", b0."Content", b0."CoverImage", b0."CreatedAt", b0."PublishedAt", b0."State", b0."Tags", b0."Title", b0."UpdatedAt", a."Username", a."Address", a."Avatar", a."CreatedAt", a."Description", a."Email", a."FullName", a."Functions", a."OtherContact", a."Password", a."Phone", a."Role", a."State", a."UpdatedAt"
FROM (
    SELECT b."Id", b."AmountOfAccesses", b."AuthorId", b."Content", b."CoverImage", b."CreatedAt", b."PublishedAt", b."State", b."Tags", b."Title", b."UpdatedAt"
    FROM "Blogs" AS b
    WHERE b."Title" LIKE @req_SearchTitle_contains AND @req_Tags && b."Tags"
    ORDER BY b."PublishedAt" DESC
    LIMIT @p3 OFFSET @p
) AS b0
INNER JOIN "Accounts" AS a ON b0."AuthorId" = a."Username"
ORDER BY b0."PublishedAt" DESC
2026-06-28 15:15:40.892 +07:00 [INF] Executing OkObjectResult, writing value of type 'BlogApp.DTOs.BlogPageRespDTO'.
2026-06-28 15:15:40.892 +07:00 [INF] Executed action BlogApp.Controllers.BlogController.SearchBlogs (BlogApp) in 3.2692ms
2026-06-28 15:15:40.892 +07:00 [INF] Executed endpoint 'BlogApp.Controllers.BlogController.SearchBlogs (BlogApp)'
2026-06-28 15:15:40.893 +07:00 [INF] HTTP POST /api/blog/search responded 200 in 3.5843 ms
2026-06-28 15:15:40.893 +07:00 [INF] Request finished HTTP/1.1 POST http://localhost:5059/api/blog/search - 200 null application/json; charset=utf-8 3.8792ms
2026-06-28 15:16:18.778 +07:00 [INF] Request starting HTTP/1.1 POST http://localhost:5059/api/blog/search - multipart/form-data; boundary=--------------------------691238623184179935767807 489
2026-06-28 15:16:18.779 +07:00 [INF] Executing endpoint 'BlogApp.Controllers.BlogController.SearchBlogs (BlogApp)'
2026-06-28 15:16:18.779 +07:00 [INF] Route matched with {action = "SearchBlogs", controller = "Blog"}. Executing controller action with signature Microsoft.AspNetCore.Mvc.ActionResult SearchBlogs(BlogApp.DTOs.SearchBlogReqDTO) on controller BlogApp.Controllers.BlogController (BlogApp).
2026-06-28 15:16:18.781 +07:00 [INF] Executed DbCommand (1ms) [Parameters=[@req_SearchTitle_contains='?', @req_Tags='?' (DbType = Object)], CommandType='"Text"', CommandTimeout='30']
SELECT count(*)::int
FROM "Blogs" AS b
WHERE b."Title" LIKE @req_SearchTitle_contains AND @req_Tags && b."Tags"
2026-06-28 15:16:18.782 +07:00 [INF] Executed DbCommand (1ms) [Parameters=[@req_SearchTitle_contains='?', @req_Tags='?' (DbType = Object), @p3='?' (DbType = Int32), @p='?' (DbType = Int32)], CommandType='"Text"', CommandTimeout='30']
SELECT b0."Id", b0."AmountOfAccesses", b0."AuthorId", b0."Content", b0."CoverImage", b0."CreatedAt", b0."PublishedAt", b0."State", b0."Tags", b0."Title", b0."UpdatedAt", a."Username", a."Address", a."Avatar", a."CreatedAt", a."Description", a."Email", a."FullName", a."Functions", a."OtherContact", a."Password", a."Phone", a."Role", a."State", a."UpdatedAt"
FROM (
    SELECT b."Id", b."AmountOfAccesses", b."AuthorId", b."Content", b."CoverImage", b."CreatedAt", b."PublishedAt", b."State", b."Tags", b."Title", b."UpdatedAt"
    FROM "Blogs" AS b
    WHERE b."Title" LIKE @req_SearchTitle_contains AND @req_Tags && b."Tags"
    ORDER BY b."PublishedAt" DESC
    LIMIT @p3 OFFSET @p
) AS b0
INNER JOIN "Accounts" AS a ON b0."AuthorId" = a."Username"
ORDER BY b0."PublishedAt" DESC
2026-06-28 15:16:18.782 +07:00 [INF] Executing OkObjectResult, writing value of type 'BlogApp.DTOs.BlogPageRespDTO'.
2026-06-28 15:16:18.782 +07:00 [INF] Executed action BlogApp.Controllers.BlogController.SearchBlogs (BlogApp) in 3.3387ms
2026-06-28 15:16:18.782 +07:00 [INF] Executed endpoint 'BlogApp.Controllers.BlogController.SearchBlogs (BlogApp)'
2026-06-28 15:16:18.782 +07:00 [INF] HTTP POST /api/blog/search responded 200 in 3.6118 ms
2026-06-28 15:16:18.782 +07:00 [INF] Request finished HTTP/1.1 POST http://localhost:5059/api/blog/search - 200 null application/json; charset=utf-8 3.8988ms
2026-06-28 15:16:21.764 +07:00 [INF] Request starting HTTP/1.1 POST http://localhost:5059/api/blog/search - multipart/form-data; boundary=--------------------------728075108061519461823546 489
2026-06-28 15:16:21.764 +07:00 [INF] Executing endpoint 'BlogApp.Controllers.BlogController.SearchBlogs (BlogApp)'
2026-06-28 15:16:21.764 +07:00 [INF] Route matched with {action = "SearchBlogs", controller = "Blog"}. Executing controller action with signature Microsoft.AspNetCore.Mvc.ActionResult SearchBlogs(BlogApp.DTOs.SearchBlogReqDTO) on controller BlogApp.Controllers.BlogController (BlogApp).
2026-06-28 15:16:21.766 +07:00 [INF] Executed DbCommand (1ms) [Parameters=[@req_SearchTitle_contains='?', @req_Tags='?' (DbType = Object)], CommandType='"Text"', CommandTimeout='30']
SELECT count(*)::int
FROM "Blogs" AS b
WHERE b."Title" LIKE @req_SearchTitle_contains AND @req_Tags && b."Tags"
2026-06-28 15:16:21.767 +07:00 [INF] Executed DbCommand (1ms) [Parameters=[@req_SearchTitle_contains='?', @req_Tags='?' (DbType = Object), @p3='?' (DbType = Int32), @p='?' (DbType = Int32)], CommandType='"Text"', CommandTimeout='30']
SELECT b0."Id", b0."AmountOfAccesses", b0."AuthorId", b0."Content", b0."CoverImage", b0."CreatedAt", b0."PublishedAt", b0."State", b0."Tags", b0."Title", b0."UpdatedAt", a."Username", a."Address", a."Avatar", a."CreatedAt", a."Description", a."Email", a."FullName", a."Functions", a."OtherContact", a."Password", a."Phone", a."Role", a."State", a."UpdatedAt"
FROM (
    SELECT b."Id", b."AmountOfAccesses", b."AuthorId", b."Content", b."CoverImage", b."CreatedAt", b."PublishedAt", b."State", b."Tags", b."Title", b."UpdatedAt"
    FROM "Blogs" AS b
    WHERE b."Title" LIKE @req_SearchTitle_contains AND @req_Tags && b."Tags"
    ORDER BY b."PublishedAt" DESC
    LIMIT @p3 OFFSET @p
) AS b0
INNER JOIN "Accounts" AS a ON b0."AuthorId" = a."Username"
ORDER BY b0."PublishedAt" DESC
2026-06-28 15:16:21.767 +07:00 [INF] Executing OkObjectResult, writing value of type 'BlogApp.DTOs.BlogPageRespDTO'.
2026-06-28 15:16:21.767 +07:00 [INF] Executed action BlogApp.Controllers.BlogController.SearchBlogs (BlogApp) in 3.2016ms
2026-06-28 15:16:21.767 +07:00 [INF] Executed endpoint 'BlogApp.Controllers.BlogController.SearchBlogs (BlogApp)'
2026-06-28 15:16:21.767 +07:00 [INF] HTTP POST /api/blog/search responded 200 in 3.5239 ms
2026-06-28 15:16:21.767 +07:00 [INF] Request finished HTTP/1.1 POST http://localhost:5059/api/blog/search - 200 null application/json; charset=utf-8 3.7616ms
2026-06-28 15:16:44.416 +07:00 [INF] Request starting HTTP/1.1 OPTIONS http://localhost:5059/api/blog/search - null null
2026-06-28 15:16:44.416 +07:00 [INF] CORS policy execution successful.
2026-06-28 15:16:44.416 +07:00 [INF] Request finished HTTP/1.1 OPTIONS http://localhost:5059/api/blog/search - 204 null null 0.3021ms
2026-06-28 15:16:44.416 +07:00 [INF] Request starting HTTP/1.1 OPTIONS http://localhost:5059/api/authen/check-valid-token - null null
2026-06-28 15:16:44.416 +07:00 [INF] CORS policy execution successful.
2026-06-28 15:16:44.416 +07:00 [INF] Request finished HTTP/1.1 OPTIONS http://localhost:5059/api/authen/check-valid-token - 204 null null 0.2563ms
2026-06-28 15:16:44.417 +07:00 [INF] Request starting HTTP/1.1 POST http://localhost:5059/api/blog/search - multipart/form-data; boundary=----WebKitFormBoundaryO6DS6AtFwyTBTX72 426
2026-06-28 15:16:44.417 +07:00 [INF] CORS policy execution successful.
2026-06-28 15:16:44.418 +07:00 [INF] Request starting HTTP/1.1 GET http://localhost:5059/api/authen/check-valid-token - null null
2026-06-28 15:16:44.418 +07:00 [INF] Request starting HTTP/1.1 OPTIONS http://localhost:5059/api/blog/fivelatest - null null
2026-06-28 15:16:44.418 +07:00 [INF] Executing endpoint 'BlogApp.Controllers.BlogController.SearchBlogs (BlogApp)'
2026-06-28 15:16:44.418 +07:00 [INF] CORS policy execution successful.
2026-06-28 15:16:44.418 +07:00 [INF] Request starting HTTP/1.1 OPTIONS http://localhost:5059/api/tags/topfive - null null
2026-06-28 15:16:44.418 +07:00 [INF] CORS policy execution successful.
2026-06-28 15:16:44.418 +07:00 [INF] Route matched with {action = "SearchBlogs", controller = "Blog"}. Executing controller action with signature Microsoft.AspNetCore.Mvc.ActionResult SearchBlogs(BlogApp.DTOs.SearchBlogReqDTO) on controller BlogApp.Controllers.BlogController (BlogApp).
2026-06-28 15:16:44.418 +07:00 [INF] CORS policy execution successful.
2026-06-28 15:16:44.418 +07:00 [INF] Executing endpoint 'BlogApp.Controllers.AuthenController.CheckValidToken (BlogApp)'
2026-06-28 15:16:44.418 +07:00 [INF] Request finished HTTP/1.1 OPTIONS http://localhost:5059/api/blog/fivelatest - 204 null null 0.7936ms
2026-06-28 15:16:44.418 +07:00 [INF] Request starting HTTP/1.1 OPTIONS http://localhost:5059/api/blog/topfive - null null
2026-06-28 15:16:44.418 +07:00 [INF] Request finished HTTP/1.1 OPTIONS http://localhost:5059/api/tags/topfive - 204 null null 0.8141ms
2026-06-28 15:16:44.419 +07:00 [INF] Route matched with {action = "CheckValidToken", controller = "Authen"}. Executing controller action with signature Microsoft.AspNetCore.Mvc.ActionResult`1[BlogApp.DTOs.ResponseBaseDTO] CheckValidToken() on controller BlogApp.Controllers.AuthenController (BlogApp).
2026-06-28 15:16:44.419 +07:00 [INF] CORS policy execution successful.
2026-06-28 15:16:44.419 +07:00 [INF] Executing BadRequestObjectResult, writing value of type 'Microsoft.AspNetCore.Mvc.ValidationProblemDetails'.
2026-06-28 15:16:44.420 +07:00 [INF] Executing OkObjectResult, writing value of type 'BlogApp.DTOs.ResponseBaseDTO'.
2026-06-28 15:16:44.420 +07:00 [INF] Request finished HTTP/1.1 OPTIONS http://localhost:5059/api/blog/topfive - 204 null null 1.0432ms
2026-06-28 15:16:44.420 +07:00 [INF] Executed action BlogApp.Controllers.BlogController.SearchBlogs (BlogApp) in 1.1858ms
2026-06-28 15:16:44.420 +07:00 [INF] Executed action BlogApp.Controllers.AuthenController.CheckValidToken (BlogApp) in 0.1849ms
2026-06-28 15:16:44.420 +07:00 [INF] Executed endpoint 'BlogApp.Controllers.BlogController.SearchBlogs (BlogApp)'
2026-06-28 15:16:44.420 +07:00 [INF] Executed endpoint 'BlogApp.Controllers.AuthenController.CheckValidToken (BlogApp)'
2026-06-28 15:16:44.420 +07:00 [INF] HTTP POST /api/blog/search responded 400 in 2.4183 ms
2026-06-28 15:16:44.420 +07:00 [INF] HTTP GET /api/authen/check-valid-token responded 200 in 1.7230 ms
2026-06-28 15:16:44.420 +07:00 [INF] Request finished HTTP/1.1 POST http://localhost:5059/api/blog/search - 400 null application/problem+json; charset=utf-8 2.7854ms
2026-06-28 15:16:44.420 +07:00 [INF] Request finished HTTP/1.1 GET http://localhost:5059/api/authen/check-valid-token - 200 null application/json; charset=utf-8 2.5957ms
2026-06-28 15:16:44.421 +07:00 [INF] Request starting HTTP/1.1 GET http://localhost:5059/api/blog/fivelatest - null null
2026-06-28 15:16:44.421 +07:00 [INF] CORS policy execution successful.
2026-06-28 15:16:44.421 +07:00 [INF] Request starting HTTP/1.1 POST http://localhost:5059/api/blog/search - multipart/form-data; boundary=----WebKitFormBoundaryiHiDO9M4tZh2kJYX 426
2026-06-28 15:16:44.421 +07:00 [INF] Executing endpoint 'BlogApp.Controllers.BlogController.Get5LatestBlogs (BlogApp)'
2026-06-28 15:16:44.421 +07:00 [INF] CORS policy execution successful.
2026-06-28 15:16:44.421 +07:00 [INF] Route matched with {action = "Get5LatestBlogs", controller = "Blog"}. Executing controller action with signature Microsoft.AspNetCore.Mvc.ActionResult Get5LatestBlogs() on controller BlogApp.Controllers.BlogController (BlogApp).
2026-06-28 15:16:44.421 +07:00 [INF] Executing endpoint 'BlogApp.Controllers.BlogController.SearchBlogs (BlogApp)'
2026-06-28 15:16:44.421 +07:00 [INF] Route matched with {action = "SearchBlogs", controller = "Blog"}. Executing controller action with signature Microsoft.AspNetCore.Mvc.ActionResult SearchBlogs(BlogApp.DTOs.SearchBlogReqDTO) on controller BlogApp.Controllers.BlogController (BlogApp).
2026-06-28 15:16:44.422 +07:00 [INF] Request starting HTTP/1.1 OPTIONS http://localhost:5059/api/tags/topfive - null null
2026-06-28 15:16:44.422 +07:00 [INF] CORS policy execution successful.
2026-06-28 15:16:44.422 +07:00 [INF] Executing BadRequestObjectResult, writing value of type 'Microsoft.AspNetCore.Mvc.ValidationProblemDetails'.
2026-06-28 15:16:44.422 +07:00 [INF] Request finished HTTP/1.1 OPTIONS http://localhost:5059/api/tags/topfive - 204 null null 0.2396ms
2026-06-28 15:16:44.422 +07:00 [INF] Executed action BlogApp.Controllers.BlogController.SearchBlogs (BlogApp) in 0.5173ms
2026-06-28 15:16:44.422 +07:00 [INF] Executed endpoint 'BlogApp.Controllers.BlogController.SearchBlogs (BlogApp)'
2026-06-28 15:16:44.422 +07:00 [INF] Request starting HTTP/1.1 OPTIONS http://localhost:5059/api/blog/topfive - null null
2026-06-28 15:16:44.422 +07:00 [INF] HTTP POST /api/blog/search responded 400 in 0.9151 ms
2026-06-28 15:16:44.422 +07:00 [INF] CORS policy execution successful.
2026-06-28 15:16:44.422 +07:00 [INF] Request finished HTTP/1.1 POST http://localhost:5059/api/blog/search - 400 null application/problem+json; charset=utf-8 1.341ms
2026-06-28 15:16:44.422 +07:00 [INF] Request finished HTTP/1.1 OPTIONS http://localhost:5059/api/blog/topfive - 204 null null 0.2948ms
2026-06-28 15:16:44.423 +07:00 [INF] Request starting HTTP/1.1 GET http://localhost:5059/api/authen/check-valid-token - null null
2026-06-28 15:16:44.423 +07:00 [INF] Request starting HTTP/1.1 GET http://localhost:5059/api/tags/topfive - null null
2026-06-28 15:16:44.423 +07:00 [INF] CORS policy execution successful.
2026-06-28 15:16:44.423 +07:00 [INF] CORS policy execution successful.
2026-06-28 15:16:44.423 +07:00 [INF] Executing endpoint 'BlogApp.Controllers.TagController.GetTop5Tags (BlogApp)'
2026-06-28 15:16:44.423 +07:00 [INF] Executing endpoint 'BlogApp.Controllers.AuthenController.CheckValidToken (BlogApp)'
2026-06-28 15:16:44.423 +07:00 [INF] Route matched with {action = "GetTop5Tags", controller = "Tag"}. Executing controller action with signature Microsoft.AspNetCore.Mvc.ActionResult GetTop5Tags() on controller BlogApp.Controllers.TagController (BlogApp).
2026-06-28 15:16:44.423 +07:00 [INF] Route matched with {action = "CheckValidToken", controller = "Authen"}. Executing controller action with signature Microsoft.AspNetCore.Mvc.ActionResult`1[BlogApp.DTOs.ResponseBaseDTO] CheckValidToken() on controller BlogApp.Controllers.AuthenController (BlogApp).
2026-06-28 15:16:44.423 +07:00 [INF] Request starting HTTP/1.1 GET http://localhost:5059/api/blog/topfive - null null
2026-06-28 15:16:44.423 +07:00 [INF] Executing OkObjectResult, writing value of type 'BlogApp.DTOs.ResponseBaseDTO'.
2026-06-28 15:16:44.423 +07:00 [INF] CORS policy execution successful.
2026-06-28 15:16:44.424 +07:00 [INF] Executed action BlogApp.Controllers.AuthenController.CheckValidToken (BlogApp) in 0.217ms
2026-06-28 15:16:44.424 +07:00 [INF] Executing endpoint 'BlogApp.Controllers.BlogController.GetTop5Blogs (BlogApp)'
2026-06-28 15:16:44.424 +07:00 [INF] Executed endpoint 'BlogApp.Controllers.AuthenController.CheckValidToken (BlogApp)'
2026-06-28 15:16:44.424 +07:00 [INF] Route matched with {action = "GetTop5Blogs", controller = "Blog"}. Executing controller action with signature Microsoft.AspNetCore.Mvc.ActionResult GetTop5Blogs() on controller BlogApp.Controllers.BlogController (BlogApp).
2026-06-28 15:16:44.424 +07:00 [INF] HTTP GET /api/authen/check-valid-token responded 200 in 0.8184 ms
2026-06-28 15:16:44.424 +07:00 [INF] Request finished HTTP/1.1 GET http://localhost:5059/api/authen/check-valid-token - 200 null application/json; charset=utf-8 1.381ms
2026-06-28 15:16:44.424 +07:00 [INF] Executed DbCommand (2ms) [Parameters=[], CommandType='"Text"', CommandTimeout='30']
SELECT b."Id", b."AmountOfAccesses", b."AuthorId", b."Content", b."CoverImage", b."CreatedAt", b."PublishedAt", b."State", b."Tags", b."Title", b."UpdatedAt"
FROM "Blogs" AS b
ORDER BY b."CreatedAt" DESC
2026-06-28 15:16:44.424 +07:00 [INF] Executing OkObjectResult, writing value of type 'BlogApp.DTOs.BlogListRespDTO'.
2026-06-28 15:16:44.425 +07:00 [INF] Executed action BlogApp.Controllers.BlogController.Get5LatestBlogs (BlogApp) in 3.23ms
2026-06-28 15:16:44.425 +07:00 [INF] Executed endpoint 'BlogApp.Controllers.BlogController.Get5LatestBlogs (BlogApp)'
2026-06-28 15:16:44.425 +07:00 [INF] HTTP GET /api/blog/fivelatest responded 200 in 3.7845 ms
2026-06-28 15:16:44.425 +07:00 [INF] Request finished HTTP/1.1 GET http://localhost:5059/api/blog/fivelatest - 200 null application/json; charset=utf-8 4.1489ms
2026-06-28 15:16:44.425 +07:00 [INF] Request starting HTTP/1.1 GET http://localhost:5059/api/blog/fivelatest - null null
2026-06-28 15:16:44.425 +07:00 [INF] Executed DbCommand (2ms) [Parameters=[], CommandType='"Text"', CommandTimeout='30']

            SELECT tag AS Name, COUNT(*) AS blog_count
            FROM "Blogs", UNNEST("Tags") AS tag
            GROUP BY tag
            ORDER BY blog_count DESC
            LIMIT 5
2026-06-28 15:16:44.425 +07:00 [INF] CORS policy execution successful.
2026-06-28 15:16:44.426 +07:00 [INF] Executing OkObjectResult, writing value of type 'BlogApp.DTOs.TagListRespDTO'.
2026-06-28 15:16:44.426 +07:00 [INF] Executing endpoint 'BlogApp.Controllers.BlogController.Get5LatestBlogs (BlogApp)'
2026-06-28 15:16:44.426 +07:00 [INF] Executed action BlogApp.Controllers.TagController.GetTop5Tags (BlogApp) in 2.4552ms
2026-06-28 15:16:44.426 +07:00 [INF] Route matched with {action = "Get5LatestBlogs", controller = "Blog"}. Executing controller action with signature Microsoft.AspNetCore.Mvc.ActionResult Get5LatestBlogs() on controller BlogApp.Controllers.BlogController (BlogApp).
2026-06-28 15:16:44.426 +07:00 [INF] Executed endpoint 'BlogApp.Controllers.TagController.GetTop5Tags (BlogApp)'
2026-06-28 15:16:44.426 +07:00 [INF] HTTP GET /api/tags/topfive responded 200 in 2.9816 ms
2026-06-28 15:16:44.426 +07:00 [INF] Request finished HTTP/1.1 GET http://localhost:5059/api/tags/topfive - 200 null application/json; charset=utf-8 3.4409ms
2026-06-28 15:16:44.427 +07:00 [INF] Request starting HTTP/1.1 GET http://localhost:5059/api/tags/topfive - null null
2026-06-28 15:16:44.427 +07:00 [INF] CORS policy execution successful.
2026-06-28 15:16:44.427 +07:00 [INF] Executing endpoint 'BlogApp.Controllers.TagController.GetTop5Tags (BlogApp)'
2026-06-28 15:16:44.427 +07:00 [INF] Route matched with {action = "GetTop5Tags", controller = "Tag"}. Executing controller action with signature Microsoft.AspNetCore.Mvc.ActionResult GetTop5Tags() on controller BlogApp.Controllers.TagController (BlogApp).
2026-06-28 15:16:44.427 +07:00 [INF] Executed DbCommand (1ms) [Parameters=[], CommandType='"Text"', CommandTimeout='30']
SELECT b."Id", b."AmountOfAccesses", b."AuthorId", b."Content", b."CoverImage", b."CreatedAt", b."PublishedAt", b."State", b."Tags", b."Title", b."UpdatedAt"
FROM "Blogs" AS b
ORDER BY b."CreatedAt" DESC
2026-06-28 15:16:44.427 +07:00 [INF] Executing OkObjectResult, writing value of type 'BlogApp.DTOs.BlogListRespDTO'.
2026-06-28 15:16:44.427 +07:00 [INF] Executed action BlogApp.Controllers.BlogController.Get5LatestBlogs (BlogApp) in 1.5369ms
2026-06-28 15:16:44.428 +07:00 [INF] Executed endpoint 'BlogApp.Controllers.BlogController.Get5LatestBlogs (BlogApp)'
2026-06-28 15:16:44.428 +07:00 [INF] HTTP GET /api/blog/fivelatest responded 200 in 1.9961 ms
2026-06-28 15:16:44.428 +07:00 [INF] Request finished HTTP/1.1 GET http://localhost:5059/api/blog/fivelatest - 200 null application/json; charset=utf-8 2.3289ms
2026-06-28 15:16:44.428 +07:00 [INF] Executed DbCommand (1ms) [Parameters=[], CommandType='"Text"', CommandTimeout='30']

            SELECT tag AS Name, COUNT(*) AS blog_count
            FROM "Blogs", UNNEST("Tags") AS tag
            GROUP BY tag
            ORDER BY blog_count DESC
            LIMIT 5
2026-06-28 15:16:44.428 +07:00 [INF] Executing OkObjectResult, writing value of type 'BlogApp.DTOs.TagListRespDTO'.
2026-06-28 15:16:44.428 +07:00 [INF] Executed action BlogApp.Controllers.TagController.GetTop5Tags (BlogApp) in 1.3384ms
2026-06-28 15:16:44.428 +07:00 [INF] Executed endpoint 'BlogApp.Controllers.TagController.GetTop5Tags (BlogApp)'
2026-06-28 15:16:44.428 +07:00 [INF] HTTP GET /api/tags/topfive responded 200 in 1.6878 ms
2026-06-28 15:16:44.428 +07:00 [INF] Request finished HTTP/1.1 GET http://localhost:5059/api/tags/topfive - 200 null application/json; charset=utf-8 1.9892ms
2026-06-28 15:16:44.429 +07:00 [INF] Executed DbCommand (1ms) [Parameters=[], CommandType='"Text"', CommandTimeout='30']
SELECT b."Id", b."AmountOfAccesses", b."AuthorId", b."Content", b."CoverImage", b."CreatedAt", b."PublishedAt", b."State", b."Tags", b."Title", b."UpdatedAt"
FROM "Blogs" AS b
ORDER BY b."CreatedAt" DESC
2026-06-28 15:16:44.429 +07:00 [INF] Executing OkObjectResult, writing value of type 'BlogApp.DTOs.BlogListRespDTO'.
2026-06-28 15:16:44.430 +07:00 [INF] Executed action BlogApp.Controllers.BlogController.GetTop5Blogs (BlogApp) in 5.6475ms
2026-06-28 15:16:44.430 +07:00 [INF] Executed endpoint 'BlogApp.Controllers.BlogController.GetTop5Blogs (BlogApp)'
2026-06-28 15:16:44.430 +07:00 [INF] HTTP GET /api/blog/topfive responded 200 in 6.0698 ms
2026-06-28 15:16:44.430 +07:00 [INF] Request finished HTTP/1.1 GET http://localhost:5059/api/blog/topfive - 200 null application/json; charset=utf-8 6.3726ms
2026-06-28 15:16:44.430 +07:00 [INF] Request starting HTTP/1.1 GET http://localhost:5059/api/blog/topfive - null null
2026-06-28 15:16:44.430 +07:00 [INF] CORS policy execution successful.
2026-06-28 15:16:44.430 +07:00 [INF] Executing endpoint 'BlogApp.Controllers.BlogController.GetTop5Blogs (BlogApp)'
2026-06-28 15:16:44.431 +07:00 [INF] Route matched with {action = "GetTop5Blogs", controller = "Blog"}. Executing controller action with signature Microsoft.AspNetCore.Mvc.ActionResult GetTop5Blogs() on controller BlogApp.Controllers.BlogController (BlogApp).
2026-06-28 15:16:44.432 +07:00 [INF] Executed DbCommand (1ms) [Parameters=[], CommandType='"Text"', CommandTimeout='30']
SELECT b."Id", b."AmountOfAccesses", b."AuthorId", b."Content", b."CoverImage", b."CreatedAt", b."PublishedAt", b."State", b."Tags", b."Title", b."UpdatedAt"
FROM "Blogs" AS b
ORDER BY b."CreatedAt" DESC
2026-06-28 15:16:44.432 +07:00 [INF] Executing OkObjectResult, writing value of type 'BlogApp.DTOs.BlogListRespDTO'.
2026-06-28 15:16:44.432 +07:00 [INF] Executed action BlogApp.Controllers.BlogController.GetTop5Blogs (BlogApp) in 1.3668ms
2026-06-28 15:16:44.432 +07:00 [INF] Executed endpoint 'BlogApp.Controllers.BlogController.GetTop5Blogs (BlogApp)'
2026-06-28 15:16:44.432 +07:00 [INF] HTTP GET /api/blog/topfive responded 200 in 1.7143 ms
2026-06-28 15:16:44.432 +07:00 [INF] Request finished HTTP/1.1 GET http://localhost:5059/api/blog/topfive - 200 null application/json; charset=utf-8 1.9547ms
2026-06-28 15:16:56.394 +07:00 [INF] Request starting HTTP/1.1 POST http://localhost:5059/api/blog/search - multipart/form-data; boundary=--------------------------322726626931172382845493 489
2026-06-28 15:16:56.394 +07:00 [INF] Executing endpoint 'BlogApp.Controllers.BlogController.SearchBlogs (BlogApp)'
2026-06-28 15:16:56.394 +07:00 [INF] Route matched with {action = "SearchBlogs", controller = "Blog"}. Executing controller action with signature Microsoft.AspNetCore.Mvc.ActionResult SearchBlogs(BlogApp.DTOs.SearchBlogReqDTO) on controller BlogApp.Controllers.BlogController (BlogApp).
2026-06-28 15:16:56.396 +07:00 [INF] Executed DbCommand (1ms) [Parameters=[@req_SearchTitle_contains='?', @req_Tags='?' (DbType = Object)], CommandType='"Text"', CommandTimeout='30']
SELECT count(*)::int
FROM "Blogs" AS b
WHERE b."Title" LIKE @req_SearchTitle_contains AND @req_Tags && b."Tags"
2026-06-28 15:16:56.398 +07:00 [INF] Executed DbCommand (2ms) [Parameters=[@req_SearchTitle_contains='?', @req_Tags='?' (DbType = Object), @p3='?' (DbType = Int32), @p='?' (DbType = Int32)], CommandType='"Text"', CommandTimeout='30']
SELECT b0."Id", b0."AmountOfAccesses", b0."AuthorId", b0."Content", b0."CoverImage", b0."CreatedAt", b0."PublishedAt", b0."State", b0."Tags", b0."Title", b0."UpdatedAt", a."Username", a."Address", a."Avatar", a."CreatedAt", a."Description", a."Email", a."FullName", a."Functions", a."OtherContact", a."Password", a."Phone", a."Role", a."State", a."UpdatedAt"
FROM (
    SELECT b."Id", b."AmountOfAccesses", b."AuthorId", b."Content", b."CoverImage", b."CreatedAt", b."PublishedAt", b."State", b."Tags", b."Title", b."UpdatedAt"
    FROM "Blogs" AS b
    WHERE b."Title" LIKE @req_SearchTitle_contains AND @req_Tags && b."Tags"
    ORDER BY b."PublishedAt" DESC
    LIMIT @p3 OFFSET @p
) AS b0
INNER JOIN "Accounts" AS a ON b0."AuthorId" = a."Username"
ORDER BY b0."PublishedAt" DESC
2026-06-28 15:16:56.399 +07:00 [INF] Executing OkObjectResult, writing value of type 'BlogApp.DTOs.BlogPageRespDTO'.
2026-06-28 15:16:56.399 +07:00 [INF] Executed action BlogApp.Controllers.BlogController.SearchBlogs (BlogApp) in 4.485ms
2026-06-28 15:16:56.399 +07:00 [INF] Executed endpoint 'BlogApp.Controllers.BlogController.SearchBlogs (BlogApp)'
2026-06-28 15:16:56.399 +07:00 [INF] HTTP POST /api/blog/search responded 200 in 4.9164 ms
2026-06-28 15:16:56.399 +07:00 [INF] Request finished HTTP/1.1 POST http://localhost:5059/api/blog/search - 200 null application/json; charset=utf-8 5.2085ms
2026-06-28 15:17:08.669 +07:00 [INF] Request starting HTTP/1.1 OPTIONS http://localhost:5059/api/blog/search - null null
2026-06-28 15:17:08.670 +07:00 [INF] CORS policy execution successful.
2026-06-28 15:17:08.670 +07:00 [INF] Request finished HTTP/1.1 OPTIONS http://localhost:5059/api/blog/search - 204 null null 0.2701ms
2026-06-28 15:17:08.670 +07:00 [INF] Request starting HTTP/1.1 POST http://localhost:5059/api/blog/search - multipart/form-data; boundary=----WebKitFormBoundaryKSFmeHwO6KXFUhoI 429
2026-06-28 15:17:08.670 +07:00 [INF] CORS policy execution successful.
2026-06-28 15:17:08.670 +07:00 [INF] Executing endpoint 'BlogApp.Controllers.BlogController.SearchBlogs (BlogApp)'
2026-06-28 15:17:08.671 +07:00 [INF] Route matched with {action = "SearchBlogs", controller = "Blog"}. Executing controller action with signature Microsoft.AspNetCore.Mvc.ActionResult SearchBlogs(BlogApp.DTOs.SearchBlogReqDTO) on controller BlogApp.Controllers.BlogController (BlogApp).
2026-06-28 15:17:08.673 +07:00 [INF] Executed DbCommand (1ms) [Parameters=[@req_SearchTitle_contains='?', @req_Tags='?' (DbType = Object)], CommandType='"Text"', CommandTimeout='30']
SELECT count(*)::int
FROM "Blogs" AS b
WHERE b."Title" LIKE @req_SearchTitle_contains AND @req_Tags && b."Tags"
2026-06-28 15:17:08.674 +07:00 [INF] Executed DbCommand (1ms) [Parameters=[@req_SearchTitle_contains='?', @req_Tags='?' (DbType = Object), @p3='?' (DbType = Int32), @p='?' (DbType = Int32)], CommandType='"Text"', CommandTimeout='30']
SELECT b0."Id", b0."AmountOfAccesses", b0."AuthorId", b0."Content", b0."CoverImage", b0."CreatedAt", b0."PublishedAt", b0."State", b0."Tags", b0."Title", b0."UpdatedAt", a."Username", a."Address", a."Avatar", a."CreatedAt", a."Description", a."Email", a."FullName", a."Functions", a."OtherContact", a."Password", a."Phone", a."Role", a."State", a."UpdatedAt"
FROM (
    SELECT b."Id", b."AmountOfAccesses", b."AuthorId", b."Content", b."CoverImage", b."CreatedAt", b."PublishedAt", b."State", b."Tags", b."Title", b."UpdatedAt"
    FROM "Blogs" AS b
    WHERE b."Title" LIKE @req_SearchTitle_contains AND @req_Tags && b."Tags"
    ORDER BY b."PublishedAt" DESC
    LIMIT @p3 OFFSET @p
) AS b0
INNER JOIN "Accounts" AS a ON b0."AuthorId" = a."Username"
ORDER BY b0."PublishedAt" DESC
2026-06-28 15:17:08.674 +07:00 [INF] Executing OkObjectResult, writing value of type 'BlogApp.DTOs.BlogPageRespDTO'.
2026-06-28 15:17:08.674 +07:00 [INF] Executed action BlogApp.Controllers.BlogController.SearchBlogs (BlogApp) in 3.4485ms
2026-06-28 15:17:08.674 +07:00 [INF] Executed endpoint 'BlogApp.Controllers.BlogController.SearchBlogs (BlogApp)'
2026-06-28 15:17:08.674 +07:00 [INF] HTTP POST /api/blog/search responded 200 in 3.7866 ms
2026-06-28 15:17:08.674 +07:00 [INF] Request finished HTTP/1.1 POST http://localhost:5059/api/blog/search - 200 null application/json; charset=utf-8 4.0537ms
2026-06-28 15:18:19.457 +07:00 [INF] Request starting HTTP/1.1 OPTIONS http://localhost:5059/api/blog/search - null null
2026-06-28 15:18:19.458 +07:00 [INF] CORS policy execution successful.
2026-06-28 15:18:19.458 +07:00 [INF] Request finished HTTP/1.1 OPTIONS http://localhost:5059/api/blog/search - 204 null null 0.294ms
2026-06-28 15:18:19.459 +07:00 [INF] Request starting HTTP/1.1 POST http://localhost:5059/api/blog/search - multipart/form-data; boundary=----WebKitFormBoundarykGrq8GXA1k7xOK0K 429
2026-06-28 15:18:19.459 +07:00 [INF] CORS policy execution successful.
2026-06-28 15:18:19.459 +07:00 [INF] Executing endpoint 'BlogApp.Controllers.BlogController.SearchBlogs (BlogApp)'
2026-06-28 15:18:19.459 +07:00 [INF] Route matched with {action = "SearchBlogs", controller = "Blog"}. Executing controller action with signature Microsoft.AspNetCore.Mvc.ActionResult SearchBlogs(BlogApp.DTOs.SearchBlogReqDTO) on controller BlogApp.Controllers.BlogController (BlogApp).
2026-06-28 15:18:19.461 +07:00 [INF] Executed DbCommand (1ms) [Parameters=[@req_SearchTitle_contains='?', @req_Tags='?' (DbType = Object)], CommandType='"Text"', CommandTimeout='30']
SELECT count(*)::int
FROM "Blogs" AS b
WHERE b."Title" LIKE @req_SearchTitle_contains AND @req_Tags && b."Tags"
2026-06-28 15:18:19.463 +07:00 [INF] Executed DbCommand (1ms) [Parameters=[@req_SearchTitle_contains='?', @req_Tags='?' (DbType = Object), @p3='?' (DbType = Int32), @p='?' (DbType = Int32)], CommandType='"Text"', CommandTimeout='30']
SELECT b0."Id", b0."AmountOfAccesses", b0."AuthorId", b0."Content", b0."CoverImage", b0."CreatedAt", b0."PublishedAt", b0."State", b0."Tags", b0."Title", b0."UpdatedAt", a."Username", a."Address", a."Avatar", a."CreatedAt", a."Description", a."Email", a."FullName", a."Functions", a."OtherContact", a."Password", a."Phone", a."Role", a."State", a."UpdatedAt"
FROM (
    SELECT b."Id", b."AmountOfAccesses", b."AuthorId", b."Content", b."CoverImage", b."CreatedAt", b."PublishedAt", b."State", b."Tags", b."Title", b."UpdatedAt"
    FROM "Blogs" AS b
    WHERE b."Title" LIKE @req_SearchTitle_contains AND @req_Tags && b."Tags"
    ORDER BY b."PublishedAt" DESC
    LIMIT @p3 OFFSET @p
) AS b0
INNER JOIN "Accounts" AS a ON b0."AuthorId" = a."Username"
ORDER BY b0."PublishedAt" DESC
2026-06-28 15:18:33.833 +07:00 [INF] Executing OkObjectResult, writing value of type 'BlogApp.DTOs.BlogPageRespDTO'.
2026-06-28 15:18:33.834 +07:00 [INF] Executed action BlogApp.Controllers.BlogController.SearchBlogs (BlogApp) in 14374.0302ms
2026-06-28 15:18:33.834 +07:00 [INF] Executed endpoint 'BlogApp.Controllers.BlogController.SearchBlogs (BlogApp)'
2026-06-28 15:18:33.835 +07:00 [INF] HTTP POST /api/blog/search responded 200 in 14375.7061 ms
2026-06-28 15:18:33.835 +07:00 [INF] Request finished HTTP/1.1 POST http://localhost:5059/api/blog/search - 200 null application/json; charset=utf-8 14376.3316ms
2026-06-28 15:19:14.589 +07:00 [INF] Request starting HTTP/1.1 OPTIONS http://localhost:5059/api/blog/search - null null
2026-06-28 15:19:14.589 +07:00 [INF] CORS policy execution successful.
2026-06-28 15:19:14.590 +07:00 [INF] Request finished HTTP/1.1 OPTIONS http://localhost:5059/api/blog/search - 204 null null 0.5658ms
2026-06-28 15:19:14.590 +07:00 [INF] Request starting HTTP/1.1 POST http://localhost:5059/api/blog/search - multipart/form-data; boundary=----WebKitFormBoundary3YeNORAkQzkmVL7F 429
2026-06-28 15:19:14.590 +07:00 [INF] CORS policy execution successful.
2026-06-28 15:19:14.591 +07:00 [INF] Executing endpoint 'BlogApp.Controllers.BlogController.SearchBlogs (BlogApp)'
2026-06-28 15:19:14.591 +07:00 [INF] Route matched with {action = "SearchBlogs", controller = "Blog"}. Executing controller action with signature Microsoft.AspNetCore.Mvc.ActionResult SearchBlogs(BlogApp.DTOs.SearchBlogReqDTO) on controller BlogApp.Controllers.BlogController (BlogApp).
2026-06-28 15:19:14.592 +07:00 [INF] Executed DbCommand (1ms) [Parameters=[@req_SearchTitle_contains='?', @req_Tags='?' (DbType = Object)], CommandType='"Text"', CommandTimeout='30']
SELECT count(*)::int
FROM "Blogs" AS b
WHERE b."Title" LIKE @req_SearchTitle_contains AND @req_Tags && b."Tags"
2026-06-28 15:19:14.594 +07:00 [INF] Executed DbCommand (1ms) [Parameters=[@req_SearchTitle_contains='?', @req_Tags='?' (DbType = Object), @p3='?' (DbType = Int32), @p='?' (DbType = Int32)], CommandType='"Text"', CommandTimeout='30']
SELECT b0."Id", b0."AmountOfAccesses", b0."AuthorId", b0."Content", b0."CoverImage", b0."CreatedAt", b0."PublishedAt", b0."State", b0."Tags", b0."Title", b0."UpdatedAt", a."Username", a."Address", a."Avatar", a."CreatedAt", a."Description", a."Email", a."FullName", a."Functions", a."OtherContact", a."Password", a."Phone", a."Role", a."State", a."UpdatedAt"
FROM (
    SELECT b."Id", b."AmountOfAccesses", b."AuthorId", b."Content", b."CoverImage", b."CreatedAt", b."PublishedAt", b."State", b."Tags", b."Title", b."UpdatedAt"
    FROM "Blogs" AS b
    WHERE b."Title" LIKE @req_SearchTitle_contains AND @req_Tags && b."Tags"
    ORDER BY b."PublishedAt" DESC
    LIMIT @p3 OFFSET @p
) AS b0
INNER JOIN "Accounts" AS a ON b0."AuthorId" = a."Username"
ORDER BY b0."PublishedAt" DESC
2026-06-28 15:19:18.118 +07:00 [INF] Executing OkObjectResult, writing value of type 'BlogApp.DTOs.BlogPageRespDTO'.
2026-06-28 15:19:18.118 +07:00 [INF] Executed action BlogApp.Controllers.BlogController.SearchBlogs (BlogApp) in 3527.3866ms
2026-06-28 15:19:18.118 +07:00 [INF] Executed endpoint 'BlogApp.Controllers.BlogController.SearchBlogs (BlogApp)'
2026-06-28 15:19:18.119 +07:00 [INF] HTTP POST /api/blog/search responded 200 in 3528.1180 ms
2026-06-28 15:19:18.119 +07:00 [INF] Request finished HTTP/1.1 POST http://localhost:5059/api/blog/search - 200 null application/json; charset=utf-8 3528.9799ms
2026-06-28 15:19:37.268 +07:00 [INF] Request starting HTTP/1.1 POST http://localhost:5059/api/blog/search - multipart/form-data; boundary=--------------------------513630929977184924165554 489
2026-06-28 15:19:37.268 +07:00 [INF] Executing endpoint 'BlogApp.Controllers.BlogController.SearchBlogs (BlogApp)'
2026-06-28 15:19:37.269 +07:00 [INF] Route matched with {action = "SearchBlogs", controller = "Blog"}. Executing controller action with signature Microsoft.AspNetCore.Mvc.ActionResult SearchBlogs(BlogApp.DTOs.SearchBlogReqDTO) on controller BlogApp.Controllers.BlogController (BlogApp).
2026-06-28 15:19:37.270 +07:00 [INF] Executed DbCommand (1ms) [Parameters=[@req_SearchTitle_contains='?', @req_Tags='?' (DbType = Object)], CommandType='"Text"', CommandTimeout='30']
SELECT count(*)::int
FROM "Blogs" AS b
WHERE b."Title" LIKE @req_SearchTitle_contains AND @req_Tags && b."Tags"
2026-06-28 15:19:37.271 +07:00 [INF] Executed DbCommand (1ms) [Parameters=[@req_SearchTitle_contains='?', @req_Tags='?' (DbType = Object), @p3='?' (DbType = Int32), @p='?' (DbType = Int32)], CommandType='"Text"', CommandTimeout='30']
SELECT b0."Id", b0."AmountOfAccesses", b0."AuthorId", b0."Content", b0."CoverImage", b0."CreatedAt", b0."PublishedAt", b0."State", b0."Tags", b0."Title", b0."UpdatedAt", a."Username", a."Address", a."Avatar", a."CreatedAt", a."Description", a."Email", a."FullName", a."Functions", a."OtherContact", a."Password", a."Phone", a."Role", a."State", a."UpdatedAt"
FROM (
    SELECT b."Id", b."AmountOfAccesses", b."AuthorId", b."Content", b."CoverImage", b."CreatedAt", b."PublishedAt", b."State", b."Tags", b."Title", b."UpdatedAt"
    FROM "Blogs" AS b
    WHERE b."Title" LIKE @req_SearchTitle_contains AND @req_Tags && b."Tags"
    ORDER BY b."PublishedAt" DESC
    LIMIT @p3 OFFSET @p
) AS b0
INNER JOIN "Accounts" AS a ON b0."AuthorId" = a."Username"
ORDER BY b0."PublishedAt" DESC
2026-06-28 15:19:37.272 +07:00 [INF] Executing OkObjectResult, writing value of type 'BlogApp.DTOs.BlogPageRespDTO'.
2026-06-28 15:19:37.272 +07:00 [INF] Executed action BlogApp.Controllers.BlogController.SearchBlogs (BlogApp) in 2.9615ms
2026-06-28 15:19:37.272 +07:00 [INF] Executed endpoint 'BlogApp.Controllers.BlogController.SearchBlogs (BlogApp)'
2026-06-28 15:19:37.272 +07:00 [INF] HTTP POST /api/blog/search responded 200 in 3.3029 ms
2026-06-28 15:19:37.272 +07:00 [INF] Request finished HTTP/1.1 POST http://localhost:5059/api/blog/search - 200 null application/json; charset=utf-8 4.0863ms
2026-06-28 22:46:30.807 +07:00 [INF] User profile is available. Using '/home/kieudangkimbao2000/.aspnet/DataProtection-Keys' as key repository; keys will not be encrypted at rest.
2026-06-28 22:46:31.025 +07:00 [WRN] The ASP.NET Core developer certificate is not trusted. For information about trusting the ASP.NET Core developer certificate, see https://aka.ms/aspnet/https-trust-dev-cert
2026-06-28 22:46:31.038 +07:00 [INF] Now listening on: https://localhost:7065
2026-06-28 22:46:31.039 +07:00 [INF] Now listening on: http://localhost:5059
2026-06-28 22:46:31.040 +07:00 [INF] Application started. Press Ctrl+C to shut down.
2026-06-28 22:46:31.040 +07:00 [INF] Hosting environment: Development
2026-06-28 22:46:31.040 +07:00 [INF] Content root path: /home/kieudangkimbao2000/WorkSpace/BlogApp/backend
2026-06-28 22:49:22.942 +07:00 [INF] Request starting HTTP/1.1 POST http://localhost:5059/api/blog/search - multipart/form-data; boundary=--------------------------465359642373653190813927 489
2026-06-28 22:49:23.000 +07:00 [INF] Executing endpoint 'BlogApp.Controllers.BlogController.SearchBlogs (BlogApp)'
2026-06-28 22:49:23.015 +07:00 [INF] Route matched with {action = "SearchBlogs", controller = "Blog"}. Executing controller action with signature Microsoft.AspNetCore.Mvc.ActionResult SearchBlogs(BlogApp.DTOs.SearchBlogReqDTO) on controller BlogApp.Controllers.BlogController (BlogApp).
2026-06-28 22:49:24.105 +07:00 [INF] Executed DbCommand (84ms) [Parameters=[@req_SearchTitle_contains='?', @req_Tags='?' (DbType = Object)], CommandType='"Text"', CommandTimeout='30']
SELECT count(*)::int
FROM "Blogs" AS b
WHERE b."Title" LIKE @req_SearchTitle_contains AND @req_Tags && b."Tags"
2026-06-28 22:49:24.223 +07:00 [INF] Executed DbCommand (13ms) [Parameters=[@req_SearchTitle_contains='?', @req_Tags='?' (DbType = Object), @p3='?' (DbType = Int32), @p='?' (DbType = Int32)], CommandType='"Text"', CommandTimeout='30']
SELECT b0."Id", b0."AmountOfAccesses", b0."AuthorId", b0."Content", b0."CoverImage", b0."CreatedAt", b0."PublishedAt", b0."State", b0."Tags", b0."Title", b0."UpdatedAt", a."Username", a."Address", a."Avatar", a."CreatedAt", a."Description", a."Email", a."FullName", a."Functions", a."OtherContact", a."Password", a."Phone", a."Role", a."State", a."UpdatedAt"
FROM (
    SELECT b."Id", b."AmountOfAccesses", b."AuthorId", b."Content", b."CoverImage", b."CreatedAt", b."PublishedAt", b."State", b."Tags", b."Title", b."UpdatedAt"
    FROM "Blogs" AS b
    WHERE b."Title" LIKE @req_SearchTitle_contains AND @req_Tags && b."Tags"
    ORDER BY b."PublishedAt" DESC
    LIMIT @p3 OFFSET @p
) AS b0
INNER JOIN "Accounts" AS a ON b0."AuthorId" = a."Username"
ORDER BY b0."PublishedAt" DESC
2026-06-28 22:50:00.003 +07:00 [INF] Executing OkObjectResult, writing value of type 'BlogApp.DTOs.BlogPageRespDTO'.
2026-06-28 22:50:00.024 +07:00 [INF] Executed action BlogApp.Controllers.BlogController.SearchBlogs (BlogApp) in 37006.1684ms
2026-06-28 22:50:00.025 +07:00 [INF] Executed endpoint 'BlogApp.Controllers.BlogController.SearchBlogs (BlogApp)'
2026-06-28 22:50:00.026 +07:00 [INF] HTTP POST /api/blog/search responded 200 in 37056.5112 ms
2026-06-28 22:50:00.035 +07:00 [INF] Request finished HTTP/1.1 POST http://localhost:5059/api/blog/search - 200 null application/json; charset=utf-8 37094.3265ms
2026-06-28 22:52:10.432 +07:00 [INF] User profile is available. Using '/home/kieudangkimbao2000/.aspnet/DataProtection-Keys' as key repository; keys will not be encrypted at rest.
2026-06-28 22:52:10.633 +07:00 [WRN] The ASP.NET Core developer certificate is not trusted. For information about trusting the ASP.NET Core developer certificate, see https://aka.ms/aspnet/https-trust-dev-cert
2026-06-28 22:52:10.647 +07:00 [INF] Now listening on: https://localhost:7065
2026-06-28 22:52:10.647 +07:00 [INF] Now listening on: http://localhost:5059
2026-06-28 22:52:10.649 +07:00 [INF] Application started. Press Ctrl+C to shut down.
2026-06-28 22:52:10.649 +07:00 [INF] Hosting environment: Development
2026-06-28 22:52:10.649 +07:00 [INF] Content root path: /home/kieudangkimbao2000/WorkSpace/BlogApp/backend
2026-06-28 22:52:15.341 +07:00 [INF] Request starting HTTP/1.1 POST http://localhost:5059/api/blog/search - multipart/form-data; boundary=--------------------------895484540861086437762731 489
2026-06-28 22:52:15.391 +07:00 [INF] Executing endpoint 'BlogApp.Controllers.BlogController.SearchBlogs (BlogApp)'
2026-06-28 22:52:15.407 +07:00 [INF] Route matched with {action = "SearchBlogs", controller = "Blog"}. Executing controller action with signature Microsoft.AspNetCore.Mvc.ActionResult SearchBlogs(BlogApp.DTOs.SearchBlogReqDTO) on controller BlogApp.Controllers.BlogController (BlogApp).
2026-06-28 22:52:16.435 +07:00 [INF] Executed DbCommand (84ms) [Parameters=[@req_SearchTitle_contains='?', @req_Tags='?' (DbType = Object)], CommandType='"Text"', CommandTimeout='30']
SELECT count(*)::int
FROM "Blogs" AS b
WHERE b."Title" LIKE @req_SearchTitle_contains AND @req_Tags && b."Tags"
2026-06-28 22:52:16.543 +07:00 [INF] Executed DbCommand (2ms) [Parameters=[@req_SearchTitle_contains='?', @req_Tags='?' (DbType = Object), @p3='?' (DbType = Int32), @p='?' (DbType = Int32)], CommandType='"Text"', CommandTimeout='30']
SELECT b0."Id", b0."AmountOfAccesses", b0."AuthorId", b0."Content", b0."CoverImage", b0."CreatedAt", b0."PublishedAt", b0."State", b0."Tags", b0."Title", b0."UpdatedAt", a."Username", a."Address", a."Avatar", a."CreatedAt", a."Description", a."Email", a."FullName", a."Functions", a."OtherContact", a."Password", a."Phone", a."Role", a."State", a."UpdatedAt"
FROM (
    SELECT b."Id", b."AmountOfAccesses", b."AuthorId", b."Content", b."CoverImage", b."CreatedAt", b."PublishedAt", b."State", b."Tags", b."Title", b."UpdatedAt"
    FROM "Blogs" AS b
    WHERE b."Title" LIKE @req_SearchTitle_contains AND @req_Tags && b."Tags"
    ORDER BY b."PublishedAt" DESC
    LIMIT @p3 OFFSET @p
) AS b0
INNER JOIN "Accounts" AS a ON b0."AuthorId" = a."Username"
ORDER BY b0."PublishedAt" DESC
2026-06-28 22:52:18.717 +07:00 [INF] Executing OkObjectResult, writing value of type 'BlogApp.DTOs.BlogPageRespDTO'.
2026-06-28 22:52:18.735 +07:00 [INF] Executed action BlogApp.Controllers.BlogController.SearchBlogs (BlogApp) in 3325.4225ms
2026-06-28 22:52:18.736 +07:00 [INF] Executed endpoint 'BlogApp.Controllers.BlogController.SearchBlogs (BlogApp)'
2026-06-28 22:52:18.738 +07:00 [INF] HTTP POST /api/blog/search responded 200 in 3370.1410 ms
2026-06-28 22:52:18.746 +07:00 [INF] Request finished HTTP/1.1 POST http://localhost:5059/api/blog/search - 200 null application/json; charset=utf-8 3406.0927ms
2026-06-28 22:53:07.037 +07:00 [INF] Request starting HTTP/1.1 POST http://localhost:5059/api/blog/search - multipart/form-data; boundary=--------------------------207975561935849298050399 489
2026-06-28 22:53:07.040 +07:00 [INF] Executing endpoint 'BlogApp.Controllers.BlogController.SearchBlogs (BlogApp)'
2026-06-28 22:53:07.040 +07:00 [INF] Route matched with {action = "SearchBlogs", controller = "Blog"}. Executing controller action with signature Microsoft.AspNetCore.Mvc.ActionResult SearchBlogs(BlogApp.DTOs.SearchBlogReqDTO) on controller BlogApp.Controllers.BlogController (BlogApp).
2026-06-28 22:53:07.052 +07:00 [INF] Executed DbCommand (1ms) [Parameters=[@req_SearchTitle_contains='?', @req_Tags='?' (DbType = Object)], CommandType='"Text"', CommandTimeout='30']
SELECT count(*)::int
FROM "Blogs" AS b
WHERE b."Title" LIKE @req_SearchTitle_contains AND @req_Tags && b."Tags"
2026-06-28 22:53:07.054 +07:00 [INF] Executed DbCommand (1ms) [Parameters=[@req_SearchTitle_contains='?', @req_Tags='?' (DbType = Object), @p3='?' (DbType = Int32), @p='?' (DbType = Int32)], CommandType='"Text"', CommandTimeout='30']
SELECT b0."Id", b0."AmountOfAccesses", b0."AuthorId", b0."Content", b0."CoverImage", b0."CreatedAt", b0."PublishedAt", b0."State", b0."Tags", b0."Title", b0."UpdatedAt", a."Username", a."Address", a."Avatar", a."CreatedAt", a."Description", a."Email", a."FullName", a."Functions", a."OtherContact", a."Password", a."Phone", a."Role", a."State", a."UpdatedAt"
FROM (
    SELECT b."Id", b."AmountOfAccesses", b."AuthorId", b."Content", b."CoverImage", b."CreatedAt", b."PublishedAt", b."State", b."Tags", b."Title", b."UpdatedAt"
    FROM "Blogs" AS b
    WHERE b."Title" LIKE @req_SearchTitle_contains AND @req_Tags && b."Tags"
    ORDER BY b."PublishedAt" DESC
    LIMIT @p3 OFFSET @p
) AS b0
INNER JOIN "Accounts" AS a ON b0."AuthorId" = a."Username"
ORDER BY b0."PublishedAt" DESC
2026-06-28 22:53:13.822 +07:00 [INF] Executing OkObjectResult, writing value of type 'BlogApp.DTOs.BlogPageRespDTO'.
2026-06-28 22:53:13.824 +07:00 [INF] Executed action BlogApp.Controllers.BlogController.SearchBlogs (BlogApp) in 6783.0394ms
2026-06-28 22:53:13.824 +07:00 [INF] Executed endpoint 'BlogApp.Controllers.BlogController.SearchBlogs (BlogApp)'
2026-06-28 22:53:13.824 +07:00 [INF] HTTP POST /api/blog/search responded 200 in 6784.8686 ms
2026-06-28 22:53:13.824 +07:00 [INF] Request finished HTTP/1.1 POST http://localhost:5059/api/blog/search - 200 null application/json; charset=utf-8 6787.6244ms
2026-06-28 22:54:51.100 +07:00 [INF] User profile is available. Using '/home/kieudangkimbao2000/.aspnet/DataProtection-Keys' as key repository; keys will not be encrypted at rest.
2026-06-28 22:54:51.310 +07:00 [WRN] The ASP.NET Core developer certificate is not trusted. For information about trusting the ASP.NET Core developer certificate, see https://aka.ms/aspnet/https-trust-dev-cert
2026-06-28 22:54:51.324 +07:00 [INF] Now listening on: https://localhost:7065
2026-06-28 22:54:51.324 +07:00 [INF] Now listening on: http://localhost:5059
2026-06-28 22:54:51.326 +07:00 [INF] Application started. Press Ctrl+C to shut down.
2026-06-28 22:54:51.326 +07:00 [INF] Hosting environment: Development
2026-06-28 22:54:51.326 +07:00 [INF] Content root path: /home/kieudangkimbao2000/WorkSpace/BlogApp/backend
2026-06-28 22:54:54.416 +07:00 [INF] Request starting HTTP/1.1 POST http://localhost:5059/api/blog/search - multipart/form-data; boundary=--------------------------283811425326520497820523 489
2026-06-28 22:54:54.466 +07:00 [INF] Executing endpoint 'BlogApp.Controllers.BlogController.SearchBlogs (BlogApp)'
2026-06-28 22:54:54.481 +07:00 [INF] Route matched with {action = "SearchBlogs", controller = "Blog"}. Executing controller action with signature Microsoft.AspNetCore.Mvc.ActionResult SearchBlogs(BlogApp.DTOs.SearchBlogReqDTO) on controller BlogApp.Controllers.BlogController (BlogApp).
2026-06-28 22:54:55.492 +07:00 [INF] Executed DbCommand (81ms) [Parameters=[@req_SearchTitle_contains='?', @req_Tags='?' (DbType = Object)], CommandType='"Text"', CommandTimeout='30']
SELECT count(*)::int
FROM "Blogs" AS b
WHERE b."Title" LIKE @req_SearchTitle_contains AND @req_Tags && b."Tags"
2026-06-28 22:54:55.595 +07:00 [INF] Executed DbCommand (3ms) [Parameters=[@req_SearchTitle_contains='?', @req_Tags='?' (DbType = Object), @p3='?' (DbType = Int32), @p='?' (DbType = Int32)], CommandType='"Text"', CommandTimeout='30']
SELECT b0."Id", b0."AmountOfAccesses", b0."AuthorId", b0."Content", b0."CoverImage", b0."CreatedAt", b0."PublishedAt", b0."State", b0."Tags", b0."Title", b0."UpdatedAt", a."Username", a."Address", a."Avatar", a."CreatedAt", a."Description", a."Email", a."FullName", a."Functions", a."OtherContact", a."Password", a."Phone", a."Role", a."State", a."UpdatedAt"
FROM (
    SELECT b."Id", b."AmountOfAccesses", b."AuthorId", b."Content", b."CoverImage", b."CreatedAt", b."PublishedAt", b."State", b."Tags", b."Title", b."UpdatedAt"
    FROM "Blogs" AS b
    WHERE b."Title" LIKE @req_SearchTitle_contains AND @req_Tags && b."Tags"
    ORDER BY b."PublishedAt" DESC
    LIMIT @p3 OFFSET @p
) AS b0
INNER JOIN "Accounts" AS a ON b0."AuthorId" = a."Username"
ORDER BY b0."PublishedAt" DESC
2026-06-28 22:54:58.728 +07:00 [INF] Executing OkObjectResult, writing value of type 'BlogApp.DTOs.BlogListRespDTO'.
2026-06-28 22:54:58.766 +07:00 [INF] Executed action BlogApp.Controllers.BlogController.SearchBlogs (BlogApp) in 4281.7828ms
2026-06-28 22:54:58.767 +07:00 [INF] Executed endpoint 'BlogApp.Controllers.BlogController.SearchBlogs (BlogApp)'
2026-06-28 22:54:58.769 +07:00 [INF] HTTP POST /api/blog/search responded 200 in 4326.1937 ms
2026-06-28 22:54:58.780 +07:00 [INF] Request finished HTTP/1.1 POST http://localhost:5059/api/blog/search - 200 null application/json; charset=utf-8 4364.8793ms
2026-06-28 22:56:40.033 +07:00 [INF] User profile is available. Using '/home/kieudangkimbao2000/.aspnet/DataProtection-Keys' as key repository; keys will not be encrypted at rest.
2026-06-28 22:56:40.248 +07:00 [WRN] The ASP.NET Core developer certificate is not trusted. For information about trusting the ASP.NET Core developer certificate, see https://aka.ms/aspnet/https-trust-dev-cert
2026-06-28 22:56:40.261 +07:00 [INF] Now listening on: https://localhost:7065
2026-06-28 22:56:40.262 +07:00 [INF] Now listening on: http://localhost:5059
2026-06-28 22:56:40.263 +07:00 [INF] Application started. Press Ctrl+C to shut down.
2026-06-28 22:56:40.263 +07:00 [INF] Hosting environment: Development
2026-06-28 22:56:40.263 +07:00 [INF] Content root path: /home/kieudangkimbao2000/WorkSpace/BlogApp/backend
2026-06-28 22:56:42.725 +07:00 [INF] Request starting HTTP/1.1 POST http://localhost:5059/api/blog/search - multipart/form-data; boundary=--------------------------905354793251565397864291 489
2026-06-28 22:56:42.777 +07:00 [INF] Executing endpoint 'BlogApp.Controllers.BlogController.SearchBlogs (BlogApp)'
2026-06-28 22:56:42.792 +07:00 [INF] Route matched with {action = "SearchBlogs", controller = "Blog"}. Executing controller action with signature Microsoft.AspNetCore.Mvc.ActionResult SearchBlogs(BlogApp.DTOs.SearchBlogReqDTO) on controller BlogApp.Controllers.BlogController (BlogApp).
2026-06-28 22:56:43.840 +07:00 [INF] Executed DbCommand (82ms) [Parameters=[@req_SearchTitle_contains='?', @req_Tags='?' (DbType = Object)], CommandType='"Text"', CommandTimeout='30']
SELECT count(*)::int
FROM "Blogs" AS b
WHERE b."Title" LIKE @req_SearchTitle_contains AND @req_Tags && b."Tags"
2026-06-28 22:56:43.947 +07:00 [INF] Executed DbCommand (2ms) [Parameters=[@req_SearchTitle_contains='?', @req_Tags='?' (DbType = Object), @p3='?' (DbType = Int32), @p='?' (DbType = Int32)], CommandType='"Text"', CommandTimeout='30']
SELECT b0."Id", b0."AmountOfAccesses", b0."AuthorId", b0."Content", b0."CoverImage", b0."CreatedAt", b0."PublishedAt", b0."State", b0."Tags", b0."Title", b0."UpdatedAt", a."Username", a."Address", a."Avatar", a."CreatedAt", a."Description", a."Email", a."FullName", a."Functions", a."OtherContact", a."Password", a."Phone", a."Role", a."State", a."UpdatedAt"
FROM (
    SELECT b."Id", b."AmountOfAccesses", b."AuthorId", b."Content", b."CoverImage", b."CreatedAt", b."PublishedAt", b."State", b."Tags", b."Title", b."UpdatedAt"
    FROM "Blogs" AS b
    WHERE b."Title" LIKE @req_SearchTitle_contains AND @req_Tags && b."Tags"
    ORDER BY b."PublishedAt" DESC
    LIMIT @p3 OFFSET @p
) AS b0
INNER JOIN "Accounts" AS a ON b0."AuthorId" = a."Username"
ORDER BY b0."PublishedAt" DESC
2026-06-28 22:56:51.645 +07:00 [INF] Executing OkObjectResult, writing value of type 'BlogApp.DTOs.BlogPageRespDTO'.
2026-06-28 22:56:51.670 +07:00 [INF] Executed action BlogApp.Controllers.BlogController.SearchBlogs (BlogApp) in 8874.3631ms
2026-06-28 22:56:51.671 +07:00 [INF] Executed endpoint 'BlogApp.Controllers.BlogController.SearchBlogs (BlogApp)'
2026-06-28 22:56:51.673 +07:00 [INF] HTTP POST /api/blog/search responded 200 in 8919.2252 ms
2026-06-28 22:56:51.682 +07:00 [INF] Request finished HTTP/1.1 POST http://localhost:5059/api/blog/search - 200 null application/json; charset=utf-8 8958.2585ms
2026-06-28 23:03:20.669 +07:00 [INF] User profile is available. Using '/home/kieudangkimbao2000/.aspnet/DataProtection-Keys' as key repository; keys will not be encrypted at rest.
2026-06-28 23:03:20.877 +07:00 [WRN] The ASP.NET Core developer certificate is not trusted. For information about trusting the ASP.NET Core developer certificate, see https://aka.ms/aspnet/https-trust-dev-cert
2026-06-28 23:03:20.893 +07:00 [INF] Now listening on: https://localhost:7065
2026-06-28 23:03:20.893 +07:00 [INF] Now listening on: http://localhost:5059
2026-06-28 23:03:20.895 +07:00 [INF] Application started. Press Ctrl+C to shut down.
2026-06-28 23:03:20.895 +07:00 [INF] Hosting environment: Development
2026-06-28 23:03:20.895 +07:00 [INF] Content root path: /home/kieudangkimbao2000/WorkSpace/BlogApp/backend
2026-06-28 23:03:25.110 +07:00 [INF] Request starting HTTP/1.1 POST http://localhost:5059/api/blog/search - multipart/form-data; boundary=--------------------------903103723847920965383218 489
2026-06-28 23:03:25.159 +07:00 [INF] Executing endpoint 'BlogApp.Controllers.BlogController.SearchBlogs (BlogApp)'
2026-06-28 23:03:25.175 +07:00 [INF] Route matched with {action = "SearchBlogs", controller = "Blog"}. Executing controller action with signature Microsoft.AspNetCore.Mvc.ActionResult SearchBlogs(BlogApp.DTOs.SearchBlogReqDTO) on controller BlogApp.Controllers.BlogController (BlogApp).
2026-06-28 23:03:26.212 +07:00 [INF] Executed DbCommand (82ms) [Parameters=[@req_SearchTitle_contains='?', @req_Tags='?' (DbType = Object)], CommandType='"Text"', CommandTimeout='30']
SELECT count(*)::int
FROM "Blogs" AS b
WHERE b."Title" LIKE @req_SearchTitle_contains AND @req_Tags && b."Tags"
2026-06-28 23:03:26.316 +07:00 [INF] Executed DbCommand (2ms) [Parameters=[@req_SearchTitle_contains='?', @req_Tags='?' (DbType = Object), @p3='?' (DbType = Int32), @p='?' (DbType = Int32)], CommandType='"Text"', CommandTimeout='30']
SELECT b0."Id", b0."AmountOfAccesses", b0."AuthorId", b0."Content", b0."CoverImage", b0."CreatedAt", b0."PublishedAt", b0."State", b0."Tags", b0."Title", b0."UpdatedAt", a."Username", a."Address", a."Avatar", a."CreatedAt", a."Description", a."Email", a."FullName", a."Functions", a."OtherContact", a."Password", a."Phone", a."Role", a."State", a."UpdatedAt"
FROM (
    SELECT b."Id", b."AmountOfAccesses", b."AuthorId", b."Content", b."CoverImage", b."CreatedAt", b."PublishedAt", b."State", b."Tags", b."Title", b."UpdatedAt"
    FROM "Blogs" AS b
    WHERE b."Title" LIKE @req_SearchTitle_contains AND @req_Tags && b."Tags"
    ORDER BY b."PublishedAt" DESC
    LIMIT @p3 OFFSET @p
) AS b0
INNER JOIN "Accounts" AS a ON b0."AuthorId" = a."Username"
ORDER BY b0."PublishedAt" DESC
2026-06-28 23:03:28.167 +07:00 [INF] Executing OkObjectResult, writing value of type 'BlogApp.DTOs.BlogPageRespDTO'.
2026-06-28 23:03:28.201 +07:00 [INF] Executed action BlogApp.Controllers.BlogController.SearchBlogs (BlogApp) in 3023.8581ms
2026-06-28 23:03:28.202 +07:00 [INF] Executed endpoint 'BlogApp.Controllers.BlogController.SearchBlogs (BlogApp)'
2026-06-28 23:03:28.203 +07:00 [INF] HTTP POST /api/blog/search responded 200 in 3067.5216 ms
2026-06-28 23:03:28.211 +07:00 [INF] Request finished HTTP/1.1 POST http://localhost:5059/api/blog/search - 200 null application/json; charset=utf-8 3102.6473ms
2026-06-28 23:03:52.499 +07:00 [INF] Request starting HTTP/1.1 OPTIONS http://localhost:5059/api/authen/login - null null
2026-06-28 23:03:52.506 +07:00 [INF] CORS policy execution successful.
2026-06-28 23:03:52.509 +07:00 [INF] Request finished HTTP/1.1 OPTIONS http://localhost:5059/api/authen/login - 204 null null 10.6325ms
2026-06-28 23:03:52.512 +07:00 [INF] Request starting HTTP/1.1 POST http://localhost:5059/api/authen/login - multipart/form-data; boundary=----WebKitFormBoundaryTlarAPrQpVO6xE8l 246
2026-06-28 23:03:52.513 +07:00 [INF] CORS policy execution successful.
2026-06-28 23:03:52.550 +07:00 [INF] Failed to validate the token.
Microsoft.IdentityModel.Tokens.SecurityTokenExpiredException: IDX10223: Lifetime validation failed. The token is expired. ValidTo (UTC): '6/28/2026 9:05:34 AM', Current time (UTC): '6/28/2026 4:03:52 PM'.
   at Microsoft.IdentityModel.Tokens.ValidatorUtilities.ValidateLifetime(Nullable`1 notBefore, Nullable`1 expires, SecurityToken securityToken, TokenValidationParameters validationParameters)
   at Microsoft.IdentityModel.Tokens.Validators.ValidateLifetime(Nullable`1 notBefore, Nullable`1 expires, SecurityToken securityToken, TokenValidationParameters validationParameters)
   at Microsoft.IdentityModel.JsonWebTokens.JsonWebTokenHandler.ValidateTokenPayloadAsync(JsonWebToken jsonWebToken, TokenValidationParameters validationParameters, BaseConfiguration configuration)
   at Microsoft.IdentityModel.JsonWebTokens.JsonWebTokenHandler.ValidateJWSAsync(JsonWebToken jsonWebToken, TokenValidationParameters validationParameters, BaseConfiguration configuration)
2026-06-28 23:03:52.558 +07:00 [INF] Bearer was not authenticated. Failure message: IDX10223: Lifetime validation failed. The token is expired. ValidTo (UTC): '6/28/2026 9:05:34 AM', Current time (UTC): '6/28/2026 4:03:52 PM'.
2026-06-28 23:03:52.558 +07:00 [INF] Executing endpoint 'BlogApp.Controllers.AuthenController.LoginUser (BlogApp)'
2026-06-28 23:03:52.561 +07:00 [INF] Route matched with {action = "LoginUser", controller = "Authen"}. Executing controller action with signature Microsoft.AspNetCore.Mvc.ActionResult`1[BlogApp.DTOs.LoginRespDTO] LoginUser(BlogApp.DTOs.LoginDTO) on controller BlogApp.Controllers.AuthenController (BlogApp).
2026-06-28 23:03:52.580 +07:00 [INF] Executed DbCommand (2ms) [Parameters=[@username='?'], CommandType='"Text"', CommandTimeout='30']
SELECT a."Username", a."Address", a."Avatar", a."CreatedAt", a."Description", a."Email", a."FullName", a."Functions", a."OtherContact", a."Password", a."Phone", a."Role", a."State", a."UpdatedAt"
FROM "Accounts" AS a
WHERE a."Username" = @username
LIMIT 1
2026-06-28 23:03:52.913 +07:00 [INF] Executing OkObjectResult, writing value of type 'BlogApp.DTOs.LoginRespDTO'.
2026-06-28 23:03:52.915 +07:00 [INF] Executed action BlogApp.Controllers.AuthenController.LoginUser (BlogApp) in 354.2832ms
2026-06-28 23:03:52.916 +07:00 [INF] Executed endpoint 'BlogApp.Controllers.AuthenController.LoginUser (BlogApp)'
2026-06-28 23:03:52.916 +07:00 [INF] HTTP POST /api/authen/login responded 200 in 402.3160 ms
2026-06-28 23:03:52.916 +07:00 [INF] Request finished HTTP/1.1 POST http://localhost:5059/api/authen/login - 200 null application/json; charset=utf-8 404.1595ms
2026-06-28 23:03:55.813 +07:00 [INF] Request starting HTTP/1.1 OPTIONS http://localhost:5059/api/blog/search - null null
2026-06-28 23:03:55.814 +07:00 [INF] Request starting HTTP/1.1 OPTIONS http://localhost:5059/api/authen/check-valid-token - null null
2026-06-28 23:03:55.814 +07:00 [INF] CORS policy execution successful.
2026-06-28 23:03:55.814 +07:00 [INF] Request finished HTTP/1.1 OPTIONS http://localhost:5059/api/authen/check-valid-token - 204 null null 0.4103ms
2026-06-28 23:03:55.814 +07:00 [INF] Request starting HTTP/1.1 OPTIONS http://localhost:5059/api/tags/topfive - null null
2026-06-28 23:03:55.815 +07:00 [INF] CORS policy execution successful.
2026-06-28 23:03:55.815 +07:00 [INF] CORS policy execution successful.
2026-06-28 23:03:55.815 +07:00 [INF] Request finished HTTP/1.1 OPTIONS http://localhost:5059/api/tags/topfive - 204 null null 0.5911ms
2026-06-28 23:03:55.815 +07:00 [INF] Request finished HTTP/1.1 OPTIONS http://localhost:5059/api/blog/search - 204 null null 1.5175ms
2026-06-28 23:03:55.816 +07:00 [INF] Request starting HTTP/1.1 GET http://localhost:5059/api/authen/check-valid-token - null null
2026-06-28 23:03:55.816 +07:00 [INF] CORS policy execution successful.
2026-06-28 23:03:55.816 +07:00 [INF] Request starting HTTP/1.1 OPTIONS http://localhost:5059/api/blog/search - null null
2026-06-28 23:03:55.816 +07:00 [INF] Request starting HTTP/1.1 OPTIONS http://localhost:5059/api/blog/fivelatest - null null
2026-06-28 23:03:55.816 +07:00 [INF] Request starting HTTP/1.1 OPTIONS http://localhost:5059/api/blog/topfive - null null
2026-06-28 23:03:55.816 +07:00 [INF] CORS policy execution successful.
2026-06-28 23:03:55.816 +07:00 [INF] CORS policy execution successful.
2026-06-28 23:03:55.816 +07:00 [INF] CORS policy execution successful.
2026-06-28 23:03:55.816 +07:00 [INF] Request finished HTTP/1.1 OPTIONS http://localhost:5059/api/blog/search - 204 null null 0.4575ms
2026-06-28 23:03:55.817 +07:00 [INF] Request finished HTTP/1.1 OPTIONS http://localhost:5059/api/blog/fivelatest - 204 null null 0.4335ms
2026-06-28 23:03:55.817 +07:00 [INF] Request finished HTTP/1.1 OPTIONS http://localhost:5059/api/blog/topfive - 204 null null 0.3408ms
2026-06-28 23:03:55.817 +07:00 [INF] Request starting HTTP/1.1 POST http://localhost:5059/api/blog/search - multipart/form-data; boundary=----WebKitFormBoundarytfqiGh8a4etTfE0W 426
2026-06-28 23:03:55.817 +07:00 [INF] Request starting HTTP/1.1 GET http://localhost:5059/api/tags/topfive - null null
2026-06-28 23:03:55.818 +07:00 [INF] CORS policy execution successful.
2026-06-28 23:03:55.817 +07:00 [INF] Request starting HTTP/1.1 OPTIONS http://localhost:5059/api/blog/fivelatest - null null
2026-06-28 23:03:55.818 +07:00 [INF] Request starting HTTP/1.1 OPTIONS http://localhost:5059/api/blog/topfive - null null
2026-06-28 23:03:55.818 +07:00 [INF] CORS policy execution successful.
2026-06-28 23:03:55.818 +07:00 [INF] Request starting HTTP/1.1 POST http://localhost:5059/api/blog/search - multipart/form-data; boundary=----WebKitFormBoundaryPddIEiyY5M5DEMn7 426
2026-06-28 23:03:55.818 +07:00 [INF] CORS policy execution successful.
2026-06-28 23:03:55.818 +07:00 [INF] CORS policy execution successful.
2026-06-28 23:03:55.818 +07:00 [INF] CORS policy execution successful.
2026-06-28 23:03:55.818 +07:00 [INF] Request finished HTTP/1.1 OPTIONS http://localhost:5059/api/blog/fivelatest - 204 null null 1.0168ms
2026-06-28 23:03:55.818 +07:00 [INF] Request finished HTTP/1.1 OPTIONS http://localhost:5059/api/blog/topfive - 204 null null 0.803ms
2026-06-28 23:03:55.819 +07:00 [INF] Request starting HTTP/1.1 GET http://localhost:5059/api/blog/fivelatest - null null
2026-06-28 23:03:55.819 +07:00 [INF] Request starting HTTP/1.1 GET http://localhost:5059/api/blog/topfive - null null
2026-06-28 23:03:55.819 +07:00 [INF] CORS policy execution successful.
2026-06-28 23:03:55.820 +07:00 [INF] CORS policy execution successful.
2026-06-28 23:03:55.829 +07:00 [INF] Executing endpoint 'BlogApp.Controllers.BlogController.SearchBlogs (BlogApp)'
2026-06-28 23:03:55.829 +07:00 [INF] Executing endpoint 'BlogApp.Controllers.BlogController.GetTop5Blogs (BlogApp)'
2026-06-28 23:03:55.829 +07:00 [INF] Executing endpoint 'BlogApp.Controllers.BlogController.SearchBlogs (BlogApp)'
2026-06-28 23:03:55.829 +07:00 [INF] Executing endpoint 'BlogApp.Controllers.BlogController.Get5LatestBlogs (BlogApp)'
2026-06-28 23:03:55.829 +07:00 [INF] Executing endpoint 'BlogApp.Controllers.TagController.GetTop5Tags (BlogApp)'
2026-06-28 23:03:55.829 +07:00 [INF] Route matched with {action = "SearchBlogs", controller = "Blog"}. Executing controller action with signature Microsoft.AspNetCore.Mvc.ActionResult SearchBlogs(BlogApp.DTOs.SearchBlogReqDTO) on controller BlogApp.Controllers.BlogController (BlogApp).
2026-06-28 23:03:55.829 +07:00 [INF] Route matched with {action = "SearchBlogs", controller = "Blog"}. Executing controller action with signature Microsoft.AspNetCore.Mvc.ActionResult SearchBlogs(BlogApp.DTOs.SearchBlogReqDTO) on controller BlogApp.Controllers.BlogController (BlogApp).
2026-06-28 23:03:55.831 +07:00 [INF] Route matched with {action = "GetTop5Tags", controller = "Tag"}. Executing controller action with signature Microsoft.AspNetCore.Mvc.ActionResult GetTop5Tags() on controller BlogApp.Controllers.TagController (BlogApp).
2026-06-28 23:03:55.831 +07:00 [INF] Route matched with {action = "Get5LatestBlogs", controller = "Blog"}. Executing controller action with signature Microsoft.AspNetCore.Mvc.ActionResult Get5LatestBlogs() on controller BlogApp.Controllers.BlogController (BlogApp).
2026-06-28 23:03:55.831 +07:00 [INF] Route matched with {action = "GetTop5Blogs", controller = "Blog"}. Executing controller action with signature Microsoft.AspNetCore.Mvc.ActionResult GetTop5Blogs() on controller BlogApp.Controllers.BlogController (BlogApp).
2026-06-28 23:03:55.832 +07:00 [INF] Executing endpoint 'BlogApp.Controllers.AuthenController.CheckValidToken (BlogApp)'
2026-06-28 23:03:55.833 +07:00 [INF] Route matched with {action = "CheckValidToken", controller = "Authen"}. Executing controller action with signature Microsoft.AspNetCore.Mvc.ActionResult`1[BlogApp.DTOs.ResponseBaseDTO] CheckValidToken() on controller BlogApp.Controllers.AuthenController (BlogApp).
2026-06-28 23:03:55.833 +07:00 [INF] Executing OkObjectResult, writing value of type 'BlogApp.DTOs.ResponseBaseDTO'.
2026-06-28 23:03:55.834 +07:00 [INF] Executing BadRequestObjectResult, writing value of type 'Microsoft.AspNetCore.Mvc.ValidationProblemDetails'.
2026-06-28 23:03:55.834 +07:00 [INF] Executing BadRequestObjectResult, writing value of type 'Microsoft.AspNetCore.Mvc.ValidationProblemDetails'.
2026-06-28 23:03:55.835 +07:00 [INF] Executed action BlogApp.Controllers.AuthenController.CheckValidToken (BlogApp) in 2.051ms
2026-06-28 23:03:55.835 +07:00 [INF] Executed endpoint 'BlogApp.Controllers.AuthenController.CheckValidToken (BlogApp)'
2026-06-28 23:03:55.835 +07:00 [INF] HTTP GET /api/authen/check-valid-token responded 200 in 19.2276 ms
2026-06-28 23:03:55.835 +07:00 [INF] Request finished HTTP/1.1 GET http://localhost:5059/api/authen/check-valid-token - 200 null application/json; charset=utf-8 19.7532ms
2026-06-28 23:03:55.836 +07:00 [INF] Request starting HTTP/1.1 GET http://localhost:5059/api/authen/check-valid-token - null null
2026-06-28 23:03:55.836 +07:00 [INF] CORS policy execution successful.
2026-06-28 23:03:55.837 +07:00 [INF] Executing endpoint 'BlogApp.Controllers.AuthenController.CheckValidToken (BlogApp)'
2026-06-28 23:03:55.838 +07:00 [INF] Route matched with {action = "CheckValidToken", controller = "Authen"}. Executing controller action with signature Microsoft.AspNetCore.Mvc.ActionResult`1[BlogApp.DTOs.ResponseBaseDTO] CheckValidToken() on controller BlogApp.Controllers.AuthenController (BlogApp).
2026-06-28 23:03:55.840 +07:00 [INF] Executing OkObjectResult, writing value of type 'BlogApp.DTOs.ResponseBaseDTO'.
2026-06-28 23:03:55.840 +07:00 [INF] Executed action BlogApp.Controllers.AuthenController.CheckValidToken (BlogApp) in 2.7575ms
2026-06-28 23:03:55.841 +07:00 [INF] Executed endpoint 'BlogApp.Controllers.AuthenController.CheckValidToken (BlogApp)'
2026-06-28 23:03:55.841 +07:00 [INF] HTTP GET /api/authen/check-valid-token responded 200 in 4.3581 ms
2026-06-28 23:03:55.841 +07:00 [INF] Request finished HTTP/1.1 GET http://localhost:5059/api/authen/check-valid-token - 200 null application/json; charset=utf-8 4.8036ms
2026-06-28 23:03:55.849 +07:00 [INF] Executed action BlogApp.Controllers.BlogController.SearchBlogs (BlogApp) in 20.0211ms
2026-06-28 23:03:55.849 +07:00 [INF] Executed action BlogApp.Controllers.BlogController.SearchBlogs (BlogApp) in 19.9513ms
2026-06-28 23:03:55.850 +07:00 [INF] Executed endpoint 'BlogApp.Controllers.BlogController.SearchBlogs (BlogApp)'
2026-06-28 23:03:55.850 +07:00 [INF] Executed endpoint 'BlogApp.Controllers.BlogController.SearchBlogs (BlogApp)'
2026-06-28 23:03:55.850 +07:00 [INF] HTTP POST /api/blog/search responded 400 in 31.2203 ms
2026-06-28 23:03:55.850 +07:00 [INF] HTTP POST /api/blog/search responded 400 in 32.0286 ms
2026-06-28 23:03:55.850 +07:00 [INF] Request finished HTTP/1.1 POST http://localhost:5059/api/blog/search - 400 null application/problem+json; charset=utf-8 31.9509ms
2026-06-28 23:03:55.850 +07:00 [INF] Request finished HTTP/1.1 POST http://localhost:5059/api/blog/search - 400 null application/problem+json; charset=utf-8 32.5441ms
2026-06-28 23:03:55.892 +07:00 [INF] Executed DbCommand (2ms) [Parameters=[], CommandType='"Text"', CommandTimeout='30']
SELECT b."Id", b."AmountOfAccesses", b."AuthorId", b."Content", b."CoverImage", b."CreatedAt", b."PublishedAt", b."State", b."Tags", b."Title", b."UpdatedAt"
FROM "Blogs" AS b
ORDER BY b."CreatedAt" DESC
2026-06-28 23:03:55.895 +07:00 [INF] Executed DbCommand (1ms) [Parameters=[], CommandType='"Text"', CommandTimeout='30']
SELECT b."Id", b."AmountOfAccesses", b."AuthorId", b."Content", b."CoverImage", b."CreatedAt", b."PublishedAt", b."State", b."Tags", b."Title", b."UpdatedAt"
FROM "Blogs" AS b
ORDER BY b."CreatedAt" DESC
2026-06-28 23:03:55.906 +07:00 [INF] Executed DbCommand (2ms) [Parameters=[], CommandType='"Text"', CommandTimeout='30']

            SELECT tag AS Name, COUNT(*) AS blog_count
            FROM "Blogs", UNNEST("Tags") AS tag
            GROUP BY tag
            ORDER BY blog_count DESC
            LIMIT 5
2026-06-28 23:03:55.910 +07:00 [INF] Executing OkObjectResult, writing value of type 'BlogApp.DTOs.TagListRespDTO'.
2026-06-28 23:03:55.911 +07:00 [INF] Executing OkObjectResult, writing value of type 'BlogApp.DTOs.BlogListRespDTO'.
2026-06-28 23:03:55.911 +07:00 [INF] Executing OkObjectResult, writing value of type 'BlogApp.DTOs.BlogListRespDTO'.
2026-06-28 23:03:55.914 +07:00 [INF] Executed action BlogApp.Controllers.TagController.GetTop5Tags (BlogApp) in 82.898ms
2026-06-28 23:03:55.914 +07:00 [INF] Executed endpoint 'BlogApp.Controllers.TagController.GetTop5Tags (BlogApp)'
2026-06-28 23:03:55.914 +07:00 [INF] HTTP GET /api/tags/topfive responded 200 in 96.0353 ms
2026-06-28 23:03:55.914 +07:00 [INF] Request finished HTTP/1.1 GET http://localhost:5059/api/tags/topfive - 200 null application/json; charset=utf-8 96.784ms
2026-06-28 23:03:55.915 +07:00 [INF] Request starting HTTP/1.1 GET http://localhost:5059/api/tags/topfive - null null
2026-06-28 23:03:55.915 +07:00 [INF] Executed action BlogApp.Controllers.BlogController.GetTop5Blogs (BlogApp) in 83.638ms
2026-06-28 23:03:55.915 +07:00 [INF] Executed action BlogApp.Controllers.BlogController.Get5LatestBlogs (BlogApp) in 83.7356ms
2026-06-28 23:03:55.915 +07:00 [INF] CORS policy execution successful.
2026-06-28 23:03:55.915 +07:00 [INF] Executed endpoint 'BlogApp.Controllers.BlogController.Get5LatestBlogs (BlogApp)'
2026-06-28 23:03:55.915 +07:00 [INF] Executed endpoint 'BlogApp.Controllers.BlogController.GetTop5Blogs (BlogApp)'
2026-06-28 23:03:55.915 +07:00 [INF] HTTP GET /api/blog/fivelatest responded 200 in 95.5853 ms
2026-06-28 23:03:55.915 +07:00 [INF] HTTP GET /api/blog/topfive responded 200 in 95.5361 ms
2026-06-28 23:03:55.915 +07:00 [INF] Request finished HTTP/1.1 GET http://localhost:5059/api/blog/fivelatest - 200 null application/json; charset=utf-8 96.0029ms
2026-06-28 23:03:55.915 +07:00 [INF] Request finished HTTP/1.1 GET http://localhost:5059/api/blog/topfive - 200 null application/json; charset=utf-8 96.0817ms
2026-06-28 23:03:55.915 +07:00 [INF] Executing endpoint 'BlogApp.Controllers.TagController.GetTop5Tags (BlogApp)'
2026-06-28 23:03:55.916 +07:00 [INF] Route matched with {action = "GetTop5Tags", controller = "Tag"}. Executing controller action with signature Microsoft.AspNetCore.Mvc.ActionResult GetTop5Tags() on controller BlogApp.Controllers.TagController (BlogApp).
2026-06-28 23:03:55.916 +07:00 [INF] Request starting HTTP/1.1 GET http://localhost:5059/api/blog/topfive - null null
2026-06-28 23:03:55.916 +07:00 [INF] Request starting HTTP/1.1 GET http://localhost:5059/api/blog/fivelatest - null null
2026-06-28 23:03:55.916 +07:00 [INF] CORS policy execution successful.
2026-06-28 23:03:55.916 +07:00 [INF] CORS policy execution successful.
2026-06-28 23:03:55.916 +07:00 [INF] Executing endpoint 'BlogApp.Controllers.BlogController.GetTop5Blogs (BlogApp)'
2026-06-28 23:03:55.916 +07:00 [INF] Executing endpoint 'BlogApp.Controllers.BlogController.Get5LatestBlogs (BlogApp)'
2026-06-28 23:03:55.917 +07:00 [INF] Route matched with {action = "GetTop5Blogs", controller = "Blog"}. Executing controller action with signature Microsoft.AspNetCore.Mvc.ActionResult GetTop5Blogs() on controller BlogApp.Controllers.BlogController (BlogApp).
2026-06-28 23:03:55.917 +07:00 [INF] Route matched with {action = "Get5LatestBlogs", controller = "Blog"}. Executing controller action with signature Microsoft.AspNetCore.Mvc.ActionResult Get5LatestBlogs() on controller BlogApp.Controllers.BlogController (BlogApp).
2026-06-28 23:03:55.919 +07:00 [INF] Executed DbCommand (1ms) [Parameters=[], CommandType='"Text"', CommandTimeout='30']

            SELECT tag AS Name, COUNT(*) AS blog_count
            FROM "Blogs", UNNEST("Tags") AS tag
            GROUP BY tag
            ORDER BY blog_count DESC
            LIMIT 5
2026-06-28 23:03:55.919 +07:00 [INF] Executing OkObjectResult, writing value of type 'BlogApp.DTOs.TagListRespDTO'.
2026-06-28 23:03:55.920 +07:00 [INF] Executed action BlogApp.Controllers.TagController.GetTop5Tags (BlogApp) in 3.709ms
2026-06-28 23:03:55.920 +07:00 [INF] Executed endpoint 'BlogApp.Controllers.TagController.GetTop5Tags (BlogApp)'
2026-06-28 23:03:55.920 +07:00 [INF] HTTP GET /api/tags/topfive responded 200 in 4.6033 ms
2026-06-28 23:03:55.920 +07:00 [INF] Request finished HTTP/1.1 GET http://localhost:5059/api/tags/topfive - 200 null application/json; charset=utf-8 5.2683ms
2026-06-28 23:03:55.920 +07:00 [INF] Executed DbCommand (1ms) [Parameters=[], CommandType='"Text"', CommandTimeout='30']
SELECT b."Id", b."AmountOfAccesses", b."AuthorId", b."Content", b."CoverImage", b."CreatedAt", b."PublishedAt", b."State", b."Tags", b."Title", b."UpdatedAt"
FROM "Blogs" AS b
ORDER BY b."CreatedAt" DESC
2026-06-28 23:03:55.920 +07:00 [INF] Executed DbCommand (1ms) [Parameters=[], CommandType='"Text"', CommandTimeout='30']
SELECT b."Id", b."AmountOfAccesses", b."AuthorId", b."Content", b."CoverImage", b."CreatedAt", b."PublishedAt", b."State", b."Tags", b."Title", b."UpdatedAt"
FROM "Blogs" AS b
ORDER BY b."CreatedAt" DESC
2026-06-28 23:03:55.921 +07:00 [INF] Executing OkObjectResult, writing value of type 'BlogApp.DTOs.BlogListRespDTO'.
2026-06-28 23:03:55.921 +07:00 [INF] Executing OkObjectResult, writing value of type 'BlogApp.DTOs.BlogListRespDTO'.
2026-06-28 23:03:55.921 +07:00 [INF] Executed action BlogApp.Controllers.BlogController.Get5LatestBlogs (BlogApp) in 4.2342ms
2026-06-28 23:03:55.921 +07:00 [INF] Executed action BlogApp.Controllers.BlogController.GetTop5Blogs (BlogApp) in 4.4038ms
2026-06-28 23:03:55.921 +07:00 [INF] Executed endpoint 'BlogApp.Controllers.BlogController.Get5LatestBlogs (BlogApp)'
2026-06-28 23:03:55.921 +07:00 [INF] Executed endpoint 'BlogApp.Controllers.BlogController.GetTop5Blogs (BlogApp)'
2026-06-28 23:03:55.921 +07:00 [INF] HTTP GET /api/blog/fivelatest responded 200 in 4.9176 ms
2026-06-28 23:03:55.921 +07:00 [INF] HTTP GET /api/blog/topfive responded 200 in 5.0189 ms
2026-06-28 23:03:55.921 +07:00 [INF] Request finished HTTP/1.1 GET http://localhost:5059/api/blog/fivelatest - 200 null application/json; charset=utf-8 5.4198ms
2026-06-28 23:03:55.921 +07:00 [INF] Request finished HTTP/1.1 GET http://localhost:5059/api/blog/topfive - 200 null application/json; charset=utf-8 5.4941ms
2026-06-28 23:04:06.130 +07:00 [INF] Request starting HTTP/1.1 OPTIONS http://localhost:5059/api/blog/search - null null
2026-06-28 23:04:06.131 +07:00 [INF] CORS policy execution successful.
2026-06-28 23:04:06.131 +07:00 [INF] Request finished HTTP/1.1 OPTIONS http://localhost:5059/api/blog/search - 204 null null 0.7057ms
2026-06-28 23:04:06.132 +07:00 [INF] Request starting HTTP/1.1 POST http://localhost:5059/api/blog/search - multipart/form-data; boundary=----WebKitFormBoundaryNDp4trokfhHeTRfg 426
2026-06-28 23:04:06.132 +07:00 [INF] CORS policy execution successful.
2026-06-28 23:04:06.133 +07:00 [INF] Executing endpoint 'BlogApp.Controllers.BlogController.SearchBlogs (BlogApp)'
2026-06-28 23:04:06.133 +07:00 [INF] Route matched with {action = "SearchBlogs", controller = "Blog"}. Executing controller action with signature Microsoft.AspNetCore.Mvc.ActionResult SearchBlogs(BlogApp.DTOs.SearchBlogReqDTO) on controller BlogApp.Controllers.BlogController (BlogApp).
2026-06-28 23:04:06.134 +07:00 [INF] Executing BadRequestObjectResult, writing value of type 'Microsoft.AspNetCore.Mvc.ValidationProblemDetails'.
2026-06-28 23:04:06.134 +07:00 [INF] Executed action BlogApp.Controllers.BlogController.SearchBlogs (BlogApp) in 1.1372ms
2026-06-28 23:04:06.134 +07:00 [INF] Executed endpoint 'BlogApp.Controllers.BlogController.SearchBlogs (BlogApp)'
2026-06-28 23:04:06.134 +07:00 [INF] HTTP POST /api/blog/search responded 400 in 1.8594 ms
2026-06-28 23:04:06.134 +07:00 [INF] Request finished HTTP/1.1 POST http://localhost:5059/api/blog/search - 400 null application/problem+json; charset=utf-8 2.2535ms
2026-06-28 23:04:06.841 +07:00 [INF] Request starting HTTP/1.1 POST http://localhost:5059/api/blog/search - multipart/form-data; boundary=----WebKitFormBoundary8NO2up0DMDYGSeo6 426
2026-06-28 23:04:06.842 +07:00 [INF] CORS policy execution successful.
2026-06-28 23:04:06.842 +07:00 [INF] Executing endpoint 'BlogApp.Controllers.BlogController.SearchBlogs (BlogApp)'
2026-06-28 23:04:06.842 +07:00 [INF] Route matched with {action = "SearchBlogs", controller = "Blog"}. Executing controller action with signature Microsoft.AspNetCore.Mvc.ActionResult SearchBlogs(BlogApp.DTOs.SearchBlogReqDTO) on controller BlogApp.Controllers.BlogController (BlogApp).
2026-06-28 23:04:06.843 +07:00 [INF] Executing BadRequestObjectResult, writing value of type 'Microsoft.AspNetCore.Mvc.ValidationProblemDetails'.
2026-06-28 23:04:06.844 +07:00 [INF] Executed action BlogApp.Controllers.BlogController.SearchBlogs (BlogApp) in 0.954ms
2026-06-28 23:04:06.844 +07:00 [INF] Executed endpoint 'BlogApp.Controllers.BlogController.SearchBlogs (BlogApp)'
2026-06-28 23:04:06.844 +07:00 [INF] HTTP POST /api/blog/search responded 400 in 1.7753 ms
2026-06-28 23:04:06.844 +07:00 [INF] Request finished HTTP/1.1 POST http://localhost:5059/api/blog/search - 400 null application/problem+json; charset=utf-8 2.3249ms
2026-06-28 23:04:21.478 +07:00 [INF] Request starting HTTP/1.1 OPTIONS http://localhost:5059/api/blog/search - null null
2026-06-28 23:04:21.478 +07:00 [INF] CORS policy execution successful.
2026-06-28 23:04:21.479 +07:00 [INF] Request finished HTTP/1.1 OPTIONS http://localhost:5059/api/blog/search - 204 null null 0.5944ms
2026-06-28 23:04:21.479 +07:00 [INF] Request starting HTTP/1.1 POST http://localhost:5059/api/blog/search - multipart/form-data; boundary=----WebKitFormBoundaryROlhJyw7sIygWf15 426
2026-06-28 23:04:21.480 +07:00 [INF] CORS policy execution successful.
2026-06-28 23:04:21.480 +07:00 [INF] Executing endpoint 'BlogApp.Controllers.BlogController.SearchBlogs (BlogApp)'
2026-06-28 23:04:21.480 +07:00 [INF] Route matched with {action = "SearchBlogs", controller = "Blog"}. Executing controller action with signature Microsoft.AspNetCore.Mvc.ActionResult SearchBlogs(BlogApp.DTOs.SearchBlogReqDTO) on controller BlogApp.Controllers.BlogController (BlogApp).
2026-06-28 23:04:21.481 +07:00 [INF] Executing BadRequestObjectResult, writing value of type 'Microsoft.AspNetCore.Mvc.ValidationProblemDetails'.
2026-06-28 23:04:21.481 +07:00 [INF] Executed action BlogApp.Controllers.BlogController.SearchBlogs (BlogApp) in 0.8783ms
2026-06-28 23:04:21.481 +07:00 [INF] Executed endpoint 'BlogApp.Controllers.BlogController.SearchBlogs (BlogApp)'
2026-06-28 23:04:21.481 +07:00 [INF] HTTP POST /api/blog/search responded 400 in 1.5966 ms
2026-06-28 23:04:21.481 +07:00 [INF] Request finished HTTP/1.1 POST http://localhost:5059/api/blog/search - 400 null application/problem+json; charset=utf-8 2.0075ms
2026-06-28 23:04:36.566 +07:00 [INF] Request starting HTTP/1.1 GET http://localhost:5059/api/blog/search - null null
2026-06-28 23:04:36.567 +07:00 [INF] Authorization failed. These requirements were not met:
DenyAnonymousAuthorizationRequirement: Requires an authenticated user.
2026-06-28 23:04:36.570 +07:00 [INF] AuthenticationScheme: Bearer was challenged.
2026-06-28 23:04:36.571 +07:00 [INF] HTTP GET /api/blog/search responded 401 in 4.7725 ms
2026-06-28 23:04:36.571 +07:00 [INF] Request finished HTTP/1.1 GET http://localhost:5059/api/blog/search - 401 0 null 5.2324ms
2026-06-28 23:04:53.324 +07:00 [INF] Request starting HTTP/1.1 GET http://localhost:5059/api/blog/search - null null
2026-06-28 23:04:53.324 +07:00 [INF] Authorization failed. These requirements were not met:
DenyAnonymousAuthorizationRequirement: Requires an authenticated user.
2026-06-28 23:04:53.324 +07:00 [INF] AuthenticationScheme: Bearer was challenged.
2026-06-28 23:04:53.324 +07:00 [INF] HTTP GET /api/blog/search responded 401 in 0.5176 ms
2026-06-28 23:04:53.325 +07:00 [INF] Request finished HTTP/1.1 GET http://localhost:5059/api/blog/search - 401 0 null 1.0376ms
2026-06-28 23:04:55.761 +07:00 [INF] Request starting HTTP/1.1 OPTIONS http://localhost:5059/api/blog/search - null null
2026-06-28 23:04:55.761 +07:00 [INF] CORS policy execution successful.
2026-06-28 23:04:55.761 +07:00 [INF] Request finished HTTP/1.1 OPTIONS http://localhost:5059/api/blog/search - 204 null null 0.5403ms
2026-06-28 23:04:55.762 +07:00 [INF] Request starting HTTP/1.1 POST http://localhost:5059/api/blog/search - multipart/form-data; boundary=----WebKitFormBoundaryNjZypFFrmka3MjNy 426
2026-06-28 23:04:55.762 +07:00 [INF] CORS policy execution successful.
2026-06-28 23:04:55.763 +07:00 [INF] Executing endpoint 'BlogApp.Controllers.BlogController.SearchBlogs (BlogApp)'
2026-06-28 23:04:55.763 +07:00 [INF] Route matched with {action = "SearchBlogs", controller = "Blog"}. Executing controller action with signature Microsoft.AspNetCore.Mvc.ActionResult SearchBlogs(BlogApp.DTOs.SearchBlogReqDTO) on controller BlogApp.Controllers.BlogController (BlogApp).
2026-06-28 23:04:55.763 +07:00 [INF] Executing BadRequestObjectResult, writing value of type 'Microsoft.AspNetCore.Mvc.ValidationProblemDetails'.
2026-06-28 23:04:55.764 +07:00 [INF] Executed action BlogApp.Controllers.BlogController.SearchBlogs (BlogApp) in 0.8019ms
2026-06-28 23:04:55.764 +07:00 [INF] Executed endpoint 'BlogApp.Controllers.BlogController.SearchBlogs (BlogApp)'
2026-06-28 23:04:55.764 +07:00 [INF] HTTP POST /api/blog/search responded 400 in 1.3785 ms
2026-06-28 23:04:55.764 +07:00 [INF] Request finished HTTP/1.1 POST http://localhost:5059/api/blog/search - 400 null application/problem+json; charset=utf-8 1.6849ms
2026-06-28 23:05:22.362 +07:00 [INF] Request starting HTTP/1.1 OPTIONS http://localhost:5059/api/blog/search - null null
2026-06-28 23:05:22.363 +07:00 [INF] CORS policy execution successful.
2026-06-28 23:05:22.363 +07:00 [INF] Request finished HTTP/1.1 OPTIONS http://localhost:5059/api/blog/search - 204 null null 0.575ms
2026-06-28 23:05:22.364 +07:00 [INF] Request starting HTTP/1.1 POST http://localhost:5059/api/blog/search - multipart/form-data; boundary=----WebKitFormBoundaryoSOFprrtXeJrTZDZ 426
2026-06-28 23:05:22.364 +07:00 [INF] CORS policy execution successful.
2026-06-28 23:05:22.364 +07:00 [INF] Executing endpoint 'BlogApp.Controllers.BlogController.SearchBlogs (BlogApp)'
2026-06-28 23:05:22.364 +07:00 [INF] Route matched with {action = "SearchBlogs", controller = "Blog"}. Executing controller action with signature Microsoft.AspNetCore.Mvc.ActionResult SearchBlogs(BlogApp.DTOs.SearchBlogReqDTO) on controller BlogApp.Controllers.BlogController (BlogApp).
2026-06-28 23:05:22.365 +07:00 [INF] Executing BadRequestObjectResult, writing value of type 'Microsoft.AspNetCore.Mvc.ValidationProblemDetails'.
2026-06-28 23:05:22.365 +07:00 [INF] Executed action BlogApp.Controllers.BlogController.SearchBlogs (BlogApp) in 0.9457ms
2026-06-28 23:05:22.365 +07:00 [INF] Executed endpoint 'BlogApp.Controllers.BlogController.SearchBlogs (BlogApp)'
2026-06-28 23:05:22.365 +07:00 [INF] HTTP POST /api/blog/search responded 400 in 1.5847 ms
2026-06-28 23:05:22.366 +07:00 [INF] Request finished HTTP/1.1 POST http://localhost:5059/api/blog/search - 400 null application/problem+json; charset=utf-8 1.9698ms
2026-06-28 23:08:25.569 +07:00 [INF] Request starting HTTP/1.1 OPTIONS http://localhost:5059/api/blog/search - null null
2026-06-28 23:08:25.570 +07:00 [INF] CORS policy execution successful.
2026-06-28 23:08:25.570 +07:00 [INF] Request finished HTTP/1.1 OPTIONS http://localhost:5059/api/blog/search - 204 null null 1.3117ms
2026-06-28 23:08:25.571 +07:00 [INF] Request starting HTTP/1.1 POST http://localhost:5059/api/blog/search - multipart/form-data; boundary=----WebKitFormBoundaryVTFSR4lFEkN87xlM 426
2026-06-28 23:08:25.571 +07:00 [INF] CORS policy execution successful.
2026-06-28 23:08:25.572 +07:00 [INF] Executing endpoint 'BlogApp.Controllers.BlogController.SearchBlogs (BlogApp)'
2026-06-28 23:08:25.572 +07:00 [INF] Route matched with {action = "SearchBlogs", controller = "Blog"}. Executing controller action with signature Microsoft.AspNetCore.Mvc.ActionResult SearchBlogs(BlogApp.DTOs.SearchBlogReqDTO) on controller BlogApp.Controllers.BlogController (BlogApp).
2026-06-28 23:08:25.573 +07:00 [INF] Executing BadRequestObjectResult, writing value of type 'Microsoft.AspNetCore.Mvc.ValidationProblemDetails'.
2026-06-28 23:08:25.573 +07:00 [INF] Executed action BlogApp.Controllers.BlogController.SearchBlogs (BlogApp) in 1.0145ms
2026-06-28 23:08:25.573 +07:00 [INF] Executed endpoint 'BlogApp.Controllers.BlogController.SearchBlogs (BlogApp)'
2026-06-28 23:08:25.573 +07:00 [INF] HTTP POST /api/blog/search responded 400 in 1.5963 ms
2026-06-28 23:08:25.573 +07:00 [INF] Request finished HTTP/1.1 POST http://localhost:5059/api/blog/search - 400 null application/problem+json; charset=utf-8 1.9573ms
2026-06-28 23:12:19.285 +07:00 [INF] Request starting HTTP/1.1 OPTIONS http://localhost:5059/api/blog/search - null null
2026-06-28 23:12:19.287 +07:00 [INF] CORS policy execution successful.
2026-06-28 23:12:19.287 +07:00 [INF] Request finished HTTP/1.1 OPTIONS http://localhost:5059/api/blog/search - 204 null null 1.8805ms
2026-06-28 23:12:19.289 +07:00 [INF] Request starting HTTP/1.1 POST http://localhost:5059/api/blog/search - multipart/form-data; boundary=----WebKitFormBoundaryTPlYkPdEAHLIXJ1J 426
2026-06-28 23:12:19.290 +07:00 [INF] CORS policy execution successful.
2026-06-28 23:12:19.291 +07:00 [INF] Executing endpoint 'BlogApp.Controllers.BlogController.SearchBlogs (BlogApp)'
2026-06-28 23:12:19.291 +07:00 [INF] Route matched with {action = "SearchBlogs", controller = "Blog"}. Executing controller action with signature Microsoft.AspNetCore.Mvc.ActionResult SearchBlogs(BlogApp.DTOs.SearchBlogReqDTO) on controller BlogApp.Controllers.BlogController (BlogApp).
2026-06-28 23:12:19.292 +07:00 [INF] Executing BadRequestObjectResult, writing value of type 'Microsoft.AspNetCore.Mvc.ValidationProblemDetails'.
2026-06-28 23:12:19.292 +07:00 [INF] Executed action BlogApp.Controllers.BlogController.SearchBlogs (BlogApp) in 1.0359ms
2026-06-28 23:12:19.292 +07:00 [INF] Executed endpoint 'BlogApp.Controllers.BlogController.SearchBlogs (BlogApp)'
2026-06-28 23:12:19.292 +07:00 [INF] HTTP POST /api/blog/search responded 400 in 1.7717 ms
2026-06-28 23:12:19.292 +07:00 [INF] Request finished HTTP/1.1 POST http://localhost:5059/api/blog/search - 400 null application/problem+json; charset=utf-8 2.7652ms
2026-06-28 23:17:20.814 +07:00 [INF] User profile is available. Using '/home/kieudangkimbao2000/.aspnet/DataProtection-Keys' as key repository; keys will not be encrypted at rest.
2026-06-28 23:17:21.023 +07:00 [WRN] The ASP.NET Core developer certificate is not trusted. For information about trusting the ASP.NET Core developer certificate, see https://aka.ms/aspnet/https-trust-dev-cert
2026-06-28 23:17:21.036 +07:00 [INF] Now listening on: https://localhost:7065
2026-06-28 23:17:21.037 +07:00 [INF] Now listening on: http://localhost:5059
2026-06-28 23:17:21.038 +07:00 [INF] Application started. Press Ctrl+C to shut down.
2026-06-28 23:17:21.038 +07:00 [INF] Hosting environment: Development
2026-06-28 23:17:21.038 +07:00 [INF] Content root path: /home/kieudangkimbao2000/WorkSpace/BlogApp/backend
2026-06-28 23:17:30.652 +07:00 [INF] Request starting HTTP/1.1 OPTIONS http://localhost:5059/api/blog/search - null null
2026-06-28 23:17:30.679 +07:00 [INF] CORS policy execution successful.
2026-06-28 23:17:30.684 +07:00 [INF] Request finished HTTP/1.1 OPTIONS http://localhost:5059/api/blog/search - 204 null null 32.119ms
2026-06-28 23:17:30.687 +07:00 [INF] Request starting HTTP/1.1 POST http://localhost:5059/api/blog/search - multipart/form-data; boundary=----WebKitFormBoundaryddQ3grMYoCaMXowd 426
2026-06-28 23:17:30.689 +07:00 [INF] CORS policy execution successful.
2026-06-28 23:17:30.757 +07:00 [INF] Executing endpoint 'BlogApp.Controllers.BlogController.SearchBlogs (BlogApp)'
2026-06-28 23:17:30.773 +07:00 [INF] Route matched with {action = "SearchBlogs", controller = "Blog"}. Executing controller action with signature Microsoft.AspNetCore.Mvc.ActionResult SearchBlogs(BlogApp.DTOs.SearchBlogReqDTO) on controller BlogApp.Controllers.BlogController (BlogApp).
2026-06-28 23:17:31.738 +07:00 [INF] Executed DbCommand (16ms) [Parameters=[], CommandType='"Text"', CommandTimeout='30']
SELECT count(*)::int
FROM "Blogs" AS b
WHERE FALSE
2026-06-28 23:17:31.876 +07:00 [INF] Executed DbCommand (9ms) [Parameters=[@p3='?' (DbType = Int32), @p='?' (DbType = Int32)], CommandType='"Text"', CommandTimeout='30']
SELECT b0."Id", b0."AmountOfAccesses", b0."AuthorId", b0."Content", b0."CoverImage", b0."CreatedAt", b0."PublishedAt", b0."State", b0."Tags", b0."Title", b0."UpdatedAt", a."Username", a."Address", a."Avatar", a."CreatedAt", a."Description", a."Email", a."FullName", a."Functions", a."OtherContact", a."Password", a."Phone", a."Role", a."State", a."UpdatedAt"
FROM (
    SELECT b."Id", b."AmountOfAccesses", b."AuthorId", b."Content", b."CoverImage", b."CreatedAt", b."PublishedAt", b."State", b."Tags", b."Title", b."UpdatedAt"
    FROM "Blogs" AS b
    WHERE FALSE
    ORDER BY b."PublishedAt" DESC
    LIMIT @p3 OFFSET @p
) AS b0
INNER JOIN "Accounts" AS a ON b0."AuthorId" = a."Username"
ORDER BY b0."PublishedAt" DESC
2026-06-28 23:17:35.337 +07:00 [INF] Executing OkObjectResult, writing value of type 'BlogApp.DTOs.BlogPageRespDTO'.
2026-06-28 23:17:35.368 +07:00 [INF] Executed action BlogApp.Controllers.BlogController.SearchBlogs (BlogApp) in 4592.2004ms
2026-06-28 23:17:35.368 +07:00 [INF] Executed endpoint 'BlogApp.Controllers.BlogController.SearchBlogs (BlogApp)'
2026-06-28 23:17:35.370 +07:00 [INF] HTTP POST /api/blog/search responded 200 in 4678.3880 ms
2026-06-28 23:17:35.377 +07:00 [INF] Request finished HTTP/1.1 POST http://localhost:5059/api/blog/search - 200 null application/json; charset=utf-8 4690.5598ms
2026-06-28 23:17:45.686 +07:00 [INF] Request starting HTTP/1.1 OPTIONS http://localhost:5059/api/blog/search - null null
2026-06-28 23:17:45.687 +07:00 [INF] CORS policy execution successful.
2026-06-28 23:17:45.687 +07:00 [INF] Request finished HTTP/1.1 OPTIONS http://localhost:5059/api/blog/search - 204 null null 1.2015ms
2026-06-28 23:17:45.688 +07:00 [INF] Request starting HTTP/1.1 POST http://localhost:5059/api/blog/search - multipart/form-data; boundary=----WebKitFormBoundaryNq59A9hQL6YBTxoA 426
2026-06-28 23:17:45.689 +07:00 [INF] CORS policy execution successful.
2026-06-28 23:17:45.690 +07:00 [INF] Executing endpoint 'BlogApp.Controllers.BlogController.SearchBlogs (BlogApp)'
2026-06-28 23:17:45.690 +07:00 [INF] Route matched with {action = "SearchBlogs", controller = "Blog"}. Executing controller action with signature Microsoft.AspNetCore.Mvc.ActionResult SearchBlogs(BlogApp.DTOs.SearchBlogReqDTO) on controller BlogApp.Controllers.BlogController (BlogApp).
2026-06-28 23:17:45.701 +07:00 [INF] Executed DbCommand (1ms) [Parameters=[], CommandType='"Text"', CommandTimeout='30']
SELECT count(*)::int
FROM "Blogs" AS b
WHERE FALSE
2026-06-28 23:17:45.703 +07:00 [INF] Executed DbCommand (1ms) [Parameters=[@p3='?' (DbType = Int32), @p='?' (DbType = Int32)], CommandType='"Text"', CommandTimeout='30']
SELECT b0."Id", b0."AmountOfAccesses", b0."AuthorId", b0."Content", b0."CoverImage", b0."CreatedAt", b0."PublishedAt", b0."State", b0."Tags", b0."Title", b0."UpdatedAt", a."Username", a."Address", a."Avatar", a."CreatedAt", a."Description", a."Email", a."FullName", a."Functions", a."OtherContact", a."Password", a."Phone", a."Role", a."State", a."UpdatedAt"
FROM (
    SELECT b."Id", b."AmountOfAccesses", b."AuthorId", b."Content", b."CoverImage", b."CreatedAt", b."PublishedAt", b."State", b."Tags", b."Title", b."UpdatedAt"
    FROM "Blogs" AS b
    WHERE FALSE
    ORDER BY b."PublishedAt" DESC
    LIMIT @p3 OFFSET @p
) AS b0
INNER JOIN "Accounts" AS a ON b0."AuthorId" = a."Username"
ORDER BY b0."PublishedAt" DESC
2026-06-28 23:17:48.608 +07:00 [INF] Executing OkObjectResult, writing value of type 'BlogApp.DTOs.BlogPageRespDTO'.
2026-06-28 23:17:48.608 +07:00 [INF] Executed action BlogApp.Controllers.BlogController.SearchBlogs (BlogApp) in 2918.1286ms
2026-06-28 23:17:48.608 +07:00 [INF] Executed endpoint 'BlogApp.Controllers.BlogController.SearchBlogs (BlogApp)'
2026-06-28 23:17:48.609 +07:00 [INF] HTTP POST /api/blog/search responded 200 in 2919.7712 ms
2026-06-28 23:17:48.609 +07:00 [INF] Request finished HTTP/1.1 POST http://localhost:5059/api/blog/search - 200 null application/json; charset=utf-8 2920.7329ms
